entity,year,population,births,deaths,child_deaths_under_5,birth_rate_per_1000,death_rate_per_1000,under5_deaths_per_1000_births_same_year
Afghanistan,2000,20130334.0,1036525.0,253804.0,133112,51.49070055171464,12.608037203953,128.42140807023466
Afghanistan,2001,20284303.0,1006562.0,242473.0,125627,49.62270579373617,11.953725991965314,124.80800983943364
Afghanistan,2002,21378123.0,1015202.0,239161.0,123215,47.48789217837319,11.187184206957738,121.36993425938877
Afghanistan,2003,22733053.0,1069727.0,243573.0,123894,47.05602014828364,10.714486963101699,115.81833495835853
Afghanistan,2004,23560656.0,1095372.0,244435.0,122315,46.49157476769747,10.374711128586572,111.66526075159855
Afghanistan,2005,24404575.0,1097038.0,241932.0,118420,44.95214524325869,9.913387141550304,107.9452124721295
Afghanistan,2006,25424100.0,1120880.0,245586.0,116622,44.087302992042986,9.659574970205435,104.04503604310898
Afghanistan,2007,25909852.0,1135656.0,245809.0,112800,43.83104928580835,9.48708622496184,99.32585219467867
Afghanistan,2008,26482631.0,1126525.0,235284.0,106511,42.53825837772689,8.884464689327885,94.54827899957834
Afghanistan,2009,27466102.0,1158017.0,237450.0,106480,42.16167987725378,8.645202002089702,91.95029088519425
Afghanistan,2010,28284088.0,1181113.0,237640.0,104547,41.75892112908148,8.40189720806978,88.51566276893067
Afghanistan,2011,29347708.0,1202456.0,235724.0,101679,40.9727396769792,8.0321093558652,84.55943502298628
Afghanistan,2012,30560036.0,1243843.0,239042.0,101123,40.70162090123193,7.822045759370179,81.2988455938571
Afghanistan,2013,31622709.0,1274030.0,240239.0,99706,40.288452200600524,7.597040468607544,78.26032354026201
Afghanistan,2014,32792528.0,1300107.0,246289.0,99854,39.64644018905771,7.51052190913735,76.80444763392552
Afghanistan,2015,33831767.0,1331758.0,254689.0,100282,39.36412780331574,7.528102212337889,75.30046750235402
Afghanistan,2016,34700613.0,1344010.0,254007.0,97785,38.731592436133624,7.3199571431202095,72.75615508813178
Afghanistan,2017,35688941.0,1362270.0,261084.0,90851,38.17064787660693,7.315543490068815,66.69089093938793
Afghanistan,2018,36743040.0,1382424.0,267164.0,89077,37.62410513664629,7.2711457734580485,64.4353685989248
Afghanistan,2019,37856125.0,1405919.0,267421.0,88750,37.138481553513465,7.064140875485803,63.125969561546576
Afghanistan,2020,39068977.0,1429983.0,295555.0,88718,36.60149586204932,7.564953645958019,62.0412969944398
Afghanistan,2021,40000410.0,1453685.0,320101.0,88173,36.3417524970369,8.002442974959507,60.654818616137604
Afghanistan,2022,40578847.0,1462654.0,243197.0,83784,36.04474025592694,5.993196405999411,57.28217336430899
Africa (UN),2000,830582526.0,32158304.0,10651154.0,4314499,38.71777095392445,12.823715484715121,134.1643825495275
Africa (UN),2001,851690089.0,32815218.0,10738954.0,4254290,38.52952901979818,12.608992565134805,129.64381342826977
Africa (UN),2002,873411062.0,33443532.0,10804551.0,4193248,38.290712649572555,12.370522277630599,125.38292905187168
Africa (UN),2003,895734228.0,34164896.0,10843665.0,4121997,38.141777920314105,12.105895544721777,120.65006725031448
Africa (UN),2004,918778214.0,34946956.0,10861010.0,4055844,38.03633506703937,11.821144466100717,116.05714672259295
Africa (UN),2005,942546385.0,35809370.0,10883100.0,3984747,37.99215674674727,11.546487444222706,111.27665747819634
Africa (UN),2006,966932140.0,36596956.0,10847489.0,3900271,37.84852575073159,11.218459446388865,106.57364508676623
Africa (UN),2007,992055603.0,37359280.0,10804674.0,3822680,37.65845370665177,10.891198000723353,102.32210042591828
Africa (UN),2008,1018065280.0,38223064.0,10781947.0,3759256,37.54480655700193,10.590624404753298,98.35046190959469
Africa (UN),2009,1044777531.0,38935470.0,11007540.0,3757510,37.26675664888509,10.535774050829966,96.50609071882272
Africa (UN),2010,1072216494.0,39685492.0,10752995.0,3638852,37.01257369390924,10.028753577446833,91.69224864340852
Africa (UN),2011,1100148604.0,40356070.0,10943361.0,3688771,36.6823807740795,9.947166192104715,91.40560515431756
Africa (UN),2012,1128843458.0,41002060.0,10742252.0,3511238,36.32218418720729,9.516157376712192,85.63564855034113
Africa (UN),2013,1158780293.0,41586184.0,10760333.0,3439662,35.88789371998752,9.285913011294195,82.71165250459144
Africa (UN),2014,1189220342.0,42195588.0,10926822.0,3442423,35.48172404201946,9.188223253584406,81.58253417395203
Africa (UN),2015,1220075491.0,42660670.0,10984982.0,3401450,34.965598698351364,9.003526487526171,79.73269055549291
Africa (UN),2016,1251208462.0,42958896.0,11040754.0,3346972,34.33392380621544,8.82407235509889,77.91103384034822
Africa (UN),2017,1282902113.0,43403064.0,11130820.0,3313954,33.83193741766018,8.676281601852814,76.35299664558244
Africa (UN),2018,1315409772.0,43626296.0,11010347.0,3175425,33.16555565317786,8.370279158911403,72.78694941234525
Africa (UN),2019,1348005494.0,43965812.0,11121028.0,3121268,32.61545460733856,8.249987147307577,70.99307070684831
Africa (UN),2020,1380821169.0,44373656.0,11532418.0,3030315,32.13570083962118,8.351854866442883,68.29085707970513
Africa (UN),2021,1413753046.0,44892536.0,12097038.0,2999257,31.75415687132673,8.556683951434612,66.80970306511533
Africa (UN),2022,1446883650.0,45469230.0,11628157.0,3035356,31.425629835543443,8.036691132697504,66.75626572079624
Albania,2000,3166147.0,55449.0,17793.0,1508,17.51308451565894,5.619764338168759,27.19616223917474
Albania,2001,3147943.0,52243.0,17710.0,1358,16.595916762152303,5.625896021624279,25.993913060122885
Albania,2002,3134095.0,48844.0,17835.0,1207,15.584722224437996,5.690637967260086,24.711325853738433
Albania,2003,3118093.0,48693.0,18013.0,1115,15.616275717241276,5.776928398222888,22.898568582753168
Albania,2004,3098662.0,45549.0,17924.0,980,14.69957033067821,5.78443211941154,21.51529122483479
Albania,2005,3076156.0,42642.0,17729.0,859,13.862105822981668,5.76336180609826,20.14445851507903
Albania,2006,3050805.0,39589.0,17433.0,742,12.976575035113683,5.714229523027528,18.742580009598626
Albania,2007,3022887.0,37603.0,16958.0,653,12.439432899741208,5.609868976246879,17.36563572055421
Albania,2008,2992933.0,36542.0,16707.0,582,12.209428009247116,5.582149683938798,15.926878660171857
Albania,2009,2961487.0,36502.0,16943.0,531,12.325564826048536,5.721112400628468,14.54714810147389
Albania,2010,2928731.0,36236.0,17734.0,483,12.372594137187745,6.055182261532384,13.3292857931339
Albania,2011,2911499.0,36120.0,18518.0,446,12.405980561902991,6.360297564931329,12.347729789590254
Albania,2012,2910003.0,37445.0,19584.0,430,12.867684328847771,6.729889969185599,11.483509146748563
Albania,2013,2907571.0,38198.0,20412.0,413,13.137426394746681,7.020292883647554,10.812084402324729
Albania,2014,2903748.0,37956.0,21010.0,395,13.071382227383369,7.2354763567637415,10.406786805775107
Albania,2015,2898634.0,36033.0,21000.0,365,12.431027856569681,7.244791857129945,10.129603419088058
Albania,2016,2897868.0,34407.0,21126.0,342,11.873211616264095,7.29018713067676,9.939837823698667
Albania,2017,2898245.0,33086.0,21372.0,323,11.415874089319571,7.374117785073381,9.762437284652119
Albania,2018,2894229.0,31542.0,21344.0,307,10.8982392201861,7.374675604452861,9.733054340244752
Albania,2019,2885011.0,31033.0,21559.0,301,10.75663143052141,7.472761802294688,9.699352302387782
Albania,2020,2871950.0,30258.0,26072.0,290,10.535698741273352,9.078152474799351,9.584242183885253
Albania,2021,2849641.0,29955.0,29245.0,284,10.51185044010807,10.262696248404623,9.480887998664663
Albania,2022,2827614.0,29139.0,24626.0,292,10.305154805429595,8.70910951777718,10.02093414324445
Algeria,2000,30903894.0,604906.0,157897.0,25280,19.57377927843009,5.109291405154314,41.791617209946665
Algeria,2001,31331226.0,607972.0,157331.0,24765,19.4046667691842,5.0215398529250015,40.733783792674664
Algeria,2002,31750832.0,606306.0,154929.0,23339,19.095751569596665,4.87952567668148,38.49376387500701
Algeria,2003,32175813.0,631106.0,156843.0,23305,19.61429847941993,4.874562143930909,36.92723567831711
Algeria,2004,32628286.0,663545.0,154796.0,22972,20.336495763216003,4.744227140831118,34.620108658794805
Algeria,2005,33109258.0,699801.0,156629.0,23105,21.136112443232644,4.730670799085863,33.0165289846685
Algeria,2006,33623505.0,739665.0,158850.0,23346,21.998450191317055,4.724373618990644,31.56293727565858
Algeria,2007,34189420.0,782007.0,161813.0,23735,22.872777601959907,4.732838404395278,30.351390716451387
Algeria,2008,34816963.0,826387.0,164346.0,24143,23.735183335778025,4.720285339074519,29.215125600959357
Algeria,2009,35490442.0,858476.0,167001.0,24301,24.188935150483612,4.70552043279709,28.307139628830626
Algeria,2010,36188237.0,888644.0,169289.0,24433,24.556156189648032,4.678011808091121,27.494699789792087
Algeria,2011,36903374.0,913717.0,171899.0,24551,24.759714382755355,4.65808356710148,26.869369837706863
Algeria,2012,37646165.0,965845.0,175212.0,25245,25.65586693890334,4.654179250396422,26.137734315547526
Algeria,2013,38414176.0,980492.0,178301.0,25272,25.52422314095713,4.641541705853589,25.77481509283095
Algeria,2014,39205035.0,1021803.0,182163.0,25780,26.06305542132535,4.646418502113313,25.229912223784822
Algeria,2015,40019528.0,1032935.0,185878.0,25777,25.810774180045303,4.644682466020089,24.955103660927357
Algeria,2016,40850719.0,1039209.0,189812.0,25593,25.439185048370874,4.646478804938537,24.627384866759236
Algeria,2017,41689302.0,1042868.0,194263.0,25299,25.01524251953175,4.659780583517565,24.259062508390326
Algeria,2018,42505033.0,1022803.0,198389.0,24505,24.063103303554662,4.6674237377959455,23.958670438002237
Algeria,2019,43294551.0,1012181.0,202652.0,23759,23.37894669470068,4.680773799917685,23.47307447976202
Algeria,2020,44042094.0,987851.0,263726.0,22755,22.429701003771527,5.988044074380296,23.034850397478973
Algeria,2021,44761099.0,957511.0,222033.0,21608,21.3915882628351,4.960400994622585,22.56684257413231
Algeria,2022,45477391.0,931867.0,209276.0,20523,20.490775295355004,4.601759146649376,22.02352910876767
American Samoa,2000,56877.0,1662.0,248.0,23,29.220950472071312,4.360286231692952,13.838748495788208
American Samoa,2001,57072.0,1643.0,254.0,23,28.788197364732266,4.450518643117466,13.99878271454656
American Samoa,2002,57081.0,1624.0,253.0,22,28.450797988822902,4.432297962544455,13.546798029556651
American Samoa,2003,56988.0,1624.0,255.0,23,28.497227486488384,4.474626237102548,14.16256157635468
American Samoa,2004,56841.0,1618.0,253.0,20,28.465368308087474,4.451012473390686,12.360939431396785
American Samoa,2005,56638.0,1561.0,256.0,19,27.561001447791238,4.519933613475052,12.171684817424728
American Samoa,2006,56391.0,1467.0,262.0,18,26.014789594084164,4.646131474880743,12.269938650306749
American Samoa,2007,56134.0,1374.0,263.0,17,24.477143976912387,4.685217515231411,12.372634643377001
American Samoa,2008,55848.0,1319.0,266.0,16,23.617676550637444,4.762927947285489,12.130401819560273
American Samoa,2009,55542.0,1276.0,301.0,23,22.973605559756578,5.4193223146447735,18.025078369905955
American Samoa,2010,55246.0,1235.0,267.0,15,22.35455960612533,4.832929080838432,12.145748987854251
American Samoa,2011,54917.0,1196.0,268.0,15,21.77832001019721,4.880091774860244,12.54180602006689
American Samoa,2012,54506.0,1159.0,278.0,14,21.263714086522583,5.100355924118446,12.079378774805868
American Samoa,2013,54026.0,1120.0,284.0,14,20.730759264058047,5.256728241957576,12.5
American Samoa,2014,53489.0,1086.0,287.0,12,20.303239918487915,5.365589186561723,11.049723756906078
American Samoa,2015,52896.0,1048.0,293.0,12,19.812462189957653,5.539171203871748,11.450381679389313
American Samoa,2016,52260.0,1000.0,301.0,11,19.135093761959432,5.75966322234979,11.0
American Samoa,2017,51605.0,939.0,302.0,10,18.19591124890999,5.8521461098730745,10.649627263045794
American Samoa,2018,50927.0,876.0,304.0,10,17.201091758791996,5.96932864688672,11.415525114155251
American Samoa,2019,50230.0,819.0,308.0,9,16.304997013736813,6.131793748755724,10.989010989010989
American Samoa,2020,49779.0,779.0,315.0,9,15.649169328431668,6.327969625745796,11.553273427471117
American Samoa,2021,49249.0,770.0,320.0,9,15.63483522508071,6.4975938597738025,11.688311688311689
American Samoa,2022,48365.0,750.0,331.0,7,15.507081567249044,6.843791998345911,9.333333333333334
Andorra,2000,65703.0,758.0,405.0,5,11.536763922499732,6.164102095794712,6.596306068601583
Andorra,2001,65874.0,751.0,412.0,5,11.40055257005799,6.254364392628351,6.657789613848202
Andorra,2002,66528.0,713.0,424.0,4,10.717291967291967,6.373256373256374,5.610098176718092
Andorra,2003,69507.0,663.0,440.0,4,9.538607622253874,6.330297667860791,6.033182503770739
Andorra,2004,74342.0,762.0,462.0,5,10.249926017594362,6.214522073659573,6.561679790026247
Andorra,2005,77436.0,813.0,469.0,5,10.498992716565938,6.056614494550338,6.150061500615006
Andorra,2006,79609.0,835.0,464.0,5,10.488763833234936,5.828486728887437,5.9880239520958085
Andorra,2007,81901.0,822.0,474.0,4,10.036507490751028,5.787475122403878,4.866180048661801
Andorra,2008,83513.0,873.0,484.0,5,10.453462335205298,5.7955048914540255,5.727376861397479
Andorra,2009,83907.0,847.0,501.0,4,10.094509397308926,5.970896349529836,4.7225501770956315
Andorra,2010,80727.0,867.0,502.0,4,10.73990114831469,6.218489476878863,4.61361014994233
Andorra,2011,77801.0,814.0,461.0,4,10.462590455135537,5.925373709849487,4.914004914004914
Andorra,2012,76858.0,782.0,458.0,4,10.174607718129538,5.959041348981238,5.115089514066496
Andorra,2013,75220.0,679.0,440.0,3,9.026854559957458,5.849508109545334,4.418262150220913
Andorra,2014,73755.0,662.0,423.0,3,8.975662666937835,5.735204392922514,4.531722054380665
Andorra,2015,72195.0,659.0,406.0,3,9.128055959553986,5.623658148071196,4.552352048558422
Andorra,2016,72197.0,609.0,387.0,3,8.435253542390958,5.360333531864205,4.926108374384237
Andorra,2017,73780.0,578.0,398.0,3,7.8341013824884795,5.394415830848469,5.190311418685121
Andorra,2018,75181.0,538.0,409.0,3,7.156063367074128,5.440204306939253,5.5762081784386615
Andorra,2019,76492.0,535.0,419.0,3,6.994195471421848,5.47769701406683,5.607476635514018
Andorra,2020,77397.0,529.0,639.0,3,6.83489024122382,8.25613395868057,5.671077504725898
Andorra,2021,78379.0,535.0,541.0,3,6.825807933247426,6.902359050255808,5.607476635514018
Andorra,2022,79722.0,546.0,468.0,3,6.84879957853541,5.870399638744638,5.4945054945054945
Angola,2000,16194873.0,758786.0,292798.0,151820,46.85347023097989,18.079672498821076,200.08276378320105
Angola,2001,16747204.0,783280.0,294847.0,149715,46.77079230658443,17.60574481567192,191.1385456031049
Angola,2002,17327701.0,808608.0,295803.0,151157,46.665625174395615,17.071104816501624,186.9348312161146
Angola,2003,17943718.0,835292.0,279186.0,145036,46.55066469502028,15.558982815044239,173.6350880889557
Angola,2004,18600426.0,864172.0,278230.0,143134,46.459796135851946,14.958259558141302,165.63137893845206
Angola,2005,19291160.0,893986.0,276048.0,140566,46.34174409418614,14.30955940441114,157.2351244874081
Angola,2006,20015281.0,923158.0,275345.0,138137,46.12265998164103,13.756739163442171,149.63527370179318
Angola,2007,20778570.0,952444.0,269704.0,133633,45.837803082695295,12.97991151460375,140.30536178504983
Angola,2008,21578656.0,981972.0,265457.0,129335,45.50663396274541,12.301831958394443,131.7094581108219
Angola,2009,22414775.0,1012585.0,262303.0,124995,45.1748902230783,11.7022365827897,123.44148886266339
Angola,2010,23294822.0,1040378.0,258053.0,120632,44.66134147751805,11.077697867792251,115.95016426721826
Angola,2011,24218358.0,1068908.0,255396.0,116452,44.13627051016423,10.54555391410103,108.94482967664196
Angola,2012,25177398.0,1097985.0,252859.0,112262,43.60994730273558,10.043095001318246,102.24365542334367
Angola,2013,26165616.0,1126819.0,250613.0,108498,43.064875675008,9.577951461184785,96.28698131643146
Angola,2014,27160767.0,1154406.0,249319.0,105268,42.50270251940971,9.179379949027213,91.18802223827666
Angola,2015,28157802.0,1178313.0,248044.0,102388,41.846767727111654,8.809068264632304,86.8937200896536
Angola,2016,29183072.0,1201836.0,247352.0,99655,41.18264177260023,8.475872588053786,82.91896731334391
Angola,2017,30234836.0,1227383.0,247681.0,97246,40.59499446267874,8.191908168445167,79.23036248668916
Angola,2018,31297160.0,1253674.0,248109.0,95339,40.05711700358754,7.927524414355807,76.0476806570129
Angola,2019,32375633.0,1280086.0,249320.0,93652,39.5385628444701,7.70085329296882,73.16070951482948
Angola,2020,33451139.0,1308853.0,255168.0,92110,39.127307443851166,7.628081064743416,70.37459516080109
Angola,2021,34532427.0,1335364.0,263101.0,90760,38.66985659594676,7.618954787046969,67.96648704023772
Angola,2022,35635028.0,1357751.0,252903.0,89116,38.10158364404821,7.097033851074847,65.6350096593558
Anguilla,2000,11196.0,173.0,58.0,2,15.451947123972849,5.180421579135405,11.560693641618496
Anguilla,2001,11497.0,187.0,61.0,2,16.2651126380795,5.305731930068713,10.695187165775401
Anguilla,2002,11714.0,166.0,64.0,2,14.171077343349838,5.463547891411986,12.048192771084338
Anguilla,2003,11903.0,160.0,67.0,2,13.441989414433337,5.628833067293959,12.5
Anguilla,2004,12092.0,160.0,67.0,1,13.231888852133642,5.540853456830963,6.25
Anguilla,2005,12290.0,155.0,69.0,1,12.611879576891782,5.614320585842148,6.451612903225806
Anguilla,2006,12493.0,152.0,66.0,1,12.166813415512687,5.282958456735773,6.578947368421052
Anguilla,2007,12697.0,157.0,67.0,1,12.365125620225252,5.276837048121603,6.369426751592357
Anguilla,2008,12911.0,164.0,67.0,1,12.70234683603129,5.1893734025249785,6.097560975609756
Anguilla,2009,13138.0,169.0,67.0,1,12.863449535697974,5.099710762673162,5.9171597633136095
Anguilla,2010,13372.0,171.0,67.0,1,12.78791504636554,5.010469638049655,5.847953216374268
Anguilla,2011,13593.0,171.0,71.0,1,12.580004414036637,5.223276686529832,5.847953216374268
Anguilla,2012,13401.0,170.0,69.0,1,12.685620476083873,5.14886948735169,5.88235294117647
Anguilla,2013,13272.0,143.0,71.0,1,10.774562989752862,5.349608197709464,6.993006993006993
Anguilla,2014,13748.0,143.0,72.0,1,10.401512947337794,5.23712540005819,6.993006993006993
Anguilla,2015,14235.0,150.0,73.0,1,10.53740779768177,5.128205128205129,6.666666666666667
Anguilla,2016,14344.0,154.0,74.0,1,10.736196319018406,5.158951477969882,6.493506493506494
Anguilla,2017,14450.0,147.0,77.0,1,10.173010380622836,5.328719723183391,6.802721088435374
Anguilla,2018,14747.0,154.0,78.0,1,10.44280192581542,5.2892113650233945,6.493506493506494
Anguilla,2019,14845.0,158.0,78.0,1,10.643314247221285,5.254294375210509,6.329113924050633
Anguilla,2020,14864.0,153.0,79.0,1,10.293326157158235,5.314854682454252,6.5359477124183005
Anguilla,2021,14503.0,152.0,84.0,1,10.480590222712543,5.791905123077983,6.578947368421052
Anguilla,2022,14202.0,126.0,91.0,1,8.871989860583017,6.40754823264329,7.936507936507936
Antigua and Barbuda,2000,74929.0,1477.0,464.0,21,19.711994021006554,6.192528927384591,14.218009478672984
Antigua and Barbuda,2001,76082.0,1367.0,464.0,21,17.967456165715937,6.098682999921137,15.362106803218726
Antigua and Barbuda,2002,77049.0,1318.0,473.0,19,17.10599748212177,6.138950537969344,14.415781487101668
Antigua and Barbuda,2003,77896.0,1281.0,489.0,18,16.445003594536306,6.2776009037691285,14.05152224824356
Antigua and Barbuda,2004,78734.0,1255.0,498.0,18,15.939746488175377,6.3250946223994715,14.342629482071713
Antigua and Barbuda,2005,79628.0,1243.0,500.0,17,15.610086904104083,6.279198271964636,13.676588897827836
Antigua and Barbuda,2006,80619.0,1246.0,501.0,17,15.455413736216029,6.214415956536301,13.643659711075442
Antigua and Barbuda,2007,81716.0,1274.0,498.0,16,15.590582015761909,6.094277742424984,12.558869701726845
Antigua and Barbuda,2008,82926.0,1409.0,495.0,17,16.991052263463814,5.969177338832212,12.065294535131299
Antigua and Barbuda,2009,84193.0,1395.0,491.0,17,16.56907343840937,5.831838751440143,12.186379928315413
Antigua and Barbuda,2010,85337.0,1251.0,487.0,15,14.659526348477213,5.706786036537493,11.990407673860911
Antigua and Barbuda,2011,86350.0,1231.0,489.0,15,14.255935147654892,5.662999420961205,12.185215272136475
Antigua and Barbuda,2012,87275.0,1174.0,490.0,15,13.451733027785734,5.614437124033228,12.776831345826235
Antigua and Barbuda,2013,88074.0,1095.0,505.0,14,12.432727025001704,5.733814746690283,12.785388127853881
Antigua and Barbuda,2014,88784.0,1093.0,529.0,13,12.310776716525499,5.958280771310146,11.893870082342177
Antigua and Barbuda,2015,89421.0,1125.0,543.0,12,12.58093736370651,6.072399100882343,10.666666666666666
Antigua and Barbuda,2016,89980.0,1049.0,551.0,11,11.658146254723272,6.123583018448544,10.486177311725452
Antigua and Barbuda,2017,90483.0,1067.0,562.0,11,11.792270371229955,6.211111479504437,10.309278350515465
Antigua and Barbuda,2018,90942.0,984.0,569.0,10,10.820083129906973,6.256735061907589,10.16260162601626
Antigua and Barbuda,2019,91377.0,1051.0,587.0,11,11.5018002341946,6.42393600140079,10.466222645099904
Antigua and Barbuda,2020,91864.0,1119.0,608.0,11,12.18105024819298,6.618479491422102,9.830205540661305
Antigua and Barbuda,2021,92358.0,1121.0,627.0,11,12.137551700989627,6.788800103943351,9.812667261373774
Antigua and Barbuda,2022,92850.0,1114.0,627.0,11,11.997845988152935,6.7528271405492735,9.874326750448832
Argentina,2000,37213986.0,719276.0,281698.0,15419,19.328109598364446,7.569680925875557,21.436833705003362
Argentina,2001,37624817.0,712599.0,282041.0,14743,18.93960042383728,7.496142771936937,20.689055134795304
Argentina,2002,38029345.0,711232.0,286385.0,14168,18.702189059527583,7.530631936994971,19.920363538198508
Argentina,2003,38424283.0,707388.0,297255.0,13606,18.409920622331455,7.736123534172388,19.234140245522966
Argentina,2004,38815915.0,710123.0,292159.0,13144,18.294635074298775,7.526783794739864,18.509469486272096
Argentina,2005,39216786.0,717902.0,289666.0,12781,18.305987645188463,7.386275866665871,17.803265626784714
Argentina,2006,39622113.0,719581.0,294993.0,12421,18.161096052600726,7.445160736379708,17.26143408455754
Argentina,2007,40016767.0,718989.0,316077.0,12019,17.96719360162204,7.898614098435288,16.716528347443422
Argentina,2008,40424151.0,746330.0,303862.0,11966,18.4624780369537,7.516843087193099,16.03312207736524
Argentina,2009,40854832.0,744841.0,305535.0,11631,18.2314052839576,7.478552353366672,15.615413222419281
Argentina,2010,41288694.0,756144.0,314838.0,11396,18.313584827846576,7.6252835703643225,15.071203368670517
Argentina,2011,41730655.0,758343.0,309603.0,11064,18.17232439797554,7.419078372961076,14.589704131244043
Argentina,2012,42161718.0,736973.0,325443.0,10553,17.479671962133988,7.718921700486684,14.319384834993954
Argentina,2013,42582453.0,752967.0,331275.0,10363,17.682565163636767,7.779612884208432,13.762887350972884
Argentina,2014,43024071.0,775263.0,324792.0,10266,18.0192850648652,7.549076422823865,13.241957890419123
Argentina,2015,43477011.0,768023.0,323877.0,9888,17.665036816813373,7.4493851474748345,12.87461443211987
Argentina,2016,43900312.0,737028.0,345259.0,9310,16.788673392571788,7.864613809578391,12.631813173990677
Argentina,2017,44288898.0,715490.0,340236.0,8818,16.155064413659602,7.682196111540188,12.32442102614991
Argentina,2018,44654876.0,684660.0,338605.0,8246,15.332256213184872,7.58271056446333,12.043934215523032
Argentina,2019,44973469.0,625199.0,345233.0,7433,13.901507130793044,7.676370261764775,11.889014537771173
Argentina,2020,45191960.0,533228.0,381888.0,6322,11.799178437934534,8.450352673351631,11.856091578086671
Argentina,2021,45312282.0,529339.0,440648.0,5933,11.68202034053372,9.724692303071384,11.20831829885952
Argentina,2022,45407904.0,496115.0,399469.0,5439,10.925741033983863,8.797345061335577,10.963183939207644
Armenia,2000,3125630.0,36509.0,25625.0,1148,11.680525206118446,8.198347213201819,31.444301405132983
Armenia,2001,3084350.0,36183.0,25533.0,1073,11.731158915168512,8.278243390017346,29.654810270016306
Armenia,2002,3055636.0,36623.0,25613.0,1014,11.985393548184405,8.382215682758025,27.68751877235617
Armenia,2003,3038976.0,39015.0,25941.0,1015,12.838206027293404,8.536099001769017,26.015635012174805
Armenia,2004,3022544.0,40115.0,26319.0,997,13.271932517773108,8.70756554743289,24.853546055091613
Armenia,2005,3006360.0,40615.0,26749.0,962,13.509692784629918,8.89747069545896,23.68583035824203
Armenia,2006,2990371.0,41224.0,27193.0,930,13.785580451388807,9.09352050297438,22.559673976324472
Armenia,2007,2974825.0,42358.0,27611.0,908,14.23882077096972,9.281554377148236,21.43632843854762
Armenia,2008,2959996.0,43279.0,27974.0,882,14.621303542302083,9.45068844687628,20.37939878462996
Armenia,2009,2945518.0,44096.0,28251.0,856,14.9705416840094,9.59118226403641,19.412191582002905
Armenia,2010,2931083.0,44082.0,28433.0,815,15.039492228640404,9.700510016263612,18.488271856993787
Armenia,2011,2923269.0,44589.0,28552.0,784,15.253129287793904,9.76714766927026,17.582811904281325
Armenia,2012,2922529.0,45208.0,28642.0,757,15.468794321630341,9.800416009558845,16.74482392496903
Armenia,2013,2922526.0,45139.0,28674.0,721,15.445200487523463,9.811375501877485,15.972883759055364
Armenia,2014,2922433.0,44017.0,28676.0,675,15.06176531677544,9.812372088598782,15.334984210645887
Armenia,2015,2921179.0,41785.0,28646.0,615,14.304155958946712,9.80631450520492,14.718200311116428
Armenia,2016,2918796.0,40595.0,28585.0,567,13.908131983187587,9.79342167112741,13.967237344500553
Armenia,2017,2914966.0,37703.0,28497.0,508,12.934284653748964,9.776100304428937,13.473728880990903
Armenia,2018,2909971.0,36526.0,28431.0,465,12.552015123174767,9.770200459042375,12.730657613754586
Armenia,2019,2903975.0,35809.0,28432.0,433,12.331029020566637,9.790717895298686,12.091932195816694
Armenia,2020,2890893.0,34929.0,41088.0,402,12.082425741803657,14.212909298268736,11.50906123851241
Armenia,2021,2870339.0,35635.0,38072.0,386,12.414909876498909,13.263938510398946,10.832047144661148
Armenia,2022,2880880.0,34510.0,29563.0,356,11.9789786454139,10.261795007081169,10.315850478122282
Aruba,2000,88772.0,1229.0,572.0,27,13.844455458928492,6.443473167214887,21.969080553295363
Aruba,2001,90320.0,1217.0,582.0,26,13.474313551815767,6.443755535872453,21.364009860312244
Aruba,2002,91393.0,1200.0,597.0,26,13.130108432812142,6.53222894532404,21.666666666666668
Aruba,2003,92324.0,1192.0,608.0,25,12.911052380746067,6.585503227763096,20.973154362416107
Aruba,2004,93223.0,1187.0,624.0,25,12.732909260590198,6.6936271091897925,21.061499578770007
Aruba,2005,94239.0,1196.0,644.0,25,12.691136366048028,6.833688812487399,20.903010033444815
Aruba,2006,95403.0,1208.0,661.0,25,12.662075616070775,6.928503296542037,20.695364238410598
Aruba,2007,96604.0,1216.0,673.0,24,12.587470498116021,6.966585234565856,19.736842105263158
Aruba,2008,97815.0,1214.0,697.0,24,12.411184378674028,7.125696467821909,19.769357495881383
Aruba,2009,99040.0,1193.0,711.0,23,12.045638126009694,7.17891760904685,19.279128248114
Aruba,2010,100127.0,1169.0,720.0,23,11.675172530885776,7.190867598150349,19.674935842600515
Aruba,2011,100995.0,1177.0,729.0,21,11.654042279320759,7.218179117778107,17.84197111299915
Aruba,2012,101774.0,1226.0,748.0,22,12.04629866174072,7.3496177805726415,17.94453507340946
Aruba,2013,102570.0,1264.0,765.0,22,12.323291410743881,7.458321146534074,17.40506329113924
Aruba,2014,103381.0,1276.0,790.0,22,12.342693531693445,7.641636277459107,17.241379310344826
Aruba,2015,104200.0,1253.0,815.0,21,12.024952015355087,7.821497120921304,16.75977653631285
Aruba,2016,104989.0,1224.0,844.0,21,11.658364209583862,8.038937412490833,17.156862745098042
Aruba,2017,105737.0,1180.0,879.0,20,11.159764320909426,8.313078676338462,16.949152542372882
Aruba,2018,106447.0,1139.0,894.0,19,10.700160643324846,8.398545755164543,16.681299385425813
Aruba,2019,107089.0,1109.0,925.0,18,10.355872218435133,8.637675204736247,16.230838593327324
Aruba,2020,107411.0,1073.0,1032.0,18,9.989665862900447,9.607954492556628,16.775396085740912
Aruba,2021,107565.0,1042.0,1265.0,17,9.68716589968856,11.760330962673732,16.314779270633395
Aruba,2022,107792.0,1032.0,1009.0,16,9.573994359507198,9.360620454208105,15.503875968992247
Asia (UN),2000,3747780310.0,79826536.0,27130318.0,5345783,21.29968391877271,7.239036377775302,66.96749311532194
Asia (UN),2001,3798918119.0,79003560.0,27202096.0,5119805,20.796331356780158,7.160484945424537,64.80473791307632
Asia (UN),2002,3848340930.0,78452900.0,27270506.0,4885515,20.38616157638611,7.086301992479653,62.2732238068956
Asia (UN),2003,3896798913.0,77962056.0,27380330.0,4632438,20.006692092813157,7.026364616520822,59.41913589349157
Asia (UN),2004,3945396132.0,77983530.0,27753292.0,4450558,19.76570346574264,7.034348661443865,57.07048655017284
Asia (UN),2005,3993926580.0,77710870.0,27788372.0,4210453,19.45726052881022,6.957657193588171,54.181004536431004
Asia (UN),2006,4042825703.0,78032650.0,27924798.0,4000201,19.301512291785286,6.9072475667893025,51.26316996795572
Asia (UN),2007,4091636908.0,78518800.0,28083034.0,3821240,19.190070322828362,6.863520549707584,48.66656138402522
Asia (UN),2008,4140358383.0,79234200.0,28570672.0,3695631,19.137039036362086,6.9005311514358345,46.6418667696525
Asia (UN),2009,4189938668.0,79820120.0,28546010.0,3514187,19.050426825961356,6.812989941360163,44.02633070458927
Asia (UN),2010,4239822664.0,79595720.0,28724380.0,3352192,18.7733606586523,6.774901281578696,42.11522931132478
Asia (UN),2011,4289496399.0,79627260.0,29048148.0,3196161,18.563312005242224,6.771925022893579,40.139030276817266
Asia (UN),2012,4339608811.0,81133570.0,29292630.0,3067396,18.69605615011735,6.750062338741067,37.80674263439905
Asia (UN),2013,4388941156.0,79733360.0,29539360.0,2909659,18.166878334880096,6.7304069364469745,36.492366557736936
Asia (UN),2014,4436946289.0,79331656.0,29778932.0,2743207,17.879787320544686,6.7115827103490995,34.57897059403374
Asia (UN),2015,4483307895.0,78112184.0,30130498.0,2605972,17.422890827354163,6.720595307229061,33.361914448583335
Asia (UN),2016,4528415184.0,78603860.0,30488536.0,2477987,17.357918125026764,6.732716582110992,31.525003988353756
Asia (UN),2017,4572478814.0,77407240.0,31022632.0,2336313,16.928944484771538,6.78464204252079,30.182099245496932
Asia (UN),2018,4613623510.0,74269650.0,31192992.0,2213891,16.097900021321852,6.761061437368998,29.808825004561083
Asia (UN),2019,4652385287.0,72705330.0,31579544.0,2096128,15.6275384592841,6.7878178723163005,28.83045850971311
Asia (UN),2020,4688113368.0,69047896.0,33854150.0,1974079,14.728290589409655,7.221273749709374,28.589994979716685
Asia (UN),2021,4718316369.0,67363900.0,38304908.0,1875974,14.277105376525887,8.118342434955956,27.848357948396693
Asia (UN),2022,4747661026.0,66247784.0,33349916.0,1793970,13.95377294992248,7.024493917607672,27.079698243189537
Australia,2000,19132472.0,249532.0,129228.0,1551,13.04232929231518,6.754380719856797,6.2156356699741915
Australia,2001,19365438.0,246155.0,129266.0,1527,12.711047382455279,6.6750878549713155,6.203408421523024
Australia,2002,19595356.0,250488.0,133937.0,1517,12.783028795190043,6.835139917845841,6.056178339880553
Australia,2003,19819449.0,251074.0,132706.0,1485,12.668061559128105,6.695746183458481,5.914590917418769
Australia,2004,20046679.0,254798.0,133214.0,1461,12.71023494714511,6.645190457731178,5.733953955682541
Australia,2005,20294490.0,265050.0,132447.0,1582,13.060195156419304,6.526254170466959,5.968685153744577
Australia,2006,20590566.0,271597.0,135419.0,1518,13.190361061468636,6.57674976006002,5.589163356001723
Australia,2007,20954545.0,290455.0,140516.0,1460,13.861193359244975,6.705752856957762,5.026596202509856
Australia,2008,21370595.0,299959.0,143452.0,1491,14.036062168601294,6.712588021063522,4.970679326174578
Australia,2009,21783014.0,299304.0,142352.0,1464,13.740247332164412,6.535000161134726,4.891347927191084
Australia,2010,22141583.0,301517.0,143711.0,1451,13.61768036187837,6.490547672223798,4.812332306304454
Australia,2011,22479779.0,301733.0,147557.0,1347,13.422418432138501,6.563988017853734,4.4642117368667
Australia,2012,22852648.0,308329.0,150207.0,1232,13.492046961034887,6.5728488007166606,3.995731831906827
Australia,2013,23236271.0,306983.0,149460.0,1333,13.211371136100109,6.4321852675930655,4.342259994853135
Australia,2014,23595599.0,300278.0,155139.0,1203,12.726017254319334,6.574912550429426,4.006287506910263
Australia,2015,23947997.0,305482.0,158346.0,1155,12.756056383337613,6.612076993328502,3.7809101681932162
Australia,2016,24329963.0,309657.0,159874.0,1151,12.727392968086306,6.571074522390354,3.717015924070827
Australia,2017,24731044.0,308126.0,165431.0,1223,12.459077748598078,6.68920406271567,3.969155475357484
Australia,2018,25119700.0,313988.0,160788.0,1151,12.499671572510819,6.400872621886408,3.6657451877141805
Australia,2019,25482714.0,305307.0,166044.0,1159,11.980945200734899,6.515946456880535,3.796178928095327
Australia,2020,25743787.0,295156.0,163849.0,1071,11.465135257683729,6.364603622613875,3.6285896271802027
Australia,2021,25956417.0,304162.0,171436.0,1172,11.718181288272568,6.60476366980851,3.853209802670945
Austria,2000,8012929.0,78059.0,77148.0,450,9.741631306105422,9.627940045394137,5.764870162313122
Austria,2001,8042233.0,75153.0,74939.0,436,9.344792671388657,9.318183146397276,5.8014982768485615
Austria,2002,8081640.0,77654.0,76441.0,386,9.608693285026305,9.458599987131324,4.970767764699823
Austria,2003,8122604.0,76261.0,77417.0,429,9.3887378973541,9.53105678917746,5.625417972489215
Austria,2004,8173496.0,78196.0,74621.0,405,9.567020036469094,9.129630699030134,5.179293058468464
Austria,2005,8229204.0,77610.0,75442.0,391,9.43104582168579,9.167593852333713,5.038010565648757
Austria,2006,8269901.0,77359.0,74605.0,349,9.354283684895382,9.021268815672643,4.5114337051926725
Austria,2007,8296948.0,75671.0,74720.0,332,9.120341600308933,9.005721139869745,4.3874139366468
Austria,2008,8323250.0,77099.0,75482.0,349,9.263088336887634,9.0688132640495,4.526647557037056
Austria,2009,8345073.0,75974.0,77593.0,354,9.104054572081036,9.298061263214834,4.659488772474794
Austria,2010,8365087.0,78318.0,77427.0,371,9.36248481336775,9.255970679085586,4.737097474399244
Austria,2011,8393272.0,77732.0,76722.0,334,9.261227325886734,9.140892848462435,4.296814696650028
Austria,2012,8431599.0,78433.0,79681.0,300,9.302268763018734,9.45028339227233,3.824920632896867
Austria,2013,8481411.0,78762.0,79643.0,300,9.286426515588031,9.390300741232798,3.8089433991010893
Austria,2014,8547812.0,81001.0,78406.0,299,9.476226196832593,9.172639735174334,3.69131245293268
Austria,2015,8644037.0,83579.0,83286.0,305,9.668977585357396,9.635081386162506,3.6492420344823464
Austria,2016,8737920.0,87159.0,80858.0,325,9.974799494616567,9.253689665275031,3.7288174485710024
Austria,2017,8798779.0,87349.0,83385.0,314,9.927400154044102,9.476883099348216,3.594774983113716
Austria,2018,8841653.0,85407.0,84396.0,273,9.659619078016295,9.545273943684512,3.1964593066142117
Austria,2019,8880876.0,84741.0,83683.0,318,9.541964103541137,9.422831711646463,3.752610896732396
Austria,2020,8921402.0,83467.0,84153.0,314,9.355816496106778,9.432710239937624,3.761965806845819
Austria,2021,8967053.0,85345.0,85122.0,285,9.517619668357039,9.492750851366663,3.3393871931571857
Austria,2022,9064678.0,82088.0,96596.0,317,9.055809814755694,10.656307924010099,3.8617093850501902
Azerbaijan,2000,8174784.0,124478.0,60664.0,9439,15.227068996563089,7.420868857207726,75.82866048619033
Azerbaijan,2001,8251776.0,117728.0,59763.0,8453,14.266989312361364,7.242440899995347,71.80110084262027
Azerbaijan,2002,8326141.0,118344.0,58903.0,7773,14.213547428514602,7.0744658299685295,65.68140336645712
Azerbaijan,2003,8400528.0,121350.0,60225.0,7336,14.445520567278628,7.169192222203176,60.453234445817884
Azerbaijan,2004,8489874.0,152824.0,61912.0,8025,18.000738291286773,7.292452161245267,52.51138564623358
Azerbaijan,2005,8597248.0,157436.0,63516.0,7992,18.312371586814756,7.387945537920972,50.763484844635286
Azerbaijan,2006,8711380.0,163981.0,62967.0,7862,18.823768450004476,7.228131478594666,47.94457894512169
Azerbaijan,2007,8828313.0,163293.0,64461.0,7464,18.496512300821234,7.301621498920575,45.70924656905073
Azerbaijan,2008,8942637.0,161318.0,63653.0,6979,18.039198057575188,7.1179228229883424,43.262376176248154
Azerbaijan,2009,9046336.0,157210.0,63412.0,6423,17.378306532058946,7.0096887844979445,40.85617963233891
Azerbaijan,2010,9146852.0,168827.0,63866.0,6285,18.45738839985604,6.9822929243853515,37.227457693378426
Azerbaijan,2011,9256156.0,175634.0,65063.0,6118,18.97483145271104,7.029159836977683,34.833802111208534
Azerbaijan,2012,9376179.0,191217.0,65391.0,6140,20.393915261216748,6.974162929270015,32.11011573238781
Azerbaijan,2013,9504417.0,191774.0,65420.0,5841,20.177355433794624,6.883115503034011,30.457726281977745
Azerbaijan,2014,9631136.0,188927.0,65188.0,5430,19.61627371890502,6.768464280849114,28.74125985168875
Azerbaijan,2015,9752859.0,182766.0,65234.0,4939,18.73973570211566,6.688705332456872,27.02362583850388
Azerbaijan,2016,9868434.0,173748.0,65872.0,4462,17.60644090034954,6.675020575706338,25.680871146718236
Azerbaijan,2017,9968510.0,166136.0,67200.0,3996,16.666081490613944,6.741228127373097,24.052583425627194
Azerbaijan,2018,10039782.0,159805.0,67313.0,3595,15.917178281361087,6.704627650281649,22.496167203779606
Azerbaijan,2019,10110483.0,153355.0,67285.0,3190,15.167920266519413,6.654973852386677,20.801408496625477
Azerbaijan,2020,10181736.0,142992.0,87997.0,2892,14.043970497761874,8.642632258388943,20.224907687143336
Azerbaijan,2021,10234372.0,135569.0,87423.0,2618,13.24644052414745,8.542097160431535,19.31119946300408
Azerbaijan,2022,10295307.0,129419.0,65873.0,2394,12.570679048230422,6.398352181241414,18.49805669955725
Bahamas,2000,323846.0,5587.0,2100.0,93,17.252027198112682,6.484563650624062,16.645784857705387
Bahamas,2001,327847.0,5503.0,2125.0,91,16.7852687381614,6.481682004105574,16.536434671997092
Bahamas,2002,331625.0,5405.0,2153.0,90,16.298529966076142,6.492272898605353,16.651248843663275
Bahamas,2003,335625.0,5378.0,2196.0,90,16.023836126629423,6.5430167597765365,16.7348456675344
Bahamas,2004,339794.0,5425.0,2259.0,92,15.965555601334925,6.648145641182599,16.95852534562212
Bahamas,2005,343905.0,5532.0,2312.0,92,16.085837658655734,6.722786816126546,16.630513376717282
Bahamas,2006,348386.0,5584.0,2378.0,91,16.028198607291912,6.825762229251462,16.296561604584525
Bahamas,2007,353343.0,5698.0,2449.0,92,16.125973912034482,6.93094245534792,16.146016146016148
Bahamas,2008,358133.0,5670.0,2537.0,91,15.832107066369197,7.08396042810911,16.049382716049383
Bahamas,2009,362806.0,5775.0,2610.0,90,15.917597834655437,7.193927333065054,15.584415584415584
Bahamas,2010,367482.0,5352.0,2697.0,84,14.563978643851945,7.339134978039741,15.695067264573991
Bahamas,2011,371738.0,5306.0,2742.0,81,14.273493697173816,7.37616278131372,15.265736901620807
Bahamas,2012,375474.0,5285.0,2799.0,79,14.07554184843691,7.454577414148516,14.947965941343426
Bahamas,2013,378957.0,5268.0,2835.0,77,13.901313341619232,7.481059856395317,14.616552771450266
Bahamas,2014,382312.0,5162.0,2907.0,74,13.502061143777857,7.603737261712947,14.335528864781093
Bahamas,2015,385355.0,4858.0,3021.0,76,12.606557589754901,7.8395245942053435,15.644298065047343
Bahamas,2016,388060.0,4650.0,3079.0,66,11.982683090243777,7.934340050507654,14.193548387096776
Bahamas,2017,390496.0,4460.0,3170.0,63,11.42137179382119,8.117880848971565,14.125560538116591
Bahamas,2018,392718.0,4423.0,3249.0,61,11.262534439470562,8.273112004033429,13.791544200768708
Bahamas,2019,394684.0,4418.0,3676.0,109,11.193765138693234,9.31378013803448,24.671797193300137
Bahamas,2020,395874.0,4400.0,3777.0,59,11.114647589889712,9.540914533412147,13.409090909090908
Bahamas,2021,396381.0,4369.0,4467.0,58,11.022223567729029,11.26946044336131,13.275349050125886
Bahamas,2022,397542.0,4350.0,3400.0,56,10.942240065200657,8.552555453260284,12.873563218390805
Bahrain,2000,669589.0,13680.0,1766.0,175,20.430443152441274,2.637438787076849,12.792397660818713
Bahrain,2001,699964.0,13356.0,1770.0,164,19.080981307610106,2.528701476075913,12.279125486672656
Bahrain,2002,752205.0,14402.0,1829.0,166,19.14637632028503,2.431518003735684,11.52617691987224
Bahrain,2003,811276.0,15976.0,1923.0,176,19.692435126886533,2.370340056898022,11.016524787180773
Bahrain,2004,871446.0,17307.0,2018.0,183,19.86009460138666,2.315691391090211,10.573756283584677
Bahrain,2005,932618.0,18050.0,2109.0,184,19.354119264264682,2.261376040350926,10.193905817174516
Bahrain,2006,994626.0,17981.0,2197.0,180,18.078151988787745,2.208870469905271,10.010566709304264
Bahrain,2007,1057419.0,17936.0,2276.0,175,16.962055722471412,2.152410728386761,9.756913470115968
Bahrain,2008,1120718.0,18140.0,2357.0,171,16.18605215585009,2.103116038111282,9.426681367144432
Bahrain,2009,1183616.0,18301.0,2432.0,166,15.461940359035363,2.0547204498756355,9.070542593300912
Bahrain,2010,1213248.0,18788.0,2516.0,163,15.485704489106926,2.0737722213430394,8.675750479029169
Bahrain,2011,1206733.0,18633.0,2487.0,158,15.44086388621178,2.0609364291852468,8.479579241131326
Bahrain,2012,1216307.0,18778.0,2460.0,153,15.438536487909714,2.022515697106076,8.147832570028758
Bahrain,2013,1257206.0,19594.0,2491.0,154,15.585353553832865,1.9813777535264707,7.859548841482086
Bahrain,2014,1312857.0,20513.0,2714.0,159,15.624702461882748,2.067247232562267,7.75118217715595
Bahrain,2015,1369656.0,21038.0,2851.0,161,15.360061212450425,2.0815445630143627,7.652818709002757
Bahrain,2016,1429609.0,20905.0,2838.0,157,14.622879402689826,1.9851581796141464,7.510165032288926
Bahrain,2017,1482003.0,20853.0,2943.0,153,14.070821718984375,1.9858259396236038,7.3370738023305995
Bahrain,2018,1497634.0,20429.0,3045.0,149,13.64084949994458,2.033207045246035,7.293553282098977
Bahrain,2019,1485675.0,19786.0,3124.0,140,13.317852154744475,2.102747909199522,7.075710098049126
Bahrain,2020,1483081.0,19002.0,3830.0,177,12.812516646090133,2.5824617805770558,9.314808967477108
Bahrain,2021,1501762.0,19586.0,4212.0,130,13.04201331502595,2.8047054060496937,6.637394056979476
Bahrain,2022,1533460.0,20367.0,3209.0,130,13.281728900656033,2.0926532156039284,6.3828742573771295
Bangladesh,2000,134544303.0,3980972.0,1113445.0,338808,29.588558647481342,8.275675559447507,85.10685330115358
Bangladesh,2001,136805810.0,3991130.0,1085482.0,321862,29.17368787188205,7.934472958421868,80.64432879911203
Bangladesh,2002,138933659.0,3963262.0,1055570.0,303250,28.526291098401142,7.597654935439367,76.51525435361074
Bangladesh,2003,140970355.0,3911233.0,1029294.0,284022,27.745074487469367,7.301492572676007,72.6169982713891
Bangladesh,2004,142902857.0,3857568.0,1007927.0,265692,26.994337838885894,7.053231972821929,68.8755194982953
Bangladesh,2005,144715789.0,3770632.0,987574.0,246411,26.05542923861611,6.824231183233227,65.35005272325701
Bangladesh,2006,146405983.0,3697001.0,971276.0,228878,25.251707097243422,6.634127786977121,61.909098753286784
Bangladesh,2007,147989282.0,3629568.0,963370.0,214805,24.525884246130744,6.509728184234315,59.18197427352236
Bangladesh,2008,149474264.0,3540223.0,944575.0,197244,23.684498623789846,6.319315276909475,55.71513432910865
Bangladesh,2009,150873716.0,3444271.0,932491.0,182364,22.828833883829045,6.180606037435971,52.9470532371001
Bangladesh,2010,152201978.0,3329284.0,920705.0,167732,21.874117825196727,6.04923150210308,50.38080259899726
Bangladesh,2011,153591074.0,3242917.0,910734.0,154904,21.113967859877068,5.929602393430754,47.76687161589396
Bangladesh,2012,155070110.0,3211309.0,906650.0,145057,20.70875554289605,5.846710239645796,45.1706765060603
Bangladesh,2013,156532134.0,3216675.0,904443.0,137400,20.549614432522844,5.778002106583432,42.714915246333554
Bangladesh,2014,157964931.0,3206405.0,900891.0,130192,20.29820783449714,5.7031076093718545,40.60372909847633
Bangladesh,2015,159383179.0,3228108.0,898665.0,124473,20.25375588725081,5.63839299503494,38.55911883989011
Bangladesh,2016,160811934.0,3252648.0,896598.0,119477,20.226409316114562,5.575444419442154,36.732225558990706
Bangladesh,2017,162186146.0,3242306.0,893985.0,114063,19.991263618780362,5.512092259717424,35.17959131556368
Bangladesh,2018,163523109.0,3281709.0,889861.0,110188,20.06877816883973,5.441805781713702,33.576407902102225
Bangladesh,2019,164913060.0,3319802.0,885868.0,106828,20.130619127435995,5.371727381688267,32.17902754441379
Bangladesh,2020,166298024.0,3374090.0,1018772.0,104931,20.289417269323657,6.126182232928997,31.099051892510275
Bangladesh,2021,167658855.0,3422642.0,1059068.0,102054,20.414322882021352,6.316803249073841,29.81731656422144
Bangladesh,2022,169384891.0,3486416.0,853187.0,99644,20.582803929070625,5.036972276352559,28.58063983185024
Barbados,2000,262071.0,3969.0,2393.0,58,15.144750849960507,9.131113324251825,14.613252708490805
Barbados,2001,262429.0,3950.0,2371.0,59,15.051690171436846,9.03482465733589,14.936708860759493
Barbados,2002,264155.0,3756.0,2386.0,58,14.218924495088112,9.032575571160871,15.4419595314164
Barbados,2003,265789.0,3733.0,2413.0,58,14.044975525698955,9.078630041122846,15.537101526922047
Barbados,2004,267297.0,3601.0,2400.0,57,13.471905782706129,8.97877641724374,15.828936406553733
Barbados,2005,268717.0,3470.0,2451.0,55,12.913213529475247,9.121119988686983,15.85014409221902
Barbados,2006,270011.0,3389.0,2463.0,52,12.551340500942555,9.121850591272207,15.343759221009147
Barbados,2007,271298.0,3486.0,2457.0,53,12.849339103126452,9.056461897986717,15.203671830177854
Barbados,2008,272719.0,3479.0,2496.0,52,12.756720287182045,9.15227761908778,14.946823799942512
Barbados,2009,274137.0,3497.0,2500.0,51,12.756395524865304,9.119527827327213,14.583929082070346
Barbados,2010,275251.0,3514.0,2533.0,51,12.76652945856691,9.202509709319857,14.513375071143995
Barbados,2011,276150.0,3441.0,2546.0,49,12.460619228680065,9.21962701430382,14.240046498111013
Barbados,2012,276949.0,3366.0,2557.0,47,12.153862263449227,9.232746823422364,13.96316102198455
Barbados,2013,277669.0,3340.0,2567.0,46,12.028710443009484,9.244820271618366,13.772455089820358
Barbados,2014,278355.0,3314.0,2583.0,45,11.905660038440121,9.27951716333459,13.578756789378396
Barbados,2015,278999.0,3292.0,2598.0,44,11.799325445610915,9.311861332836319,13.365735115431349
Barbados,2016,279604.0,3273.0,2615.0,43,11.705841118152815,9.352512839587417,13.137794072716163
Barbados,2017,280177.0,3258.0,2641.0,41,11.628363498788266,9.426184162154637,12.584407612031923
Barbados,2018,280719.0,3239.0,2655.0,40,11.538228620079154,9.4578564329454,12.349490583513429
Barbados,2019,281216.0,3219.0,2677.0,39,11.446717114246699,9.519373008648156,12.115563839701771
Barbados,2020,281706.0,3193.0,2696.0,37,11.33451186698189,9.57026119429476,11.587848418415282
Barbados,2021,282157.0,3184.0,2776.0,36,11.284497637839927,9.838494171684559,11.306532663316583
Barbados,2022,282324.0,3176.0,3137.0,35,11.249486405689916,11.111347246426092,11.02015113350126
Belarus,2000,9991310.0,90546.0,140616.0,1134,9.062475291027903,14.073830158407656,12.524020939632894
Belarus,2001,9938068.0,88659.0,142424.0,1047,8.921150469085138,14.331155713565252,11.809291780868271
Belarus,2002,9873451.0,86166.0,145224.0,955,8.727039816169645,14.708535040078692,11.083257897546597
Belarus,2003,9803175.0,85838.0,144590.0,879,8.756142780272718,14.749303159435591,10.240219949206645
Belarus,2004,9735089.0,86423.0,142625.0,815,8.877474052882311,14.650610795648607,9.430359973618133
Belarus,2005,9667833.0,88443.0,140877.0,762,9.148172087788442,14.571724604676145,8.61571859841932
Belarus,2006,9608041.0,94726.0,138148.0,739,9.85903369896111,14.378373281296364,7.80144838798218
Belarus,2007,9563135.0,101207.0,135276.0,719,10.5830357931787,14.145570464078986,7.104251682195896
Belarus,2008,9529357.0,105086.0,134062.0,690,11.027606584578582,14.068315417294157,6.566050663266277
Belarus,2009,9507334.0,107158.0,135341.0,653,11.271088193598752,14.235431299668235,6.093805408835551
Belarus,2010,9490752.0,106778.0,135662.0,609,11.250741774729757,14.29412548131065,5.7034220532319395
Belarus,2011,9472738.0,109637.0,132755.0,577,11.573950424892994,14.01442750765407,5.262821857584575
Belarus,2012,9463075.0,115932.0,128717.0,564,12.250986069538707,13.60202682531841,4.864920815650554
Belarus,2013,9464454.0,118179.0,124090.0,539,12.486615709685946,13.111163095092438,4.560877990167458
Belarus,2014,9472704.0,118739.0,121844.0,511,12.534858051090797,12.862641965799838,4.303556539974229
Belarus,2015,9487289.0,119028.0,119819.0,482,12.54604977249033,12.629424485751409,4.049467352219646
Belarus,2016,9499066.0,117118.0,119138.0,450,12.329422703242614,12.542075189287031,3.8422787274372854
Belarus,2017,9495793.0,102953.0,119098.0,387,10.841959170761198,12.542185786905844,3.7589968237933813
Belarus,2018,9480031.0,94468.0,121807.0,336,9.964946317158669,12.848797646336811,3.5567599610450102
Belarus,2019,9435415.0,87652.0,124188.0,293,9.289681481948595,13.161901198834391,3.3427645689773193
Belarus,2020,9350943.0,83089.0,147593.0,259,8.885627898704975,15.783755713193845,3.117139452875832
Belarus,2021,9251368.0,79787.0,146534.0,230,8.624346150753055,15.839171028544104,2.882675122513693
Belarus,2022,9173240.0,73954.0,121505.0,199,8.06192795566234,13.245592615041142,2.69086188711902
Belgium,2000,10251719.0,115875.0,105242.0,699,11.302982455917881,10.26579054693169,6.032362459546925
Belgium,2001,10287005.0,114774.0,103716.0,662,11.157183261794856,10.082234819561183,5.767856831686619
Belgium,2002,10332975.0,112478.0,105936.0,619,10.885345217616416,10.252226488499197,5.503298422802681
Belgium,2003,10376262.0,113291.0,107134.0,589,10.918286373262356,10.324912767237374,5.199000803241211
Belgium,2004,10421298.0,116438.0,102143.0,543,11.173080359087706,9.80137023238372,4.663426029303149
Belgium,2005,10478883.0,118499.0,103324.0,562,11.30836177863614,9.860211245797858,4.74265605616925
Belgium,2006,10548445.0,121383.0,101605.0,600,11.507193714334198,9.632225413319215,4.943031561256518
Belgium,2007,10625488.0,123022.0,102193.0,607,11.578009405309196,9.617722969523847,4.934076831786185
Belgium,2008,10709711.0,125935.0,104709.0,570,11.758954093159003,9.777014524481567,4.526144439591853
Belgium,2009,10812936.0,126154.0,104558.0,554,11.666951510672032,9.669714127596798,4.391458059197489
Belgium,2010,10936619.0,128632.0,105251.0,570,11.761587379061115,9.623723748628347,4.4312457242365815
Belgium,2011,11038624.0,127165.0,104229.0,538,11.520004667248381,9.44220946378824,4.23072386269807
Belgium,2012,11107522.0,126462.0,109091.0,583,11.385257665931249,9.821362496513624,4.6100804984896655
Belgium,2013,11160277.0,124540.0,109461.0,540,11.15922122721506,9.808089888808317,4.335956319254858
Belgium,2014,11210113.0,123865.0,104797.0,505,11.049397985551083,9.348433865028836,4.0770193355669475
Belgium,2015,11275332.0,121172.0,110823.0,480,10.746645863731551,9.828801493383963,3.9613111940052157
Belgium,2016,11332707.0,120896.0,108141.0,460,10.66788367510075,9.542380298017058,3.804923239809423
Belgium,2017,11376583.0,118711.0,109773.0,507,10.434679727647573,9.64903082058998,4.270876329910455
Belgium,2018,11428608.0,117308.0,110783.0,517,10.264417153865107,9.69348148085926,4.407201554881167
Belgium,2019,11490623.0,117399.0,108979.0,489,10.216939499276933,9.484168090798907,4.165282498147344
Belgium,2020,11540102.0,115567.0,127253.0,425,10.014382888470136,11.027025584349254,3.6775203994219803
Belgium,2021,11570843.0,117668.0,112309.0,437,10.169354125710633,9.706207231400514,3.7138389366692732
Belgium,2022,11641814.0,113797.0,119831.0,496,9.774851238818968,10.293155345034718,4.358638628434845
Belize,2000,240809.0,7275.0,1340.0,181,30.210664883787565,5.564576074814479,24.879725085910653
Belize,2001,248393.0,7305.0,1385.0,182,29.409041317589466,5.5758415092212745,24.91444216290212
Belize,2002,256019.0,7345.0,1377.0,168,28.689276967725053,5.37850706392885,22.872702518720217
Belize,2003,263794.0,7365.0,1396.0,163,27.91951295328931,5.292008157880771,22.131704005431093
Belize,2004,271695.0,7410.0,1413.0,160,27.2732291724176,5.200684591177607,21.59244264507422
Belize,2005,279747.0,7475.0,1440.0,158,26.720572517310284,5.1475082842711455,21.137123745819398
Belize,2006,287889.0,7347.0,1471.0,153,25.52025259735523,5.10960821705588,20.8248264597795
Belize,2007,296117.0,7239.0,1508.0,147,24.446418138776227,5.092581648470031,20.306672192291753
Belize,2008,304373.0,7208.0,1561.0,146,23.68146977557142,5.128575793516507,20.25527192008879
Belize,2009,312619.0,7112.0,1608.0,139,22.74973690018841,5.14364130139243,19.54443194600675
Belize,2010,320256.0,7037.0,1658.0,134,21.9730465627498,5.17710831334932,19.04220548529203
Belize,2011,327306.0,7204.0,1697.0,131,22.00998454046061,5.18475066146053,18.18434203220433
Belize,2012,334421.0,7358.0,1723.0,128,22.002206799214164,5.152188409220713,17.396031530307148
Belize,2013,341635.0,7535.0,1762.0,126,22.05570272366707,5.157551187671052,16.721964167219642
Belize,2014,348934.0,7667.0,1802.0,124,21.97263665908166,5.164300412112319,16.173209860440853
Belize,2015,356341.0,7732.0,1833.0,120,21.698317061466405,5.143949194732013,15.519917227108122
Belize,2016,364717.0,7795.0,1864.0,116,21.372735573060755,5.110811944603625,14.881334188582425
Belize,2017,373215.0,7944.0,1906.0,112,21.285318114223703,5.1069758718165135,14.098690835850956
Belize,2018,380232.0,8039.0,1932.0,107,21.142355193671232,5.081108375938901,13.310113198158975
Belize,2019,385833.0,7460.0,1944.0,97,19.33478992206473,5.038449277277993,13.002680965147452
Belize,2020,390819.0,7173.0,2178.0,95,18.353764786256555,5.572912268850797,13.244109856405968
Belize,2021,395355.0,6539.0,2352.0,80,16.539565706769864,5.949083734871191,12.234286588163327
Belize,2022,402741.0,7004.0,2176.0,77,17.390829341934396,5.402976106232045,10.993717875499714
Benin,2000,7221618.0,303881.0,85861.0,40492,42.079351192489,11.889440842758507,133.2495285983658
Benin,2001,7445599.0,310446.0,87558.0,40417,41.6952349972111,11.759698581672206,130.19011357852895
Benin,2002,7675430.0,318378.0,88900.0,40386,41.48015160062694,11.582412972302528,126.84921696850913
Benin,2003,7913074.0,328197.0,90237.0,40468,41.47528507884547,11.403532938021305,123.30399120040707
Benin,2004,8159098.0,337207.0,91570.0,40600,41.32895572525296,11.223054313111572,120.4008220469919
Benin,2005,8426145.0,346205.0,92405.0,40733,41.08699767212646,10.96646212473201,117.65572420964457
Benin,2006,8693243.0,359386.0,94351.0,41181,41.34084368744782,10.85337198097419,114.58710133394177
Benin,2007,8953973.0,366762.0,95460.0,41313,40.96081147441476,10.661189172672287,112.64253112372602
Benin,2008,9228468.0,372558.0,98317.0,41267,40.370514369232254,10.65366429184129,110.76664573032924
Benin,2009,9509431.0,380206.0,100007.0,41242,39.98199261343817,10.516612402992356,108.47277528497709
Benin,2010,9797488.0,389643.0,101944.0,41242,39.76968382099575,10.40511608689901,105.84560738932818
Benin,2011,10093626.0,400626.0,104284.0,41353,39.690989145030734,10.331668718456578,103.22095919885379
Benin,2012,10397659.0,412846.0,106670.0,41571,39.70566836246505,10.259040039685855,100.693721145415
Benin,2013,10708831.0,423880.0,108075.0,41773,39.58228493847741,10.092137974723851,98.54911767481363
Benin,2014,11030008.0,433941.0,110183.0,41883,39.34185723165386,9.98938532048209,96.51772936873907
Benin,2015,11360681.0,443019.0,112458.0,41898,38.9958137192656,9.898878421108735,94.57382189025752
Benin,2016,11697845.0,450993.0,114442.0,41775,38.553511351877205,9.783169464119245,92.62893215637494
Benin,2017,12039777.0,455587.0,115820.0,41461,37.84015268721339,9.619779502560554,91.00566960865872
Benin,2018,12383349.0,457631.0,117365.0,40841,36.95535028529035,9.47764615210312,89.24439122349666
Benin,2019,12726760.0,458619.0,118810.0,40037,36.035801728012466,9.335447513742697,87.29904343256604
Benin,2020,13070169.0,461781.0,119851.0,39238,35.330912706637534,9.169812570900957,84.9710143986002
Benin,2021,13413423.0,466510.0,125402.0,38486,34.77934006852688,9.348993169006897,82.49769565496987
Benin,2022,13759507.0,472635.0,123118.0,37823,34.349704535198825,8.947849657694858,80.02581273075418
Bermuda,2000,61569.0,792.0,395.0,3,12.86361643034644,6.415566275235914,3.787878787878788
Bermuda,2001,61887.0,826.0,391.0,3,13.346906458545414,6.317966616575371,3.6319612590799033
Bermuda,2002,62163.0,785.0,401.0,3,12.628090664864951,6.450782619886427,3.821656050955414
Bermuda,2003,62405.0,755.0,412.0,3,12.09838955211922,6.602035093341879,3.9735099337748343
Bermuda,2004,62576.0,725.0,424.0,3,11.585911531577603,6.775760675019177,4.137931034482759
Bermuda,2005,62730.0,714.0,442.0,3,11.382113821138212,7.046070460704607,4.201680672268908
Bermuda,2006,62855.0,699.0,453.0,3,11.120833664784026,7.207063877177632,4.291845493562231
Bermuda,2007,63030.0,731.0,467.0,3,11.597651911788038,7.409170236395368,4.1039671682626535
Bermuda,2008,63319.0,726.0,474.0,3,11.465752775628168,7.485904704748969,4.132231404958678
Bermuda,2009,63587.0,748.0,477.0,3,11.763410760061019,7.501533332284901,4.010695187165775
Bermuda,2010,63748.0,738.0,481.0,3,11.576833783020643,7.545334755600176,4.065040650406504
Bermuda,2011,63753.0,643.0,483.0,2,10.08579988392703,7.576114065220461,3.1104199066874028
Bermuda,2012,63665.0,613.0,495.0,2,9.62852430691903,7.775072645880782,3.2626427406199023
Bermuda,2013,63593.0,597.0,502.0,2,9.387825704086929,7.893950592046294,3.3500837520938025
Bermuda,2014,63551.0,562.0,513.0,2,8.843291214929742,8.072256927507041,3.558718861209964
Bermuda,2015,63482.0,575.0,529.0,2,9.057685643174443,8.333070791720488,3.4782608695652177
Bermuda,2016,63466.0,582.0,545.0,2,9.170264393533545,8.58727507641887,3.4364261168384878
Bermuda,2017,63603.0,560.0,545.0,2,8.804616134459067,8.568778202286055,3.571428571428571
Bermuda,2018,63852.0,537.0,548.0,1,8.410073294493516,8.582346676689847,1.86219739292365
Bermuda,2019,64130.0,537.0,555.0,1,8.37361609231249,8.65429596132855,1.86219739292365
Bermuda,2020,64404.0,559.0,556.0,1,8.67958511893671,8.633004161232222,1.7889087656529516
Bermuda,2021,64672.0,531.0,560.0,1,8.21066303809995,8.659079663532903,1.8832391713747645
Bermuda,2022,64772.0,530.0,564.0,1,8.182548014574198,8.707466189094053,1.8867924528301887
Bhutan,2000,596871.0,15029.0,4885.0,1308,25.17964518296248,8.184348041704153,87.03173863863198
Bhutan,2001,610801.0,14577.0,4667.0,1102,23.86538332451977,7.640786442720297,75.59854565411264
Bhutan,2002,624417.0,14147.0,4684.0,1005,22.656333828194942,7.501397303404616,71.03979642326995
Bhutan,2003,637667.0,13841.0,4709.0,916,21.705686510357285,7.38473215643902,66.18018929268118
Bhutan,2004,650559.0,13831.0,4783.0,848,21.26017778556595,7.3521386991802435,61.31154652592003
Bhutan,2005,661875.0,13975.0,4871.0,793,21.114258734655337,7.359395656279509,56.74418604651163
Bhutan,2006,670803.0,14067.0,4872.0,742,20.970389220083987,7.262937106721347,52.7475652235729
Bhutan,2007,678643.0,14112.0,4790.0,689,20.794438312927415,7.058202913755833,48.823696145124714
Bhutan,2008,686359.0,13928.0,4727.0,634,20.29258740688182,6.8870663894550805,45.519816197587595
Bhutan,2009,693994.0,13631.0,4721.0,589,19.641380184843097,6.802652472499763,43.21032939622918
Bhutan,2010,701638.0,13262.0,4662.0,535,18.901484811255948,6.644451982361275,40.34082340521791
Bhutan,2011,709387.0,12928.0,4644.0,490,18.224185106296,6.546497187007938,37.902227722772274
Bhutan,2012,717288.0,12616.0,4655.0,452,17.58847213392668,6.489722398813308,35.827520608750795
Bhutan,2013,725282.0,12376.0,4690.0,420,17.0637076337204,6.466450291059202,33.93665158371041
Bhutan,2014,733151.0,12040.0,4748.0,392,16.42226499043171,6.476155662339681,32.55813953488372
Bhutan,2015,740623.0,11595.0,4840.0,362,15.655738479631337,6.535038744408424,31.22035360068995
Bhutan,2016,747878.0,11076.0,4913.0,333,14.809902149815878,6.569253273929705,30.065005417118094
Bhutan,2017,754343.0,10379.0,5010.0,304,13.758992924969146,6.641541049628617,29.28991232295982
Bhutan,2018,759766.0,9832.0,4924.0,275,12.940826517638325,6.48094281660406,27.969894222945484
Bhutan,2019,764830.0,9500.0,4856.0,254,12.42106088934796,6.349123334597231,26.73684210526316
Bhutan,2020,770013.0,9973.0,4829.0,250,12.951729386386983,6.271322691954551,25.067682743407197
Bhutan,2021,775450.0,9997.0,4835.0,245,12.8918692372171,6.235089302985363,24.5073522056617
Bhutan,2022,780921.0,10001.0,4798.0,233,12.806673146195326,6.144027372807236,23.297670232976703
Bolivia,2000,8606330.0,256865.0,83863.0,25135,29.84605517101947,9.744339340926969,97.85295777937827
Bolivia,2001,8752740.0,254876.0,83700.0,23809,29.119567129835914,9.562719788317716,93.41405232348279
Bolivia,2002,8900358.0,253925.0,83268.0,22628,28.529751275173425,9.355578730653306,89.11292704538741
Bolivia,2003,9050703.0,254642.0,82795.0,21590,28.13505205065286,9.147908179066311,84.78569913839821
Bolivia,2004,9204297.0,254854.0,82511.0,20630,27.688589362120755,8.964399997088316,80.94830765850251
Bolivia,2005,9360758.0,255846.0,82285.0,19748,27.33176095354671,8.790420604827087,77.18705783948155
Bolivia,2006,9521685.0,260345.0,82338.0,19102,27.34232438901308,8.647419022998555,73.37187193915766
Bolivia,2007,9685960.0,260302.0,81995.0,18336,26.87415599486267,8.465345716893317,70.44125669414757
Bolivia,2008,9850859.0,260466.0,81894.0,17550,26.44094286599778,8.313386680288492,67.37923567759324
Bolivia,2009,10016279.0,260589.0,81850.0,16774,26.01654766206093,8.171697293975138,64.36956279812271
Bolivia,2010,10182345.0,260864.0,81827.0,16055,25.619245861341373,8.036164557378482,61.545479636898925
Bolivia,2011,10348931.0,261007.0,82178.0,15414,25.220672550623828,7.940723539465091,59.05588738999337
Bolivia,2012,10515814.0,261112.0,82389.0,14775,24.830412557696437,7.834771516498865,56.5849137534851
Bolivia,2013,10682612.0,261055.0,83128.0,14275,24.43737542840646,7.781617454607543,54.68196357089502
Bolivia,2014,10848889.0,260816.0,83850.0,13803,24.040802703392025,7.728902010150533,52.92236672596773
Bolivia,2015,11014707.0,260533.0,84360.0,13370,23.653193861625187,7.658851025270123,51.31787527875547
Bolivia,2016,11180020.0,260185.0,85118.0,12987,23.272319727513903,7.613403196058684,49.91448392489959
Bolivia,2017,11344591.0,259921.0,86119.0,12654,22.9114474025551,7.591194781724612,48.684023222440665
Bolivia,2018,11508370.0,259789.0,87022.0,12338,22.573917939725607,7.561626885475528,47.49238805338178
Bolivia,2019,11671386.0,259767.0,88176.0,12051,22.256739687985643,7.554886797506311,46.39157398745799
Bolivia,2020,11816301.0,259912.0,128047.0,11858,21.99605443361675,10.836470736485133,45.62313398380991
Bolivia,2021,11937369.0,260326.0,140749.0,11406,21.807652925866662,11.790621534778728,43.81429438473298
Bolivia,2022,12077156.0,260457.0,92767.0,11099,21.566087247693083,7.681195804707664,42.61356001182537
Bonaire Sint Eustatius and Saba,2000,14256.0,193.0,86.0,3,13.538159371492705,6.0325476992143665,15.544041450777202
Bonaire Sint Eustatius and Saba,2001,14526.0,180.0,89.0,3,12.391573729863694,6.126944788654826,16.666666666666668
Bonaire Sint Eustatius and Saba,2002,15033.0,173.0,85.0,2,11.508015698795983,5.654227366460454,11.560693641618496
Bonaire Sint Eustatius and Saba,2003,15666.0,173.0,90.0,3,11.04302310736627,5.744925315970892,17.341040462427745
Bonaire Sint Eustatius and Saba,2004,16330.0,175.0,95.0,3,10.716472749540722,5.817513778322106,17.142857142857142
Bonaire Sint Eustatius and Saba,2005,17002.0,180.0,96.0,3,10.586989765909893,5.6463945418186094,16.666666666666668
Bonaire Sint Eustatius and Saba,2006,17701.0,188.0,103.0,3,10.620868877464549,5.818880289249195,15.957446808510637
Bonaire Sint Eustatius and Saba,2007,18408.0,199.0,105.0,3,10.81051716644937,5.704041720990873,15.07537688442211
Bonaire Sint Eustatius and Saba,2008,19118.0,209.0,108.0,3,10.93210586881473,5.649126477665027,14.354066985645934
Bonaire Sint Eustatius and Saba,2009,19847.0,215.0,113.0,3,10.83287146672041,5.693555701113518,13.953488372093023
Bonaire Sint Eustatius and Saba,2010,20583.0,217.0,118.0,3,10.542680853131223,5.732886362532187,13.82488479262673
Bonaire Sint Eustatius and Saba,2011,21650.0,215.0,135.0,3,9.930715935334874,6.235565819861431,13.953488372093023
Bonaire Sint Eustatius and Saba,2012,22847.0,222.0,155.0,3,9.716811835251892,6.784260515603799,13.513513513513514
Bonaire Sint Eustatius and Saba,2013,23835.0,256.0,160.0,3,10.740507656807216,6.71281728550451,11.71875
Bonaire Sint Eustatius and Saba,2014,24491.0,249.0,164.0,3,10.167000122493977,6.696337430076355,12.048192771084338
Bonaire Sint Eustatius and Saba,2015,24638.0,218.0,163.0,2,8.848120789025081,6.615796736748113,9.174311926605505
Bonaire Sint Eustatius and Saba,2016,24567.0,257.0,172.0,3,10.461187772214759,7.001261855334392,11.673151750972762
Bonaire Sint Eustatius and Saba,2017,24821.0,241.0,179.0,3,9.709520164376938,7.211635308811087,12.448132780082986
Bonaire Sint Eustatius and Saba,2018,25184.0,263.0,199.0,3,10.443138500635325,7.901842439644218,11.406844106463879
Bonaire Sint Eustatius and Saba,2019,25652.0,246.0,204.0,3,9.589895524715422,7.952596288788398,12.195121951219512
Bonaire Sint Eustatius and Saba,2020,26476.0,280.0,216.0,3,10.575615651911166,8.15833207433147,10.714285714285714
Bonaire Sint Eustatius and Saba,2021,27347.0,270.0,222.0,3,9.873112224375618,8.117892273375508,11.11111111111111
Bonaire Sint Eustatius and Saba,2022,28654.0,264.0,221.0,3,9.213373351015564,7.712710267327424,11.363636363636363
Bosnia and Herzegovina,2000,4159785.0,42557.0,30842.0,423,10.23057682067703,7.414325499995793,9.939610404868764
Bosnia and Herzegovina,2001,4179446.0,41697.0,31275.0,391,9.976681119937906,7.483049188815934,9.377173417751877
Bosnia and Herzegovina,2002,4188006.0,42342.0,31368.0,371,10.110300701574925,7.48996061610227,8.761985735203815
Bosnia and Herzegovina,2003,4178523.0,42068.0,31287.0,351,10.06767223729533,7.4875739585494685,8.343634116192831
Bosnia and Herzegovina,2004,4140990.0,41928.0,32377.0,333,10.125115008729797,7.818661720989425,7.942186605609617
Bosnia and Herzegovina,2005,4096493.0,40186.0,33642.0,309,9.809854429142195,8.212390452028114,7.689245010700244
Bosnia and Herzegovina,2006,4063269.0,38808.0,36091.0,288,9.550930543855207,8.882257118590966,7.421150278293135
Bosnia and Herzegovina,2007,4013420.0,38347.0,36792.0,276,9.55469400162455,9.167243896726482,7.1974339583279
Bosnia and Herzegovina,2008,3947545.0,37634.0,37471.0,264,9.533520200529695,9.49222871430218,7.014933304990168
Bosnia and Herzegovina,2009,3879798.0,37870.0,37217.0,258,9.760817444619539,9.59250971313455,6.812780565091102
Bosnia and Herzegovina,2010,3811480.0,36074.0,37968.0,245,9.46456494590028,9.961484777566719,6.791595054609968
Bosnia and Herzegovina,2011,3741799.0,33170.0,38528.0,223,8.864719884739934,10.296651423553216,6.722942417847452
Bosnia and Herzegovina,2012,3670109.0,32553.0,39313.0,214,8.86976381355431,10.711670961271176,6.573894879120204
Bosnia and Herzegovina,2013,3610857.0,31542.0,39906.0,207,8.735322390224814,11.051670005209289,6.562678333650371
Bosnia and Herzegovina,2014,3564831.0,29941.0,40945.0,199,8.398995632612037,11.485817981273165,6.646404595704887
Bosnia and Herzegovina,2015,3518541.0,29960.0,41900.0,191,8.514892962736543,11.908344964574805,6.375166889185581
Bosnia and Herzegovina,2016,3472997.0,29459.0,42469.0,188,8.482299293664807,12.228343416363446,6.381750908041685
Bosnia and Herzegovina,2017,3428684.0,29379.0,42190.0,186,8.568593664508017,12.30501265208459,6.3310527928111915
Bosnia and Herzegovina,2018,3386999.0,29816.0,40575.0,186,8.803073162997686,11.979631526315773,6.238261336195332
Bosnia and Herzegovina,2019,3345532.0,28642.0,43834.0,179,8.561269179311392,13.102251002232231,6.249563577962433
Bosnia and Herzegovina,2020,3299352.0,27558.0,50065.0,178,8.352549227848378,15.174191780689057,6.459104434284055
Bosnia and Herzegovina,2021,3244912.0,25994.0,59668.0,128,8.010694897118935,18.388172005897232,4.92421327998769
Bosnia and Herzegovina,2022,3204802.0,24831.0,45032.0,152,7.748060566612228,14.051414096721109,6.121380532399018
Botswana,2000,1677384.0,46859.0,21006.0,3486,27.93576187682725,12.523071640125337,74.39339294479181
Botswana,2001,1712264.0,47784.0,21670.0,3543,27.906911551022503,12.655758691416745,74.14615770969363
Botswana,2002,1744765.0,48237.0,22070.0,3545,27.646703137671835,12.649267952990803,73.49130335634472
Botswana,2003,1775744.0,48643.0,22098.0,3514,27.393025120738127,12.444361349383694,72.24061015973521
Botswana,2004,1807153.0,49351.0,21875.0,3470,27.30870048081153,12.104675143720538,70.31265830479626
Botswana,2005,1839881.0,50976.0,21595.0,3445,27.706139690556075,11.737172132328123,67.5808223477715
Botswana,2006,1874526.0,52751.0,21410.0,3542,28.140980706589293,11.421554035526848,67.1456465280279
Botswana,2007,1911200.0,54153.0,20321.0,3417,28.33455420678108,10.632586856425283,63.09899728546895
Botswana,2008,1949973.0,55371.0,19939.0,3394,28.395777787692445,10.225269785786779,61.295624063137744
Botswana,2009,1990671.0,56528.0,19859.0,3359,28.39645526558633,9.976033206893554,59.42187942258704
Botswana,2010,2033110.0,57668.0,19567.0,3312,28.364426912464154,9.624171835267154,57.432198099465914
Botswana,2011,2073538.0,58137.0,19529.0,3247,28.03758600035302,9.418202126028074,55.8508350964102
Botswana,2012,2108617.0,58497.0,19296.0,3155,27.74188010435276,9.151021736047847,53.93438979776741
Botswana,2013,2140687.0,58191.0,18784.0,3046,27.183329463859035,8.774753151675139,52.34486432609854
Botswana,2014,2172053.0,58201.0,18157.0,2930,26.795386668741507,8.359372446252463,50.342777615504886
Botswana,2015,2203276.0,58331.0,17434.0,2821,26.47466772206478,7.912762631644878,48.361934477379094
Botswana,2016,2234784.0,58673.0,16678.0,2728,26.254438907742312,7.462913641765826,46.49498065549742
Botswana,2017,2266749.0,59100.0,15941.0,2644,26.07258236355238,7.032538671021803,44.73773265651438
Botswana,2018,2299149.0,59541.0,15372.0,2582,25.896973184426066,6.685952063132924,43.365076166003256
Botswana,2019,2332082.0,60054.0,14944.0,2514,25.75123859281106,6.408007951692951,41.86232390848237
Botswana,2020,2365895.0,60407.0,14797.0,2454,25.53240951098844,6.254292772925257,40.62443094343371
Botswana,2021,2401448.0,61049.0,20156.0,2406,25.421745546853398,8.393269394132206,39.41096496257105
Botswana,2022,2439895.0,61615.0,14215.0,2395,25.25313589314294,5.826070384176368,38.870404933863504
Brazil,2000,174018278.0,3459239.0,1087230.0,120453,19.87859574153469,6.247791970450368,34.82066431374068
Brazil,2001,176301201.0,3382286.0,1091064.0,110421,19.184701980561098,6.188636230560903,32.64685481949191
Brazil,2002,178503485.0,3300495.0,1093541.0,100919,18.48980707575541,6.126160506053986,30.576928612223316
Brazil,2003,180622688.0,3218588.0,1089771.0,92133,17.819400406664304,6.033411483722356,28.62528537358618
Brazil,2004,182675144.0,3196886.0,1088789.0,85295,17.500388558609814,5.9602471149550595,26.680651108610064
Brazil,2005,184688101.0,3172258.0,1088914.0,79153,17.176298758954697,5.895961862751515,24.951627515794744
Brazil,2006,186653099.0,3115423.0,1089260.0,73085,16.69097923737125,5.835745593487307,23.459093676845807
Brazil,2007,188552311.0,3062690.0,1092307.0,67729,16.243184630073298,5.793124434311495,22.11421985248262
Brazil,2008,190367297.0,3008005.0,1099895.0,63041,15.801059569596136,5.777751837281169,20.95774441864292
Brazil,2009,192079958.0,2989532.0,1111087.0,59332,15.563997572302677,5.784502514312295,19.84658468281992
Brazil,2010,193701931.0,2970979.0,1123720.0,56286,15.337890462227762,5.80128444873376,18.945270229106296
Brazil,2011,195284736.0,2956872.0,1141138.0,53869,15.141337006492918,5.843457217260442,18.218238733364178
Brazil,2012,196876113.0,2940339.0,1157774.0,51332,14.93497080572695,5.8807235797061885,17.45785094847907
Brazil,2013,198478290.0,2934515.0,1175771.0,49560,14.785067928588058,5.923927498569238,16.88865110588973
Brazil,2014,200085126.0,2957978.0,1200100.0,48441,14.78359765732911,5.997947093778476,16.376389547183923
Brazil,2015,201675534.0,2961442.0,1219165.0,47318,14.684190696130747,6.0451804729075365,15.97802692066905
Brazil,2016,203218108.0,2874734.0,1265256.0,45261,14.14605237836384,6.226098709668136,15.74441322223204
Brazil,2017,204703440.0,2891049.0,1280591.0,44636,14.123109020542108,6.255835270770242,15.439378578502128
Brazil,2018,206107265.0,2889976.0,1306181.0,43690,14.021708550642307,6.337384565265082,15.117772604339967
Brazil,2019,207455459.0,2810666.0,1338507.0,41918,13.548286526410472,6.452021105889529,14.913902968193304
Brazil,2020,208660845.0,2711546.0,1565282.0,39747,12.994991944943001,7.501560726450619,14.658427332599189
Brazil,2021,209550291.0,2672684.0,1753027.0,38397,12.754379806611675,8.365662446157137,14.366457089577368
Brazil,2022,210306411.0,2640391.0,1585585.0,37481,12.554971517249658,7.539404017502823,14.195246082871817
British Virgin Islands,2000,20266.0,294.0,81.0,4,14.507056153162933,3.9968420013816246,13.605442176870747
British Virgin Islands,2001,20825.0,244.0,83.0,4,11.716686674669868,3.985594237695078,16.393442622950822
British Virgin Islands,2002,21454.0,209.0,86.0,3,9.741773095926167,4.0085764892327775,14.354066985645934
British Virgin Islands,2003,22155.0,232.0,91.0,3,10.471676822387723,4.107424960505529,12.931034482758621
British Virgin Islands,2004,22905.0,280.0,100.0,4,12.224405151713599,4.365858982754857,14.285714285714285
British Virgin Islands,2005,23693.0,264.0,104.0,4,11.142531549402777,4.389482125522306,15.151515151515152
British Virgin Islands,2006,24519.0,254.0,105.0,4,10.359313185692729,4.28239324605408,15.748031496062993
British Virgin Islands,2007,25391.0,281.0,109.0,4,11.066913473277934,4.2928596746878815,14.234875444839856
British Virgin Islands,2008,26308.0,281.0,113.0,4,10.681161623840657,4.2952714003344985,14.234875444839856
British Virgin Islands,2009,27240.0,280.0,118.0,4,10.279001468428781,4.331864904552129,14.285714285714285
British Virgin Islands,2010,27698.0,275.0,138.0,4,9.928514694201748,4.9823091919994225,14.545454545454545
British Virgin Islands,2011,28733.0,285.0,139.0,4,9.918908572025197,4.837643128110535,14.035087719298247
British Virgin Islands,2012,30369.0,283.0,149.0,4,9.318713161447528,4.906318943659652,14.134275618374557
British Virgin Islands,2013,31727.0,295.0,155.0,4,9.298074195480192,4.885428814574338,13.559322033898304
British Virgin Islands,2014,32988.0,357.0,170.0,5,10.822117133503092,5.153389111191949,14.005602240896359
British Virgin Islands,2015,34523.0,353.0,179.0,5,10.225067346406743,5.184949164325233,14.164305949008499
British Virgin Islands,2016,33904.0,323.0,189.0,4,9.526899480887211,5.57456347333648,12.38390092879257
British Virgin Islands,2017,32724.0,226.0,176.0,4,6.906246180173572,5.378315609338712,17.699115044247787
British Virgin Islands,2018,34682.0,242.0,181.0,3,6.977682947926878,5.218845510639525,12.396694214876034
British Virgin Islands,2019,36423.0,294.0,204.0,4,8.071822749361667,5.600856601597892,13.605442176870747
British Virgin Islands,2020,37161.0,304.0,211.0,4,8.180619466645139,5.677995748230672,13.157894736842104
British Virgin Islands,2021,37833.0,317.0,259.0,4,8.3789284487088,6.845875294055454,12.618296529968454
British Virgin Islands,2022,38346.0,323.0,221.0,4,8.423303604026495,5.763312992228655,12.38390092879257
Brunei,2000,326429.0,6464.0,1134.0,68,19.802162185345054,3.4739560516988384,10.51980198019802
Brunei,2001,333353.0,6433.0,1154.0,66,19.297861426175853,3.461795754050511,10.259598942950412
Brunei,2002,340108.0,6355.0,1183.0,63,18.68524115869077,3.478306890752349,9.91345397324941
Brunei,2003,346650.0,6252.0,1214.0,62,18.035482475118993,3.5020914467041684,9.916826615483044
Brunei,2004,352921.0,6128.0,1254.0,60,17.363659289189368,3.553203124778633,9.7911227154047
Brunei,2005,358930.0,5998.0,1296.0,59,16.710779260580058,3.610731897584487,9.836612204068024
Brunei,2006,364670.0,5930.0,1340.0,58,16.261277319220117,3.674555077193079,9.780775716694773
Brunei,2007,370883.0,5913.0,1392.0,57,15.943033247681884,3.7532051886983226,9.639776763064434
Brunei,2008,377800.0,6050.0,1427.0,59,16.013763896241397,3.777130757014293,9.75206611570248
Brunei,2009,384965.0,6252.0,1465.0,60,16.24043744236489,3.8055407634460274,9.596928982725528
Brunei,2010,392340.0,6504.0,1498.0,63,16.57745832696131,3.8181169393893053,9.686346863468636
Brunei,2011,399395.0,6776.0,1534.0,65,16.96566056159942,3.840809223951226,9.592680047225503
Brunei,2012,405564.0,6933.0,1584.0,67,17.094712548451046,3.90567210107406,9.663926150295687
Brunei,2013,411205.0,6955.0,1649.0,67,16.91370484308313,4.01016524604516,9.633357296908699
Brunei,2014,416757.0,6929.0,1722.0,67,16.625995484179033,4.131904203168753,9.66950497907346
Brunei,2015,422223.0,6856.0,1798.0,68,16.23786482498585,4.258413208186195,9.918319719953326
Brunei,2016,427571.0,6749.0,1872.0,67,15.784512981469742,4.378220225412855,9.927396651355755
Brunei,2017,432787.0,6636.0,1949.0,66,15.333177752566506,4.503370018045828,9.945750452079567
Brunei,2018,437811.0,6534.0,2029.0,64,14.924248134468984,4.63441987524297,9.794918885827977
Brunei,2019,442690.0,6451.0,2116.0,63,14.572274051819557,4.779868531026226,9.765927763137498
Brunei,2020,447411.0,6391.0,2197.0,62,14.284405166614143,4.91047381490397,9.701142231262713
Brunei,2021,451722.0,6351.0,2363.0,62,14.05953219015235,5.231093460136987,9.762242166587939
Brunei,2022,455374.0,6305.0,2986.0,61,13.845761945126423,6.557247449349326,9.674861221252975
Bulgaria,2000,8000519.0,72135.0,115129.0,1163,9.016290068181826,14.390191436330568,16.12254800027726
Bulgaria,2001,7928455.0,67967.0,112176.0,1148,8.57254029946566,14.148532091056833,16.890549825650684
Bulgaria,2002,7861949.0,67094.0,112433.0,1076,8.53401618351887,14.300906810766643,16.03720153814052
Bulgaria,2003,7804405.0,67996.0,111795.0,996,8.712515560122776,14.32460258020951,14.647920465909758
Bulgaria,2004,7749430.0,70567.0,109949.0,1026,9.10608909300426,14.188011247278832,14.539373928323437
Bulgaria,2005,7695047.0,71885.0,113224.0,902,9.341723318908905,14.713880240107695,12.547819433817903
Bulgaria,2006,7640292.0,74681.0,113227.0,880,9.774626414801947,14.819721549909348,11.783452283713395
Bulgaria,2007,7586896.0,76095.0,112809.0,847,10.029793475487208,14.86892663350071,11.13082331296406
Bulgaria,2008,7535589.0,78327.0,110236.0,818,10.394277076416985,14.628717144738122,10.443397551291381
Bulgaria,2009,7488016.0,81232.0,107824.0,879,10.84826741823201,14.399541881320767,10.820858774867048
Bulgaria,2010,7437594.0,76057.0,109563.0,834,10.226022017335175,14.730973484167057,10.965460115439736
Bulgaria,2011,7380023.0,71337.0,107961.0,718,9.666230037494463,14.628816197456295,10.064903205909976
Bulgaria,2012,7317020.0,69316.0,109021.0,665,9.473255505656674,14.899644937419877,9.593744589993653
Bulgaria,2013,7264605.0,66702.0,104158.0,611,9.181779325923433,14.337737564533791,9.160145123084764
Bulgaria,2014,7223450.0,67457.0,108799.0,605,9.3386124358859,15.061916397289384,8.968676341965994
Bulgaria,2015,7177515.0,65896.0,110010.0,510,9.180893387195987,15.327031709442613,7.739468253004735
Bulgaria,2016,7127436.0,65025.0,107362.0,491,9.123196616567304,15.06320084810302,7.550941945405613
Bulgaria,2017,7075642.0,63939.0,109605.0,494,9.036494497601772,15.490467154782563,7.726113952360843
Bulgaria,2018,7024745.0,62236.0,108365.0,446,8.859538673645805,15.426182729764568,7.166270325856417
Bulgaria,2019,6975466.0,61503.0,107891.0,416,8.817045341486862,15.467210362719852,6.763897696047347
Bulgaria,2020,6933656.0,58839.0,124102.0,358,8.485999305416941,17.898493954704414,6.08439980285185
Bulgaria,2021,6877222.0,59000.0,148512.0,399,8.579045434333805,21.594766026165797,6.76271186440678
Bulgaria,2022,6825862.0,64058.0,115520.0,420,9.38460226708363,16.923869835047938,6.55655811920447
Burkina Faso,2000,11925548.0,539498.0,182835.0,92863,45.23884353155092,15.331370935742324,172.12853430411235
Burkina Faso,2001,12294996.0,552129.0,184408.0,92893,44.90680598838747,14.998622203699782,168.24510214098518
Burkina Faso,2002,12680904.0,564087.0,186757.0,92900,44.48318511046215,14.727420064058524,164.69090760822354
Burkina Faso,2003,13082530.0,582049.0,187543.0,92390,44.490553432707586,14.33537702569763,158.73234040433022
Burkina Faso,2004,13500536.0,595700.0,187130.0,91265,44.12417403279396,13.860931151177997,153.20631190196406
Burkina Faso,2005,13932127.0,613825.0,186583.0,90046,44.05824035339328,13.392283891756083,146.69653402842832
Burkina Faso,2006,14373713.0,637917.0,187564.0,89494,44.38080821566425,13.049098726265091,140.29097829341435
Burkina Faso,2007,14816313.0,654744.0,187476.0,88473,44.19075109981815,12.653350398307596,135.12609508449103
Burkina Faso,2008,15258103.0,670185.0,184973.0,86454,43.923219026637845,12.122935596908738,129.00020143691668
Burkina Faso,2009,15710067.0,683565.0,183969.0,84809,43.5112721034226,11.71026196132709,124.06866940232459
Burkina Faso,2010,16176503.0,698825.0,183353.0,83305,43.20000435199128,11.33452638063987,119.20724072550352
Burkina Faso,2011,16661907.0,712470.0,181695.0,81415,42.760411518321405,10.904814196838332,114.2714780973234
Burkina Faso,2012,17172284.0,726047.0,181757.0,79967,42.28016494486115,10.584322970665987,110.14025262827337
Burkina Faso,2013,17695411.0,737957.0,181860.0,78434,41.70329810367219,10.277240805539924,106.2853255677499
Burkina Faso,2014,18229466.0,744883.0,181681.0,76660,40.86148217397042,9.96633691848132,102.91549142617029
Burkina Faso,2015,18777488.0,751910.0,181355.0,74789,40.04316232288366,9.658107623341312,99.4653615459297
Burkina Faso,2016,19334854.0,752608.0,181101.0,72664,38.92493835226271,9.36655637534165,96.54959819720227
Burkina Faso,2017,19894413.0,750548.0,180579.0,70252,37.72657177670937,9.076869973494569,93.60094224486642
Burkina Faso,2018,20438289.0,735902.0,179403.0,67206,36.00604727724518,8.777789569371487,91.32466007702112
Burkina Faso,2019,20961956.0,719512.0,179512.0,64182,34.32465939724327,8.563704646646524,89.20212588532226
Burkina Faso,2020,21478691.0,703172.0,178808.0,60785,32.73812170397163,8.324902108792383,86.44399947665721
Burkina Faso,2021,21995249.0,713006.0,185536.0,58555,32.4163640975376,8.435276181688145,82.12413359775374
Burkina Faso,2022,22509038.0,721256.0,183104.0,57021,32.042950924868485,8.134687941794759,79.05792118193817
Burundi,2000,6470196.0,276449.0,102582.0,41149,42.7265263679802,15.854542891745476,148.8484313562357
Burundi,2001,6634368.0,285509.0,100969.0,40524,43.03484521811271,15.219083415330594,141.9359810023502
Burundi,2002,6824139.0,300548.0,98655.0,40337,44.04189305053722,14.456768831936161,134.21150698058213
Burundi,2003,7043158.0,313617.0,97324.0,40307,44.52789501527582,13.818233241395408,128.52300736248353
Burundi,2004,7310656.0,331100.0,96210.0,40140,45.29005331395705,13.160241707447321,121.23225611597704
Burundi,2005,7587303.0,350183.0,96782.0,40309,46.153817766339365,12.755784235847704,115.10838618665097
Burundi,2006,7865545.0,366335.0,96462.0,39982,46.574649309107,12.26386728446662,109.14054076187097
Burundi,2007,8161879.0,381375.0,96050.0,39391,46.72637268942605,11.768123492151746,103.28679121599475
Burundi,2008,8505643.0,396840.0,96093.0,38774,46.656084672258174,11.297558573760972,97.70688438665458
Burundi,2009,8947653.0,415969.0,96384.0,38190,46.489174311967616,10.771986799219864,91.80972620555859
Burundi,2010,9376448.0,440345.0,98541.0,37972,46.96287976001147,10.509416785546083,86.23238597009163
Burundi,2011,9717980.0,446809.0,97878.0,36776,45.97755912236905,10.071846206721974,82.30810032922345
Burundi,2012,10071033.0,450756.0,96686.0,35320,44.757672822638945,9.60040544003778,78.35724871105431
Burundi,2013,10439346.0,458280.0,96055.0,34038,43.89930173786748,9.20124689803365,74.27336999214454
Burundi,2014,10799789.0,463323.0,95524.0,32796,42.9011159384688,8.844987619665533,70.7843124558893
Burundi,2015,11047581.0,466834.0,95985.0,31618,42.25667139258812,8.68832733609285,67.72857161217905
Burundi,2016,11239459.0,450656.0,92265.0,29493,40.095880059707504,8.209025007342436,65.44459632180644
Burundi,2017,11506764.0,444372.0,90491.0,27768,38.61832918446924,7.864157116631574,62.488185574248604
Burundi,2018,11859444.0,441348.0,89648.0,26383,37.21489810146243,7.559207666059218,59.778224892828334
Burundi,2019,12255339.0,448292.0,90615.0,25507,36.579322693562375,7.393920315056157,56.89818243466312
Burundi,2020,12617041.0,452381.0,90724.0,24607,35.85476182569273,7.190592469343644,54.394415326903655
Burundi,2021,12965487.0,454572.0,94727.0,23781,35.060156244034644,7.306088849574258,52.31514479554394
Burundi,2022,13321102.0,456995.0,93200.0,22977,34.306095696887546,6.9964181642029315,50.27844943598946
Cambodia,2000,12462343.0,354758.0,108419.0,36881,28.466396728127286,8.699728453951234,103.96101004064742
Cambodia,2001,12658486.0,355824.0,105101.0,33660,28.10952273439335,8.302809672499539,94.59732901659247
Cambodia,2002,12855249.0,353882.0,102022.0,30607,27.528210460956455,7.936213448685435,86.48928173798046
Cambodia,2003,13050977.0,350806.0,98932.0,27651,26.879673452799743,7.580428652965981,78.82134285046435
Cambodia,2004,13244737.0,347814.0,96171.0,25007,26.260544093854037,7.261072832174772,71.89762344241463
Cambodia,2005,13439203.0,350813.0,94065.0,22947,26.10370570338137,6.999298991167855,65.41091692725185
Cambodia,2006,13639032.0,356349.0,92645.0,21292,26.12714743978898,6.792637483363921,59.75041321850209
Cambodia,2007,13841773.0,362784.0,92033.0,19918,26.209359162298064,6.648931462754085,54.903193084590285
Cambodia,2008,14053479.0,363698.0,91579.0,18404,25.879570460809028,6.51646471311481,50.60242288932026
Cambodia,2009,14276819.0,365845.0,91145.0,17185,25.62510598474352,6.384125203240301,46.97344503819924
Cambodia,2010,14500730.0,363038.0,90763.0,15908,25.03584302307539,6.259202122927604,43.8191043361852
Cambodia,2011,14722587.0,362638.0,90467.0,14905,24.631404793192935,6.144776050567743,41.1015944275007
Cambodia,2012,14945090.0,367322.0,90672.0,13934,24.57810558517881,6.06700929870613,37.93401974289588
Cambodia,2013,15170210.0,372579.0,91556.0,13320,24.559910508819588,6.035249347240414,35.750807211356516
Cambodia,2014,15396771.0,375729.0,92534.0,12575,24.403103741687136,6.009961439317373,33.46827101448118
Cambodia,2015,15623253.0,378364.0,93970.0,11967,24.218003766565133,6.014752497447234,31.62827330295694
Cambodia,2016,15852802.0,379768.0,95641.0,11442,23.955891204595883,6.0330659526309605,30.128920814813256
Cambodia,2017,16073374.0,380213.0,97515.0,10958,23.65483438635846,6.066865612658549,28.820687351563468
Cambodia,2018,16274522.0,380367.0,99703.0,10476,23.371930677902554,6.126324324609964,27.541821451387737
Cambodia,2019,16481305.0,378867.0,102001.0,10014,22.987682104056685,6.188890988911376,26.431439001021467
Cambodia,2020,16725484.0,374795.0,106055.0,9584,22.408619086897573,6.340922630400412,25.571312317400178
Cambodia,2021,16974309.0,371827.0,115873.0,9167,21.905280503612843,6.826375082484948,24.653938525174343
Cambodia,2022,17201721.0,366027.0,108775.0,8743,21.27851044671635,6.323495189812694,23.886216044171604
Cameroon,2000,14912632.0,609606.0,197969.0,84961,40.878498175238285,13.275255501510397,139.37034740471717
Cameroon,2001,15309489.0,622620.0,200117.0,85351,40.6688949578918,13.0714356305426,137.0836144036491
Cameroon,2002,15725534.0,641602.0,202053.0,85711,40.800013532131885,12.848721067278223,133.58904741568762
Cameroon,2003,16160340.0,663763.0,204346.0,86264,41.073578897473695,12.644907223486634,129.96204970750102
Cameroon,2004,16610485.0,685601.0,206719.0,86832,41.275194553319785,12.445091157783773,126.65092378803413
Cameroon,2005,17074599.0,705512.0,208968.0,87179,41.31938911127576,12.23853046270662,123.56841556203155
Cameroon,2006,17550403.0,721591.0,210220.0,87058,41.115352165987304,11.978072526311788,120.64729188695534
Cameroon,2007,18049897.0,738190.0,211240.0,86772,40.89718628311286,11.703113873724597,117.54697300153077
Cameroon,2008,18574052.0,755313.0,212396.0,86385,40.66495560580965,11.435092353569377,114.36980430629421
Cameroon,2009,19113978.0,771425.0,213585.0,85534,40.359207277522245,11.174283029937566,110.8779207311145
Cameroon,2010,19668063.0,783507.0,213595.0,84375,39.8365105907989,10.859991652457083,107.68889110116437
Cameroon,2011,20232312.0,793453.0,212848.0,82608,39.217119625280596,10.520201546911693,104.11202679931893
Cameroon,2012,20809530.0,804318.0,210278.0,80338,38.65142557280246,10.1048894424814,99.88337945936807
Cameroon,2013,21402379.0,814923.0,208843.0,78158,38.076281146128665,9.757933919402138,95.90844779199999
Cameroon,2014,22059894.0,828313.0,209069.0,76215,37.54836718617052,9.477334750565891,92.01231901467199
Cameroon,2015,22763418.0,858607.0,209424.0,75174,37.71872044874808,9.200024354866216,87.5534441251935
Cameroon,2016,23454165.0,885986.0,208929.0,74321,37.775209648265026,8.907970076956481,83.88507267609195
Cameroon,2017,24128609.0,905199.0,208719.0,73357,37.515589895795486,8.650270722195382,81.03963879765665
Cameroon,2018,24806377.0,915335.0,209156.0,71979,36.89918120650992,8.431541615287069,78.6367832542184
Cameroon,2019,25506095.0,922896.0,208210.0,70484,36.183351469521305,8.163146887047978,76.3726357032645
Cameroon,2020,26210566.0,928861.0,212485.0,68859,35.438418231792475,8.106845155499503,74.13272814769917
Cameroon,2021,26915765.0,936082.0,222277.0,67128,34.77820526371812,8.258245678694253,71.71166628564592
Cameroon,2022,27632770.0,946933.0,212027.0,65645,34.26847905584565,7.673027351221032,69.32380643614701
Canada,2000,30891800.0,329737.0,220889.0,1994,10.6739328883393,7.150408846360523,6.047243712413226
Canada,2001,31213578.0,333510.0,222643.0,2096,10.68477314584057,7.132889411140241,6.284669125363557
Canada,2002,31535579.0,329815.0,226849.0,2090,10.458504662305392,7.193430632746588,6.336885829934963
Canada,2003,31836483.0,334808.0,229673.0,2090,10.516488269134502,7.214144853877232,6.242383694535375
Canada,2004,32132680.0,337172.0,230174.0,2054,10.493117909866216,7.163236928883617,6.091846298031865
Canada,2005,32440172.0,342817.0,233957.0,2150,10.567669000028731,7.211953130211517,6.271567629376606
Canada,2006,32759174.0,354634.0,232190.0,2084,10.825486625517481,7.087785546729598,5.876481104462629
Canada,2007,33092171.0,367258.0,239677.0,2175,11.098032824742747,7.242710065773563,5.922267180020586
Canada,2008,33449088.0,377291.0,242930.0,2194,11.279560148246793,7.262679329254059,5.81514003779576
Canada,2009,33826370.0,380249.0,242591.0,2128,11.241200282501492,7.171653358016246,5.596332929212174
Canada,2010,34196900.0,377848.0,244282.0,2194,11.049188669148373,7.143396038822233,5.806567720353158
Canada,2011,34555449.0,378973.0,247868.0,2116,10.967098126839561,7.17305105773622,5.583511226393437
Canada,2012,34922513.0,383018.0,250821.0,2099,10.967652871945383,7.182215094314661,5.48016020134824
Canada,2013,35293421.0,382695.0,256612.0,2204,10.843239027466337,7.270816847139868,5.759155463227898
Canada,2014,35634265.0,386115.0,263225.0,2065,10.835497799659963,7.386850830233204,5.348147572614376
Canada,2015,35962236.0,384571.0,268728.0,2033,10.693745516824928,7.472505324752332,5.286410051719969
Canada,2016,36353345.0,383577.0,270983.0,2028,10.551353664979109,7.454142115395433,5.287074042499941
Canada,2017,36808498.0,377884.0,282308.0,1973,10.266216241695057,7.669641939749892,5.2211789861438955
Canada,2018,37294996.0,374264.0,289729.0,2043,10.035233681215571,7.768575709191657,5.458713635294872
Canada,2019,37782934.0,372337.0,288924.0,1914,9.854634370110062,7.646944517331555,5.140504435497949
Canada,2020,38171903.0,362246.0,311994.0,1864,9.489859596468115,8.173393922749934,5.145674486398745
Canada,2021,38454058.0,369789.0,311189.0,1883,9.616384309817185,8.092487924161345,5.092093058473886
Canada,2022,38821259.0,354665.0,337728.0,1775,9.13584487303722,8.699563298552476,5.004722766554354
Cape Verde,2000,453335.0,12631.0,2880.0,443,27.862397564714833,6.3529178201550724,35.072440820204264
Cape Verde,2001,460300.0,12318.0,2805.0,401,26.760808168585704,6.0938518357592875,32.55398603669427
Cape Verde,2002,467056.0,12003.0,2731.0,369,25.699273748758177,5.847264567846254,30.742314421394653
Cape Verde,2003,473384.0,11714.0,2679.0,342,24.745238537846653,5.6592533756949965,29.1958340447328
Cape Verde,2004,479377.0,11478.0,2653.0,324,23.943576767345952,5.534266349866598,28.227914270778882
Cape Verde,2005,485128.0,11059.0,2627.0,306,22.79604557972329,5.415065714615524,27.669771227054888
Cape Verde,2006,490728.0,10606.0,2631.0,292,21.612787531993284,5.361422213527657,27.53158589477654
Cape Verde,2007,496196.0,10213.0,2659.0,281,20.582592362695387,5.3587695184967234,27.513952805248213
Cape Verde,2008,501362.0,9955.0,2642.0,271,19.85591249436535,5.2696454856969615,27.222501255650428
Cape Verde,2009,506148.0,9872.0,2660.0,263,19.504176643985552,5.255379849372121,26.641004862236628
Cape Verde,2010,509793.0,10410.0,2660.0,260,20.420052844978255,5.217804089110678,24.975984630163303
Cape Verde,2011,511453.0,10524.0,2649.0,249,20.576670779133178,5.179361544462542,23.660205245153936
Cape Verde,2012,511966.0,9782.0,2626.0,222,19.10673755679088,5.129246864049566,22.69474545082805
Cape Verde,2013,512231.0,9425.0,2642.0,201,18.399901606892204,5.157829182536785,21.3262599469496
Cape Verde,2014,512334.0,9263.0,2636.0,185,18.080002498370202,5.145081138476072,19.971931339738745
Cape Verde,2015,512405.0,8946.0,2630.0,169,17.458846029995804,5.132658736741445,18.891124524927342
Cape Verde,2016,512556.0,8878.0,2643.0,154,17.32103418943491,5.156509727717556,17.346249155215137
Cape Verde,2017,512899.0,8616.0,2629.0,142,16.798628969836166,5.1257655015899815,16.48096564531105
Cape Verde,2018,513418.0,7933.0,2653.0,125,15.451347634870611,5.16732954434788,15.756964578343629
Cape Verde,2019,514116.0,7345.0,2568.0,112,14.28665904192828,4.994981677286837,15.248468345813478
Cape Verde,2020,514683.0,6764.0,3031.0,102,13.142069973167951,5.889061810862221,15.079834417504436
Cape Verde,2021,516655.0,6494.0,2910.0,93,12.569316081330868,5.632385247408813,14.320911610717586
Cape Verde,2022,519750.0,6465.0,2601.0,85,12.438672438672437,5.004329004329004,13.147718484145399
Cayman Islands,2000,39699.0,613.0,221.0,3,15.441194992317186,5.566890853673896,4.893964110929852
Cayman Islands,2001,41109.0,625.0,225.0,4,15.203483422121677,5.473254031963803,6.4
Cayman Islands,2002,42534.0,639.0,229.0,4,15.02327549724926,5.383928151596369,6.259780907668231
Cayman Islands,2003,43952.0,655.0,242.0,4,14.902621041135784,5.506006552602839,6.106870229007633
Cayman Islands,2004,45372.0,675.0,250.0,4,14.877016662258661,5.510006171206912,5.925925925925926
Cayman Islands,2005,46809.0,691.0,255.0,4,14.762118396034952,5.4476703198102925,5.788712011577424
Cayman Islands,2006,48252.0,711.0,258.0,4,14.73514051231037,5.346928624720219,5.625879043600563
Cayman Islands,2007,49709.0,736.0,265.0,4,14.806171920577762,5.3310265746645475,5.434782608695652
Cayman Islands,2008,51175.0,763.0,269.0,4,14.90962383976551,5.25647288715193,5.242463958060289
Cayman Islands,2009,52639.0,790.0,275.0,3,15.00788388837174,5.22426337886358,3.7974683544303796
Cayman Islands,2010,54120.0,795.0,280.0,3,14.689578713968958,5.173688100517369,3.7735849056603774
Cayman Islands,2011,55630.0,784.0,282.0,2,14.093115225597698,5.06920726226856,2.5510204081632653
Cayman Islands,2012,57155.0,747.0,281.0,2,13.069722683929665,4.9164552532586825,2.677376171352075
Cayman Islands,2013,58678.0,716.0,282.0,2,12.202188213640547,4.805889771294182,2.793296089385475
Cayman Islands,2014,60179.0,676.0,287.0,2,11.233154422639128,4.769105501919275,2.9585798816568047
Cayman Islands,2015,61665.0,656.0,291.0,1,10.638125354739318,4.7190464607151545,1.524390243902439
Cayman Islands,2016,63121.0,650.0,295.0,1,10.29768222936899,4.673563473329003,1.5384615384615385
Cayman Islands,2017,64561.0,657.0,302.0,1,10.176422298291538,4.677746627220769,1.5220700152207
Cayman Islands,2018,65962.0,698.0,312.0,1,10.58185015615051,4.729996058336618,1.4326647564469914
Cayman Islands,2019,67346.0,837.0,322.0,1,12.428355061919046,4.781278769340421,1.194743130227001
Cayman Islands,2020,68703.0,873.0,335.0,1,12.706868695690144,4.8760607251502845,1.1454753722794961
Cayman Islands,2021,70126.0,882.0,352.0,1,12.577360750648833,5.019536263297493,1.1337868480725624
Cayman Islands,2022,71610.0,873.0,346.0,1,12.191034771679933,4.831727412372573,1.1454753722794961
Central African Republic,2000,3833421.0,161226.0,63757.0,26057,42.057994673687034,16.631880505689306,161.6178531998561
Central African Republic,2001,3919498.0,164424.0,64826.0,26100,41.950270162148314,16.539362949030718,158.73595095606478
Central African Republic,2002,4006079.0,165879.0,65289.0,25977,41.40682198229241,16.297481901879618,156.60210153183948
Central African Republic,2003,4103092.0,171114.0,65576.0,25952,41.703671280098035,15.982093504118357,151.66497189008496
Central African Republic,2004,4192828.0,174245.0,65694.0,25868,41.557869771905736,15.668183860630583,148.45763149588223
Central African Republic,2005,4288814.0,179167.0,65634.0,25782,41.775418565598784,15.303531465808497,143.8992671641541
Central African Republic,2006,4377582.0,184701.0,65826.0,25815,42.1924706379001,15.037068408998394,139.76643331654944
Central African Republic,2007,4462777.0,188292.0,65151.0,25724,42.19166675816425,14.598757679355254,136.6175939498226
Central African Republic,2008,4558989.0,193562.0,64930.0,25637,42.457220230187,14.24219273176575,132.44851778758226
Central African Republic,2009,4529051.0,197666.0,328277.0,100353,43.644021672531395,72.48251344486957,507.68973925713067
Central African Republic,2010,4493003.0,202009.0,71464.0,27742,44.960797934032094,15.905620361259496,137.3305149770555
Central African Republic,2011,4565023.0,206859.0,63949.0,26127,45.31390093762945,14.008472684584502,126.30342407146897
Central African Republic,2012,4610848.0,208167.0,61375.0,25543,45.14722671404479,13.311000492751008,122.70436716674593
Central African Republic,2013,4642423.0,207318.0,66827.0,27054,44.65728349183174,14.394853721860331,130.49518131566
Central African Republic,2014,4623187.0,206410.0,98965.0,37125,44.64669069194043,21.406229079637058,179.8604718763626
Central African Republic,2015,4629322.0,200626.0,58711.0,24690,43.33809572978505,12.682418721359197,123.06480715360921
Central African Republic,2016,4713663.0,204529.0,62114.0,25507,43.39067090710558,13.177437589407642,124.71092118966016
Central African Republic,2017,4793512.0,209676.0,81217.0,31128,43.741624095235395,16.943109770039168,148.45762032850683
Central African Republic,2018,4878663.0,213870.0,60510.0,24790,43.83783015961546,12.40298827773101,115.91153504465329
Central African Republic,2019,4944708.0,218100.0,149574.0,52349,44.107761267197176,30.249308958183175,240.02292526364053
Central African Republic,2020,5026629.0,223558.0,66647.0,26109,44.47473644862193,13.258786355627201,116.78848442015048
Central African Republic,2021,5112103.0,231200.0,106790.0,38004,45.22600581404561,20.88964169931631,164.3771626297578
Central African Republic,2022,5098038.0,231576.0,281036.0,94166,45.424533908927316,55.12630545319592,406.63108439561955
Chad,2000,8512092.0,439131.0,151959.0,78043,51.58908056914798,17.852133177132014,177.72145441792998
Chad,2001,8804122.0,451136.0,153875.0,78741,51.24145258323317,17.477608783703815,174.53938501915164
Chad,2002,9116195.0,460121.0,157126.0,79022,50.47292209085041,17.235919152672796,171.74178096631104
Chad,2003,9487830.0,474662.0,159922.0,79643,50.028510207286594,16.855487503464968,167.78886871078788
Chad,2004,9920036.0,499724.0,165585.0,81324,50.37522041250657,16.69197571460426,162.73783128286814
Chad,2005,10328094.0,523340.0,171041.0,82998,50.67149853593509,16.560751674026204,158.59288416708068
Chad,2006,10706426.0,538567.0,176542.0,84203,50.303154385973436,16.489349480396164,156.34637844502168
Chad,2007,11081667.0,555267.0,178526.0,84741,50.106811547396255,16.110031099111712,152.61306722711777
Chad,2008,11476299.0,568419.0,180980.0,85113,49.529817931721716,15.769892366868449,149.7363740480174
Chad,2009,11893753.0,585846.0,183911.0,85522,49.25661395524188,15.462823214842278,145.98034295702283
Chad,2010,12312580.0,603058.0,186877.0,85839,48.97901170997468,15.177728794452504,142.3395427968786
Chad,2011,12755004.0,618487.0,189495.0,85960,48.48975351164139,14.856522193172186,138.98432788401374
Chad,2012,13211006.0,636465.0,192218.0,85891,48.17687615916608,14.549838218225016,134.95007580935322
Chad,2013,13691081.0,649348.0,194842.0,85548,47.42854125251322,14.23130868921161,131.74445751738668
Chad,2014,14188680.0,667604.0,199646.0,85428,47.05187515681515,14.070794464319443,127.96208530805686
Chad,2015,14647626.0,681261.0,203257.0,85044,46.50999417926154,13.87644659960597,124.83321370223747
Chad,2016,15114652.0,688209.0,204767.0,83878,45.532573293781425,13.54758283551616,121.87867348436303
Chad,2017,15622756.0,701724.0,207412.0,82948,44.91678676924865,13.276274685465227,118.20601832059329
Chad,2018,16156535.0,717372.0,207723.0,82090,44.40135214636059,12.856902795060947,114.43156409784602
Chad,2019,16685223.0,739415.0,208889.0,81483,44.31555994187192,12.51940114914856,110.19927915987638
Chad,2020,17224686.0,753575.0,212342.0,80581,43.749708993243765,12.32777189668363,106.93162591646485
Chad,2021,17828274.0,771674.0,216831.0,79784,43.28371888383587,12.162198090516222,103.39081010893202
Chad,2022,18455319.0,800043.0,211970.0,79609,43.35026666296042,11.485577680884303,99.50590155779126
Chile,2000,15503638.0,253044.0,77691.0,2906,16.321588520062196,5.011146416086341,11.484168761164067
Chile,2001,15683852.0,249600.0,77938.0,2703,15.91445774928251,4.9693149361521645,10.829326923076922
Chile,2002,15857926.0,241810.0,79493.0,2545,15.24852619440903,5.012824501766498,10.52479219221703
Chile,2003,16024755.0,236992.0,82700.0,2424,14.78911846078146,5.160765328393476,10.22819335673778
Chile,2004,16187324.0,233333.0,83211.0,2320,14.414550545846861,5.140503767021652,9.942871346959066
Chile,2005,16348780.0,232635.0,85634.0,2270,14.22950214022086,5.237944360374291,9.757775055344208
Chile,2006,16509195.0,231044.0,88772.0,2220,13.99486770857089,5.3771246871819,9.608559408597497
Chile,2007,16671571.0,236641.0,91596.0,2221,14.194283190228443,5.494143293394486,9.385524909039432
Chile,2008,16838987.0,241683.0,94578.0,2227,14.352585461346338,5.6166086475391905,9.214549637334855
Chile,2009,17009730.0,244308.0,96733.0,2277,14.362838210835799,5.686921544316106,9.320202367503315
Chile,2010,17181463.0,244494.0,98971.0,2229,14.23010368791063,5.760336008639078,9.116788142040296
Chile,2011,17351810.0,243213.0,102168.0,2167,14.01657809761633,5.888031277428695,8.909885573550756
Chile,2012,17519116.0,241335.0,106731.0,2111,13.775523833508494,6.092259449620632,8.747177160378726
Chile,2013,17687006.0,240927.0,107148.0,2066,13.621694932426664,6.058006651888963,8.575211578610949
Chile,2014,17864192.0,240683.0,109302.0,2017,13.472929534120546,6.118496711186266,8.380317679271075
Chile,2015,18047630.0,237273.0,110194.0,1949,13.147044792030865,6.105732442431499,8.21416680363969
Chile,2016,18267225.0,231728.0,111179.0,1883,12.685451676431423,6.086255575217363,8.125906234896085
Chile,2017,18558868.0,218305.0,112045.0,1725,11.762840276680668,6.037275549349238,7.901788781750303
Chile,2018,18893185.0,221012.0,117053.0,1617,11.697974692991151,6.19551441432453,7.316344813856261
Chile,2019,19197748.0,210016.0,124017.0,1440,10.939616459180524,6.4599764514046125,6.856620447965869
Chile,2020,19370621.0,195578.0,143204.0,1188,10.096630355836295,7.392845071926192,6.074302835697266
Chile,2021,19456323.0,176463.0,148947.0,1041,9.0696993465826,7.6554547331476765,5.89925366790772
Chile,2022,19553033.0,189124.0,148082.0,1035,9.672361316016804,7.57335191936719,5.472599987309914
China,2000,1269581174.0,17551192.0,7780055.0,625893,13.82439528833152,6.12804849294339,35.660996700395046
China,2001,1278725061.0,16586483.0,7830809.0,561863,12.971109666865283,6.123919237084539,33.87475210989575
China,2002,1286866835.0,16382375.0,7916788.0,512491,12.7304353134565,6.151986969187841,31.2830709832976
China,2003,1294517323.0,16221728.0,8011829.0,467493,12.531101524703196,6.18904734425095,28.81893963454448
China,2004,1302100316.0,16461427.0,8121151.0,433014,12.642211047585675,6.236962621242463,26.304766895360892
China,2005,1310027135.0,16602725.0,8214690.0,399792,12.673573360753325,6.270625837074741,24.07990254611818
China,2006,1318054030.0,16868048.0,8339011.0,371363,12.79769085035156,6.3267596093917335,22.015766139626827
China,2007,1325813576.0,17202356.0,8410712.0,346620,12.974943318878791,6.3438119447948695,20.149565559508243
China,2008,1333821011.0,17712990.0,8683383.0,334076,13.279885272402566,6.510156106695189,18.86050858720069
China,2009,1342522717.0,18031192.0,8715892.0,306336,13.430828224860495,6.492174686977755,16.989226225310006
China,2010,1351561505.0,17912368.0,8788793.0,283665,13.253091282738183,6.502695561753218,15.83626464128026
China,2011,1360250658.0,17824404.0,8969344.0,260979,13.103764291654546,6.593890579834588,14.64166768212839
China,2012,1369520866.0,19246444.0,9086058.0,255120,14.053414210630947,6.634479419461434,13.25543565346409
China,2013,1379008040.0,18297106.0,9235336.0,230487,13.268309878744434,6.697086407124936,12.596910134313044
China,2014,1387951970.0,18769424.0,9383269.0,216890,13.52310771964249,6.760514198484836,11.555495789322038
China,2015,1396134171.0,17518180.0,9521878.0,192467,12.547633575541214,6.820174018933886,10.986700673243453
China,2016,1404052628.0,18329284.0,9688664.0,183254,13.054556242745056,6.900499174166284,9.997880986513167
China,2017,1412354730.0,18260492.0,10049252.0,170302,12.929111654548713,7.1152464650293625,9.326254736181259
China,2018,1419008954.0,15357072.0,9967030.0,141044,10.822392597813023,7.023937355648286,9.184302841062411
China,2019,1423520357.0,14615866.0,10128803.0,124102,10.267409193081178,7.115320093732948,8.490909809928471
China,2020,1426106093.0,11843469.0,10411387.0,99296,8.30476011436549,7.300569748004015,8.384030050654921
China,2021,1426437269.0,10461124.0,10759523.0,82067,7.333742764120109,7.542934578218735,7.844950504362628
China,2022,1425179562.0,9455320.0,10998724.0,72370,6.634476280821096,7.717430345805085,7.6538922003697385
Colombia,2000,39089939.0,870048.0,217884.0,22503,22.25759421113448,5.573915068017885,25.864090257089263
Colombia,2001,39709263.0,862583.0,219646.0,21613,21.722463093812646,5.531354233393856,25.05613952512396
Colombia,2002,40324684.0,861020.0,220158.0,20908,21.352182201849367,5.4596336080401775,24.28282734431256
Colombia,2003,40937426.0,856735.0,214594.0,19668,20.92791569259875,5.242000315310494,22.956923669512744
Colombia,2004,41543177.0,842400.0,213997.0,18814,20.27769806820504,5.151194864080809,22.333808167141502
Colombia,2005,42128978.0,824839.0,214218.0,17943,19.57889887573347,5.084813593151963,21.753336105591515
Colombia,2006,42691081.0,809616.0,215241.0,17081,18.964523292347646,5.041825949546698,21.09765617280291
Colombia,2007,43235374.0,802116.0,218967.0,16399,18.55230857954415,5.064533499814296,20.444673837699284
Colombia,2008,43758805.0,796007.0,219345.0,15692,18.19078468893289,5.012591180220758,19.713394480199295
Colombia,2009,44271543.0,781638.0,222621.0,14934,17.65554003843959,5.028534921405382,19.106031180674428
Colombia,2010,44777325.0,758100.0,224437.0,14216,16.93044414779132,5.012291377387997,18.752143516686452
Colombia,2011,45259614.0,738679.0,227145.0,13440,16.32093017850307,5.0187127093041495,18.194642056969265
Colombia,2012,45715807.0,730825.0,227505.0,12718,15.986264882078972,4.97650626620241,17.402250880853828
Colombia,2013,46151583.0,721365.0,232279.0,12124,15.630341433792205,5.032958457784644,16.807025569579892
Colombia,2014,46565426.0,710473.0,239565.0,11567,15.257521750149994,5.144696840097629,16.28070313720578
Colombia,2015,46969938.0,693457.0,246688.0,10937,14.763847463456306,5.252040145337216,15.771706104343888
Colombia,2016,47437513.0,677004.0,251870.0,10343,14.271490160118638,5.309511061425164,15.277605449893946
Colombia,2017,48131076.0,682368.0,255821.0,10065,14.177285377954153,5.315089984690972,14.750105514912775
Colombia,2018,49024463.0,695926.0,262295.0,9836,14.195484405407969,5.350288079647093,14.13368662760121
Colombia,2019,49907987.0,709573.0,268507.0,9704,14.217624124972222,5.380040673650091,13.67583039377203
Colombia,2020,50629997.0,714207.0,335215.0,9423,14.10640020381593,6.62087734273419,13.19365394066426
Colombia,2021,51188174.0,713944.0,402786.0,9131,13.947440281811966,7.868731555065826,12.789518505653104
Colombia,2022,51737944.0,710397.0,304254.0,8822,13.730677044298474,5.880674346085341,12.418408298458466
Comoros,2000,536084.0,18955.0,5688.0,1867,35.35826474955417,10.610277493825594,98.49643893431814
Comoros,2001,547221.0,19202.0,5609.0,1832,35.09002761224441,10.249972131917453,95.40672846578481
Comoros,2002,558927.0,19419.0,5659.0,1827,34.743356466944704,10.12475690027499,94.08311447551367
Comoros,2003,569808.0,19635.0,5606.0,1781,34.458975654957456,9.838401707241738,90.70537305831424
Comoros,2004,580711.0,19937.0,5591.0,1733,34.332051571263506,9.627852752918406,86.92381000150475
Comoros,2005,592679.0,20415.0,5607.0,1704,34.445289946159726,9.460433050605808,83.46803820720058
Comoros,2006,604752.0,20743.0,5619.0,1676,34.30001058285049,9.291412016826731,80.79834160921756
Comoros,2007,616935.0,21060.0,5672.0,1657,34.13649736195872,9.193837276212243,78.67996201329534
Comoros,2008,629314.0,21459.0,5653.0,1626,34.099034822044324,8.982797141013867,75.77240318747378
Comoros,2009,641949.0,22005.0,5690.0,1613,34.27842398695224,8.863632469246,73.30152238127698
Comoros,2010,654846.0,22550.0,5700.0,1597,34.43557721968219,8.704336592114787,70.82039911308203
Comoros,2011,668064.0,23056.0,5743.0,1580,34.51166355319251,8.596481774201274,68.52879944482999
Comoros,2012,681637.0,23340.0,5773.0,1557,34.241099001374636,8.469317246569656,66.70951156812339
Comoros,2013,696203.0,23570.0,5792.0,1522,33.855068133863256,8.319412585122443,64.5736105218498
Comoros,2014,711512.0,23708.0,5831.0,1485,33.32059051709599,8.195223692643273,62.63708452842923
Comoros,2015,726685.0,23821.0,5859.0,1441,32.78036563297715,8.06264062145221,60.49284244993913
Comoros,2016,741745.0,23804.0,5891.0,1391,32.09189141820976,7.942082521621312,58.43555704923542
Comoros,2017,756672.0,23722.0,5927.0,1339,31.35043982068849,7.832984437114099,56.445493634600794
Comoros,2018,771597.0,23850.0,5971.0,1303,30.9099180012364,7.738495613642873,54.63312368972746
Comoros,2019,786582.0,23949.0,6014.0,1268,30.446920982173506,7.645738143003527,52.945843250240095
Comoros,2020,802172.0,24053.0,6144.0,1229,29.984841156260753,7.659205257725276,51.095497443146385
Comoros,2021,818178.0,24134.0,6489.0,1194,29.497248764938682,7.931037011506053,49.473771442777824
Comoros,2022,834191.0,24243.0,6088.0,1161,29.061689708951548,7.298088806999836,47.890112609825515
Congo,2000,3151349.0,113966.0,35476.0,12284,36.16419507963098,11.257401195488027,107.78653282557956
Congo,2001,3272542.0,121369.0,36489.0,12490,37.08707176256256,11.15004788326628,102.90930962601654
Congo,2002,3350770.0,125039.0,36539.0,12379,37.316497402089674,10.904657735386195,99.0011116531642
Congo,2003,3445758.0,127338.0,36015.0,12074,36.9550038046781,10.451981828091235,94.81851450470403
Congo,2004,3565565.0,132330.0,35748.0,11718,37.11333266957691,10.025900523479448,88.55134890047609
Congo,2005,3696399.0,136888.0,35539.0,11360,37.03279867784836,9.614492374876196,82.98755186721992
Congo,2006,3837411.0,142358.0,35484.0,11018,37.0974076011144,9.246859405990131,77.3964231023195
Congo,2007,3980430.0,148138.0,35678.0,10745,37.21658212806154,8.963353205558194,72.53371855972134
Congo,2008,4113514.0,156315.0,35599.0,10538,38.00035687249393,8.654157977826259,67.41515529539711
Congo,2009,4281218.0,162727.0,35824.0,10399,38.00951037765421,8.36771217910417,63.90457637638498
Congo,2010,4462304.0,173633.0,36729.0,10557,38.911064777298904,8.230949751518498,60.800654253511716
Congo,2011,4609728.0,177029.0,36655.0,10389,38.40335047968123,7.951662223888264,58.68530014856323
Congo,2012,4740457.0,179282.0,36819.0,10201,37.81956043478508,7.76697267795067,56.89918675606029
Congo,2013,4857104.0,178855.0,36777.0,9941,36.8233828223567,7.571795868484595,55.58133683710268
Congo,2014,4975887.0,178231.0,36554.0,9546,35.81894042207952,7.346227918761017,53.55970622394533
Congo,2015,5097583.0,178070.0,36530.0,9218,34.9322414171579,7.166141286958937,51.76615937552648
Congo,2016,5222545.0,178053.0,36696.0,8899,34.09314807244361,7.026459322035521,49.979500485810405
Congo,2017,5351013.0,178792.0,36817.0,8590,33.41273885897866,6.880379472073792,48.04465524184527
Congo,2018,5483128.0,179756.0,37057.0,8321,32.783476876702494,6.7583685808538485,46.29052715903781
Congo,2019,5616656.0,180763.0,41252.0,9148,32.18338456191727,7.344583681108475,50.607701797381104
Congo,2020,5752792.0,182600.0,39110.0,7861,31.74110936046358,6.798438045387353,43.050383351588174
Congo,2021,5892187.0,184882.0,40639.0,7738,31.377483436964912,6.897099498030188,41.853722915156695
Congo,2022,6035104.0,186731.0,39653.0,7582,30.940808973631604,6.570392158942083,40.60386331139446
Cook Islands,2000,15876.0,371.0,110.0,6,23.368606701940035,6.928697404887881,16.172506738544474
Cook Islands,2001,15259.0,344.0,109.0,6,22.544072350743825,7.143325250671735,17.441860465116278
Cook Islands,2002,14994.0,315.0,102.0,4,21.008403361344538,6.802721088435374,12.698412698412698
Cook Islands,2003,15049.0,309.0,99.0,4,20.532925775799058,6.57851020001329,12.944983818770227
Cook Islands,2004,15103.0,305.0,102.0,4,20.19466331192478,6.753625107594518,13.114754098360656
Cook Islands,2005,15153.0,304.0,99.0,4,20.062033920675773,6.533359730746387,13.157894736842104
Cook Islands,2006,15233.0,303.0,98.0,3,19.89102606183943,6.433401168515722,9.900990099009901
Cook Islands,2007,15519.0,292.0,99.0,3,18.815645337972807,6.379277015271603,10.273972602739725
Cook Islands,2008,16003.0,294.0,104.0,3,18.371555333374992,6.498781478472786,10.204081632653061
Cook Islands,2009,16497.0,298.0,106.0,3,18.063890404315938,6.425410680729829,10.06711409395973
Cook Islands,2010,17000.0,302.0,108.0,3,17.764705882352942,6.352941176470588,9.933774834437086
Cook Islands,2011,17480.0,305.0,120.0,3,17.448512585812356,6.864988558352402,9.836065573770492
Cook Islands,2012,17690.0,307.0,127.0,3,17.354437535330696,7.179197286602601,9.771986970684038
Cook Islands,2013,17629.0,297.0,126.0,2,16.847240342617276,7.147314084746725,6.7340067340067336
Cook Islands,2014,17556.0,287.0,127.0,2,16.34768740031898,7.233994076099339,6.968641114982578
Cook Islands,2015,17471.0,280.0,127.0,2,16.026558296605803,7.269188941674775,7.142857142857142
Cook Islands,2016,17360.0,274.0,126.0,2,15.783410138248847,7.258064516129033,7.299270072992701
Cook Islands,2017,17066.0,270.0,129.0,2,15.820930505097856,7.558889019102308,7.407407407407407
Cook Islands,2018,16623.0,258.0,129.0,2,15.520664140046923,7.760332070023462,7.751937984496124
Cook Islands,2019,16151.0,244.0,131.0,2,15.107423688935668,8.110952882174479,8.196721311475411
Cook Islands,2020,15664.0,229.0,129.0,1,14.619509703779368,8.23544433094995,4.366812227074235
Cook Islands,2021,15205.0,214.0,127.0,1,14.074317658664913,8.352515619861887,4.672897196261682
Cook Islands,2022,14747.0,197.0,127.0,1,13.358649216789855,8.611921068691938,5.076142131979695
Costa Rica,2000,3937737.0,79689.0,15426.0,1047,20.237258100274346,3.9174784908184574,13.138576215035952
Costa Rica,2001,4008951.0,77805.0,15608.0,993,19.407820150458313,3.89328779523621,12.762675920570658
Costa Rica,2002,4075710.0,74128.0,15737.0,929,18.187751336576937,3.8611677474599517,12.53237642995899
Costa Rica,2003,4138791.0,72726.0,15984.0,881,17.571798141051335,3.861997380394419,12.1139619943349
Costa Rica,2004,4200079.0,71973.0,16201.0,850,17.136106249430068,3.857308398246795,11.809984299667931
Costa Rica,2005,4261240.0,73520.0,16380.0,842,17.253193905999193,3.843951525846937,11.452665941240479
Costa Rica,2006,4321337.0,70996.0,16817.0,803,16.429174581848166,3.8916196538247307,11.31049636599245
Costa Rica,2007,4380250.0,72729.0,17487.0,801,16.60384681239655,3.992237885965413,11.013488429649795
Costa Rica,2008,4440058.0,74620.0,18133.0,803,16.80608676733502,4.083955660038675,10.761190029482712
Costa Rica,2009,4499788.0,74359.0,18601.0,790,16.525000733367882,4.133750301125298,10.624134267539906
Costa Rica,2010,4555965.0,70192.0,19389.0,740,15.40661528348001,4.255739453661299,10.542511967175747
Costa Rica,2011,4609834.0,72648.0,19763.0,735,15.759352722896313,4.287139189827659,10.117277832837793
Costa Rica,2012,4663930.0,72108.0,20075.0,714,15.460780929387877,4.304309884582316,9.901813945748044
Costa Rica,2013,4716153.0,69655.0,20432.0,675,14.769452984243726,4.3323446037480124,9.690618046084273
Costa Rica,2014,4767126.0,70781.0,21217.0,661,14.847730057900714,4.4506899964464965,9.338664330823244
Costa Rica,2015,4818045.0,70846.0,21767.0,644,14.704304339208123,4.517807533968654,9.090139175112215
Costa Rica,2016,4867003.0,69035.0,23470.0,617,14.184293701894163,4.822269474664388,8.937495473310639
Costa Rica,2017,4913177.0,67859.0,24392.0,593,13.811633490916368,4.964608439712228,8.738708203775476
Costa Rica,2018,4957813.0,67536.0,25065.0,574,13.622135405268411,5.055656596971286,8.499170812603648
Costa Rica,2019,4999549.0,63301.0,25621.0,535,12.661342053053186,5.124662244534457,8.451683227753117
Costa Rica,2020,5034323.0,57220.0,28054.0,481,11.365977113506622,5.572546695950975,8.406151695211465
Costa Rica,2021,5059991.0,53349.0,33230.0,439,10.543299385315112,6.567205356689369,8.228832780370766
Costa Rica,2022,5081764.0,52440.0,31027.0,416,10.319251346579652,6.105557046726294,7.932875667429444
Cote d'Ivoire,2000,17699007.0,783669.0,238543.0,106550,44.2775687924187,13.477761774996756,135.96301499740323
Cote d'Ivoire,2001,18178920.0,798087.0,242883.0,106556,43.90178294420131,13.36069469473434,133.5142659885451
Cote d'Ivoire,2002,18654772.0,809610.0,245915.0,105797,43.399619143026776,13.182417882137612,130.67649856103554
Cote d'Ivoire,2003,19125546.0,818605.0,250381.0,104484,42.80165387173783,13.091443245594139,127.63665015483657
Cote d'Ivoire,2004,19594997.0,828403.0,248963.0,102654,42.27625041228636,12.705437005170248,123.91794814842534
Cote d'Ivoire,2005,20068468.0,841410.0,247725.0,100806,41.92696722041762,12.343991579227671,119.80603986166079
Cote d'Ivoire,2006,20546808.0,851472.0,246480.0,98795,41.4405974884274,11.996023907947162,116.02847774207491
Cote d'Ivoire,2007,21030558.0,861431.0,244200.0,96649,40.960919819626284,11.611674782951551,112.19586943121388
Cote d'Ivoire,2008,21514446.0,870785.0,240162.0,94498,40.47443285316294,11.162825201262445,108.52047290663022
Cote d'Ivoire,2009,21997936.0,896304.0,241867.0,93123,40.74491352279596,10.994986075057223,103.89666898730788
Cote d'Ivoire,2010,22488068.0,920563.0,244024.0,91777,40.93561972509155,10.851265657859093,99.69659871187524
Cote d'Ivoire,2011,22982003.0,938718.0,244682.0,90367,40.84578702735353,10.646678620658085,96.26639736321238
Cote d'Ivoire,2012,23467083.0,954821.0,245981.0,88372,40.68767302693735,10.481958920927667,92.55347337354331
Cote d'Ivoire,2013,23939775.0,968388.0,248156.0,85906,40.45100674505086,10.365845125946256,88.71031033015691
Cote d'Ivoire,2014,24527393.0,977203.0,248228.0,83615,39.84129091909605,10.12043962438242,85.56563989263235
Cote d'Ivoire,2015,25246347.0,978751.0,247351.0,83100,38.76802453836193,9.797496643771868,84.90412781187452
Cote d'Ivoire,2016,25989404.0,980892.0,245258.0,81308,37.741996699885846,9.436845877650754,82.89189839452253
Cote d'Ivoire,2017,26733376.0,977902.0,243358.0,79124,36.57981692996799,9.103152553571984,80.9119932263151
Cote d'Ivoire,2018,27464175.0,963483.0,241014.0,76204,35.08144701233516,8.775577638869546,79.09221024138465
Cote d'Ivoire,2019,28193014.0,967182.0,239423.0,73805,34.30573261872604,8.492281101977959,76.30931923877822
Cote d'Ivoire,2020,28915452.0,973041.0,245568.0,71649,33.65124639933001,8.492621868750314,73.63410174905272
Cote d'Ivoire,2021,29639737.0,980502.0,248325.0,69641,33.08065790192403,8.378110777433687,71.02586226239212
Cote d'Ivoire,2022,30395004.0,987825.0,237561.0,68073,32.499584471184804,7.81579104250159,68.91200364437022
Croatia,2000,4326105.0,40917.0,52629.0,355,9.458161556411598,12.165446747131659,8.676100398367426
Croatia,2001,4301079.0,40925.0,50954.0,352,9.515054245690441,11.846794722905578,8.601099572388517
Croatia,2002,4305783.0,40123.0,50296.0,333,9.318398070687723,11.681034552832783,8.299479101762081
Croatia,2003,4306683.0,39669.0,50550.0,339,9.211033177970146,11.737571583513343,8.545715798230356
Croatia,2004,4310050.0,39882.0,50264.0,285,9.253256922773517,11.66204568392478,7.146080938769369
Croatia,2005,4313946.0,42452.0,50364.0,282,9.840642418797081,11.674694119954214,6.642796570244041
Croatia,2006,4315802.0,41464.0,51326.0,269,9.607484309984564,11.892575238623087,6.487555469805132
Croatia,2007,4315959.0,41939.0,51513.0,255,9.717191474710487,11.93547019329887,6.080259424402107
Croatia,2008,4314635.0,43778.0,52240.0,266,10.146397088050321,12.107629034669214,6.076111288775184
Croatia,2009,4310537.0,44632.0,52222.0,251,10.354162370024895,12.114963866450978,5.623767700304715
Croatia,2010,4301150.0,43443.0,51994.0,240,10.10032200690513,12.088394964137498,5.524480353566743
Croatia,2011,4280827.0,41321.0,51959.0,205,9.652574140463981,12.137607990231794,4.961157764816922
Croatia,2012,4259233.0,41575.0,51854.0,202,9.761147136115822,12.17449244969693,4.858689116055322
Croatia,2013,4242403.0,39661.0,52022.0,200,9.348711096046275,12.262389970966925,5.042737197750939
Croatia,2014,4219485.0,39192.0,53292.0,204,9.288337320786779,12.629977355056363,5.20514390691978
Croatia,2015,4183732.0,36996.0,53771.0,192,8.842822628218059,12.852400679584639,5.189750243269542
Croatia,2016,4136438.0,36663.0,54815.0,179,8.86342307076765,13.251739781908976,4.882306412459428
Croatia,2017,4079198.0,35415.0,55052.0,177,8.681853638877053,13.495790103839038,4.997882253282508
Croatia,2018,4024868.0,35134.0,54587.0,178,8.729230374760116,13.562432358030128,5.066317527181647
Croatia,2019,3986338.0,33999.0,53352.0,151,8.528880390975376,13.383712068570203,4.441307097267567
Croatia,2020,3953956.0,33454.0,57058.0,157,8.460893343274432,14.430610760463697,4.693011299097268
Croatia,2021,3924607.0,35785.0,57806.0,168,9.11811042481451,14.72911810023271,4.6947044851194635
Croatia,2022,3907031.0,33039.0,53347.0,158,8.45629328254626,13.654102053451842,4.7822270649838075
Cuba,2000,11109112.0,142835.0,81695.0,1241,12.857463314799599,7.353873108849744,8.688346693737529
Cuba,2001,11144134.0,138456.0,81128.0,1166,12.424114785410872,7.279883748705822,8.421447969029872
Cuba,2002,11177422.0,140095.0,81884.0,1127,12.533748837612107,7.325839536164959,8.044541204182876
Cuba,2003,11209379.0,135794.0,79626.0,1059,12.11431962466431,7.103515725536624,7.798577256727102
Cuba,2004,11238756.0,126573.0,82308.0,966,11.262189516348608,7.323586347101049,7.631959422625679
Cuba,2005,11262553.0,119602.0,82940.0,891,10.619439482326964,7.364227276000388,7.44970819885955
Cuba,2006,11278550.0,111368.0,86860.0,816,9.87431895057432,7.701344587735126,7.327059837655341
Cuba,2007,11287274.0,113109.0,88498.0,791,10.020931537588261,7.8405113581897625,6.993254294530055
Cuba,2008,11291764.0,123199.0,90358.0,811,10.910518498261212,8.002115524199763,6.582845639980844
Cuba,2009,11294719.0,130300.0,92755.0,822,11.53636491532016,8.212245032390802,6.308518802762856
Cuba,2010,11297414.0,129104.0,92080.0,802,11.427747978431169,8.150537813343833,6.2120461023670845
Cuba,2011,11301578.0,133028.0,92277.0,813,11.77074564277661,8.164965989705154,6.11149532429263
Cuba,2012,11303172.0,127055.0,93193.0,787,11.240649969760701,8.244853745479588,6.194167880051946
Cuba,2013,11298163.0,126047.0,96212.0,780,11.156415427888588,8.51572065299465,6.188167905622507
Cuba,2014,11285780.0,122707.0,100267.0,770,10.872708842454841,8.884365989767655,6.275110629385447
Cuba,2015,11275069.0,123326.0,102859.0,777,10.937937497322633,9.122693617218662,6.300374616869111
Cuba,2016,11265615.0,116026.0,106348.0,757,10.29912703389917,9.440052762321454,6.524399703514729
Cuba,2017,11247824.0,113772.0,111464.0,757,10.115023136919639,9.90982789204383,6.653658193580143
Cuba,2018,11227116.0,114199.0,110763.0,778,10.171712842371987,9.86566808430589,6.812669112689253
Cuba,2019,11202847.0,108309.0,112552.0,707,9.667988860331665,10.04673187092531,6.527620050042009
Cuba,2020,11176349.0,103465.0,116269.0,638,9.257495448647854,10.403128964566157,6.166336442275166
Cuba,2021,11122169.0,98036.0,169657.0,870,8.814467753546994,15.253949117298975,8.874291076747317
Cuba,2022,11059822.0,95802.0,113753.0,595,8.662164725616742,10.285246905420358,6.210726289639047
Curacao,2000,145540.0,2398.0,1168.0,43,16.47657001511612,8.025285144977325,17.93160967472894
Curacao,2001,144758.0,2370.0,1177.0,43,16.37215214357756,8.130811423202863,18.143459915611814
Curacao,2002,145911.0,2225.0,1186.0,39,15.249021663891003,8.128242558820101,17.52808988764045
Curacao,2003,147923.0,2138.0,1214.0,37,14.453465654428317,8.206972546527584,17.305893358278762
Curacao,2004,149805.0,2066.0,1237.0,35,13.791261973899402,8.257401288341512,16.940948693126813
Curacao,2005,151324.0,2026.0,1265.0,33,13.388490920144855,8.35954640374296,16.288252714708786
Curacao,2006,152516.0,1982.0,1295.0,31,12.995357864092947,8.490912428859923,15.64076690211907
Curacao,2007,153672.0,1932.0,1324.0,29,12.572231766359518,8.615753032432712,15.010351966873706
Curacao,2008,154784.0,1890.0,1348.0,28,12.210564399421129,8.708910481703535,14.814814814814815
Curacao,2009,155832.0,1904.0,1376.0,27,12.218286359669388,8.830022075055188,14.180672268907562
Curacao,2010,156881.0,2205.0,1352.0,30,14.055239321523958,8.617997080589747,13.605442176870747
Curacao,2011,158572.0,2118.0,1350.0,28,13.356708624473425,8.513482834296093,13.220018885741265
Curacao,2012,160904.0,2262.0,1367.0,29,14.058071893800031,8.495749018048029,12.82051282051282
Curacao,2013,163122.0,2191.0,1387.0,27,13.431664643640955,8.502838366376086,12.323140118667276
Curacao,2014,165041.0,2109.0,1422.0,25,12.778642882677637,8.616040862573541,11.853959222380274
Curacao,2015,166621.0,2020.0,1459.0,24,12.123321790170506,8.756399253395431,11.881188118811881
Curacao,2016,167787.0,1821.0,1532.0,21,10.85304582595791,9.130623945836088,11.532125205930807
Curacao,2017,168525.0,1572.0,1570.0,19,9.327992879394749,9.316125203975671,12.086513994910941
Curacao,2018,181590.0,1621.0,1616.0,19,8.926703012280413,8.899168456412799,11.721159777914869
Curacao,2019,189555.0,1601.0,1699.0,19,8.446097438738098,8.96309778164649,11.867582760774516
Curacao,2020,185029.0,1388.0,1737.0,16,7.50152678769274,9.387717601024704,11.527377521613833
Curacao,2021,185324.0,1377.0,1934.0,16,7.430230299367595,10.43577734130496,11.619462599854756
Curacao,2022,185350.0,1385.0,1803.0,16,7.472349608848125,9.727542487186405,11.55234657039711
Cyprus,2000,947667.0,11839.0,6273.0,79,12.492784912843858,6.619413781423222,6.672860883520568
Cyprus,2001,964129.0,11613.0,6302.0,72,12.045068657824835,6.53646970478017,6.199948333763886
Cyprus,2002,981443.0,11396.0,6179.0,67,11.61147412534401,6.29583174978068,5.879255879255879
Cyprus,2003,999600.0,11746.0,6267.0,64,11.750700280112044,6.269507803121249,5.448663374765878
Cyprus,2004,1017875.0,12106.0,6399.0,60,11.893405378853002,6.2866265504113965,4.956220056170494
Cyprus,2005,1036156.0,12126.0,6478.0,57,11.702870996259252,6.251954338921939,4.700643245917862
Cyprus,2006,1054424.0,12677.0,6509.0,55,12.022677784268947,6.173038549957133,4.338565906760275
Cyprus,2007,1072727.0,12479.0,6492.0,51,11.632969059229422,6.051865945389647,4.086865934770414
Cyprus,2008,1091029.0,13078.0,6646.0,50,11.986849112168422,6.091497109609369,3.8232145588010398
Cyprus,2009,1109377.0,13390.0,6570.0,47,12.069837395222724,5.922242844407267,3.51008215085885
Cyprus,2010,1127826.0,13358.0,6634.0,45,11.844025585506984,5.882113020980187,3.3687677796077256
Cyprus,2011,1146493.0,13006.0,6742.0,43,11.344159973065688,5.8805417913585165,3.3061663847455023
Cyprus,2012,1165403.0,13529.0,6804.0,43,11.608859767822805,5.838323738655212,3.1783576021878925
Cyprus,2013,1183899.0,13055.0,6947.0,41,11.027123090736625,5.867899204239551,3.1405591727307542
Cyprus,2014,1201806.0,13390.0,7203.0,41,11.141565277590558,5.993479812881613,3.061986557132188
Cyprus,2015,1219504.0,13710.0,7378.0,42,11.242275548091683,6.050000656004409,3.063457330415755
Cyprus,2016,1237114.0,14234.0,7593.0,43,11.505811105524632,6.137672033458517,3.0209357875509344
Cyprus,2017,1254274.0,13995.0,7921.0,43,11.157849082417398,6.315207044074899,3.0725259021078957
Cyprus,2018,1270743.0,14015.0,8112.0,45,11.028980682954774,6.383666878353845,3.210845522654299
Cyprus,2019,1286669.0,14172.0,8498.0,46,11.014487797560989,6.604651235088434,3.245836861416878
Cyprus,2020,1302250.0,14510.0,8683.0,48,11.142253791514687,6.667690535611442,3.3080634045485873
Cyprus,2021,1317311.0,14802.0,9501.0,51,11.236526530181559,7.2124198461866635,3.445480340494528
Cyprus,2022,1331376.0,14710.0,10246.0,75,11.048719520255734,7.695797430628162,5.098572399728076
Czechia,2000,10236809.0,90473.0,109158.0,475,8.83800801597451,10.663283841673708,5.250185138107502
Czechia,2001,10231942.0,90693.0,107906.0,453,8.863713261861728,10.545994103563137,4.99487281267573
Czechia,2002,10239474.0,92714.0,108277.0,488,9.054566670123874,10.574468961979884,5.263498500765796
Czechia,2003,10248907.0,93762.0,111399.0,457,9.148487736302027,10.86935416625402,4.874042789189651
Czechia,2004,10261453.0,97916.0,107234.0,449,9.54211845047675,10.450176987605946,4.585563135749009
Czechia,2005,10280155.0,102469.0,107980.0,421,9.967651265958539,10.503732677182397,4.10855966194654
Czechia,2006,10304592.0,106419.0,104492.0,435,10.327337559798583,10.140333552264854,4.0876159332450035
Czechia,2007,10337539.0,114489.0,104655.0,452,11.075073090413492,10.123782846188053,3.94797753495969
Czechia,2008,10378298.0,118839.0,104875.0,409,11.450721495952418,10.105221492001867,3.441631114364813
Czechia,2009,10420985.0,117739.0,107391.0,412,11.298260193254285,10.305263849818418,3.499265324149177
Czechia,2010,10464035.0,116320.0,106763.0,393,11.116170769688749,10.202851959115197,3.378610729023384
Czechia,2011,10495508.0,108487.0,106869.0,363,10.336517298638617,10.182356108918215,3.3460230258003265
Czechia,2012,10507339.0,108000.0,108160.0,353,10.278530082640334,10.293757534614615,3.2685185185185186
Czechia,2013,10511164.0,106266.0,109226.0,328,10.109822280386835,10.391427628757386,3.086594018783054
Czechia,2014,10517223.0,109036.0,105696.0,328,10.36737549446275,10.049801168996796,3.0081807843281116
Czechia,2015,10524418.0,110923.0,111230.0,334,10.539585181812429,10.568755440918443,3.0110977885560257
Czechia,2016,10531946.0,112635.0,107770.0,391,10.694604776743065,10.232676848134238,3.4713898876903273
Czechia,2017,10541343.0,114314.0,111614.0,372,10.844348770360664,10.58821442391164,3.2541945868397573
Czechia,2018,10548934.0,113821.0,112928.0,361,10.789810610247443,10.705157506910178,3.171646708428146
Czechia,2019,10554872.0,112029.0,112451.0,348,10.613961021981128,10.653942558469682,3.1063385373430092
Czechia,2020,10550129.0,110250.0,129212.0,309,10.450109188238361,12.24743318304449,2.802721088435374
Czechia,2021,10530683.0,111795.0,140176.0,298,10.616120530833564,13.311197383873392,2.665593273402209
Czechia,2022,10673216.0,96941.0,117353.0,295,9.082642007807207,10.995092763043491,3.0430880638739026
Democratic Republic of Congo,2000,50507445.0,2287896.0,738369.0,349768,45.29819316736374,14.619013097970013,152.87757835146354
Democratic Republic of Congo,2001,52132646.0,2344778.0,749769.0,349566,44.977153087529835,14.381947925681732,149.08277030917213
Democratic Republic of Congo,2002,53750529.0,2395052.0,763459.0,348341,44.55866843654692,14.20374858078141,145.44193612497767
Democratic Republic of Congo,2003,55343873.0,2443727.0,764538.0,344842,44.155330437390965,13.814320512046564,141.11314398048555
Democratic Republic of Congo,2004,56997740.0,2495424.0,764413.0,340832,43.781104303433786,13.411286131695748,136.58280115924188
Democratic Republic of Congo,2005,58775726.0,2570127.0,769817.0,338124,43.72769466088773,13.097532814822227,131.55925757754383
Democratic Republic of Congo,2006,60615909.0,2665465.0,776055.0,336652,43.973026949080314,12.802827059807022,126.30141457494284
Democratic Republic of Congo,2007,62477753.0,2746572.0,782823.0,335167,43.96079993465834,12.52962794612668,122.03102631207193
Democratic Republic of Congo,2008,64390658.0,2833867.0,789708.0,334016,44.01053022318858,12.264325672832852,117.86579962997558
Democratic Republic of Congo,2009,66412038.0,2924268.0,797321.0,332430,44.03219789761609,12.005669815463275,113.67973113271424
Democratic Republic of Congo,2010,68563038.0,3011258.0,799042.0,330395,43.919553273004034,11.654121860819528,109.71992436383731
Democratic Republic of Congo,2011,70849311.0,3115991.0,805373.0,329332,43.98054061527853,11.367407651995373,105.69093428061892
Democratic Republic of Congo,2012,73254623.0,3219513.0,814058.0,328637,43.949622128285334,11.112718442356874,102.07661842023934
Democratic Republic of Congo,2013,75789397.0,3311232.0,821887.0,327141,43.68991087236121,10.844353333488062,98.79736605589702
Democratic Republic of Congo,2014,78403248.0,3410957.0,830675.0,326118,43.5053022293158,10.594905455957642,95.6089449383267
Democratic Republic of Congo,2015,81035532.0,3503691.0,838654.0,324595,43.23647804274302,10.349213231548847,92.64372914163948
Democratic Republic of Congo,2016,83956416.0,3599622.0,845927.0,322955,42.87488879944566,10.075787418081305,89.71914273220911
Democratic Republic of Congo,2017,87083400.0,3742518.0,859293.0,323318,42.976250353109776,9.867471871791869,86.39049965825147
Democratic Republic of Congo,2018,90047647.0,3861913.0,868698.0,322548,42.88743935752147,9.647092721923096,83.5202657335885
Democratic Republic of Congo,2019,92947450.0,3954796.0,879236.0,322058,42.548730492337334,9.459495661258055,81.43479461393206
Democratic Republic of Congo,2020,95990000.0,4049813.0,893708.0,317765,42.189946869465565,9.310428169601,78.46411673822965
Democratic Republic of Congo,2021,99148930.0,4158030.0,929997.0,315853,41.937215056178616,9.379798652390903,75.96217439508614
Democratic Republic of Congo,2022,102396974.0,4262077.0,914408.0,313252,41.62307569752989,8.930029514348735,73.49749898934252
Denmark,2000,5339659.0,66726.0,57911.0,413,12.496303602907975,10.845449119503698,6.189491352696101
Denmark,2001,5358825.0,65232.0,58337.0,384,12.172817735231137,10.886155080638014,5.886681383370125
Denmark,2002,5375967.0,64086.0,58535.0,349,11.920832103322063,10.88827368173949,5.4458071965795956
Denmark,2003,5390621.0,64479.0,57553.0,353,11.961330614784456,10.676506473001904,5.474650661455668
Denmark,2004,5404594.0,64414.0,55773.0,341,11.918379067881881,10.319554068261187,5.293880212376191
Denmark,2005,5419550.0,64094.0,54868.0,327,11.826443154874482,10.124087793266968,5.101881611383281
Denmark,2006,5437425.0,64609.0,55489.0,289,11.882278836029922,10.205014322036627,4.473061028649259
Denmark,2007,5461604.0,63750.0,55549.0,305,11.672395142525897,10.170821612112485,4.784313725490196
Denmark,2008,5493762.0,64435.0,54651.0,302,11.728757088494188,9.947828100307222,4.68689376891441
Denmark,2009,5523169.0,62612.0,54904.0,232,11.336245550335324,9.94066993061411,3.7053599948891587
Denmark,2010,5547865.0,62763.0,54178.0,246,11.313000586712185,9.76555846257975,3.9195067157401655
Denmark,2011,5570848.0,58926.0,52568.0,241,10.577563774850795,9.436265358523514,4.089875436988765
Denmark,2012,5591911.0,57591.0,52183.0,231,10.298983656928732,9.331872413563092,4.011043392196697
Denmark,2013,5615333.0,55718.0,52536.0,232,9.922474766857105,9.355812023970795,4.163824975770846
Denmark,2014,5643795.0,56567.0,51433.0,260,10.02286581989601,9.113194224807954,4.596319408842612
Denmark,2015,5683698.0,57806.0,52656.0,236,10.170491113356128,9.264390894801238,4.082621181192264
Denmark,2016,5728196.0,60927.0,52765.0,228,10.636332974639835,9.211451563459072,3.742183268501649
Denmark,2017,5765164.0,61052.0,53223.0,263,10.58981149538851,9.231827576804406,4.307803184170871
Denmark,2018,5793824.0,61189.0,55174.0,250,10.561073308405641,9.52289886610294,4.08570167840625
Denmark,2019,5814618.0,61068.0,53899.0,207,10.502495606762128,9.26956852539582,3.389663981135783
Denmark,2020,5831529.0,60993.0,54684.0,214,10.459178030324464,9.377300533016298,3.508599347466103
Denmark,2021,5856774.0,63475.0,57041.0,234,10.837877643904307,9.739320656730138,3.6864907443875543
Denmark,2022,5902901.0,58095.0,59397.0,213,9.841771020723538,10.062340533917137,3.666408468887168
Djibouti,2000,747326.0,25005.0,7988.0,2425,33.45929353454851,10.688775715015936,96.98060387922415
Djibouti,2001,771311.0,25659.0,7948.0,2425,33.26673676376974,10.30453345019065,94.50874936669395
Djibouti,2002,795576.0,26258.0,8095.0,2429,33.00501774814726,10.17501784870333,92.50514129027344
Djibouti,2003,813528.0,26584.0,8243.0,2414,32.677424747519446,10.132410931154183,90.80650015046645
Djibouti,2004,826133.0,26106.0,8350.0,2379,31.600238702484948,10.107331386108532,91.12847621236497
Djibouti,2005,839174.0,25652.0,8289.0,2265,30.568153922785978,9.877570086775807,88.2972087946359
Djibouti,2006,855767.0,25151.0,8249.0,2176,29.390009196428466,9.639306026056158,86.51743469444554
Djibouti,2007,874530.0,24911.0,8267.0,2101,28.485014807953988,9.4530776531394,84.3402512946088
Djibouti,2008,892739.0,24598.0,8240.0,2011,27.553405866664278,9.23002131642059,81.75461419627612
Djibouti,2009,911524.0,24524.0,8195.0,1936,26.904393082354385,8.990437991758856,78.94307617028218
Djibouti,2010,930252.0,24457.0,8232.0,1876,26.290725523836553,8.849215051405425,76.70605552602527
Djibouti,2011,948565.0,24338.0,8172.0,1801,25.657704005524135,8.615118626556956,73.99950694387378
Djibouti,2012,966754.0,24227.0,8197.0,1741,25.060149738196067,8.478889148635538,71.8619721797994
Djibouti,2013,984833.0,24218.0,8229.0,1685,24.590971261117367,8.355731377807203,69.57634817078207
Djibouti,2014,1002720.0,24160.0,8307.0,1633,24.094463060475505,8.284466251795116,67.59105960264901
Djibouti,2015,1020316.0,24045.0,8326.0,1573,23.566228501758278,8.160217030802222,65.41900603035974
Djibouti,2016,1037660.0,23929.0,8311.0,1518,23.060540061291753,8.009367230113911,63.43766977307869
Djibouti,2017,1054844.0,23948.0,8359.0,1468,22.70288308034174,7.924394507623877,61.29948221145816
Djibouti,2018,1071886.0,23917.0,8392.0,1420,22.31300716680692,7.829190790811709,59.37199481540327
Djibouti,2019,1088710.0,23857.0,8487.0,1375,21.913089803528948,7.7954643568994495,57.63507565913569
Djibouti,2020,1105193.0,23847.0,8880.0,1327,21.57722678301437,8.03479573251007,55.64641254665157
Djibouti,2021,1121251.0,23892.0,9336.0,1281,21.30834219991777,8.326413978672036,53.6162732295329
Djibouti,2022,1137101.0,23915.0,8581.0,1240,21.031553045859603,7.546383302802478,51.85030315701442
Dominica,2000,68527.0,1228.0,665.0,22,17.919943963693143,9.704204182293111,17.915309446254074
Dominica,2001,68299.0,1230.0,671.0,22,18.009048448732777,9.824448381381865,17.88617886178862
Dominica,2002,68385.0,1107.0,675.0,21,16.187760473788114,9.870585654748849,18.970189701897016
Dominica,2003,68552.0,1069.0,679.0,21,15.594001633796243,9.904889718753648,19.644527595884004
Dominica,2004,68664.0,1046.0,685.0,21,15.233601304905045,9.976115577303972,20.076481835564053
Dominica,2005,68750.0,1032.0,690.0,21,15.01090909090909,10.036363636363637,20.348837209302328
Dominica,2006,68823.0,1070.0,701.0,22,15.547128140301934,10.185548435842668,20.560747663551403
Dominica,2007,68862.0,1041.0,718.0,22,15.117190903546224,10.426650402253783,21.133525456292027
Dominica,2008,68866.0,1010.0,734.0,22,14.66616327360381,10.658380042401186,21.78217821782178
Dominica,2009,68879.0,981.0,757.0,22,14.242367049463551,10.990287315437216,22.426095820591232
Dominica,2010,68872.0,963.0,787.0,22,13.982460216052967,11.426995005227088,22.845275181723782
Dominica,2011,69073.0,947.0,820.0,22,13.710132758096508,11.871498269946288,23.231256599788807
Dominica,2012,69138.0,959.0,787.0,23,13.870809106424833,11.383031039370534,23.983315954118872
Dominica,2013,69733.0,927.0,809.0,23,13.293562588731303,11.6013938881161,24.811218985976268
Dominica,2014,70387.0,963.0,701.0,24,13.681503686760339,9.95922542514953,24.922118380062305
Dominica,2015,70429.0,923.0,769.0,30,13.105396924562324,10.918797654375329,32.50270855904658
Dominica,2016,69627.0,899.0,718.0,24,12.911657833886279,10.312091573671134,26.696329254727477
Dominica,2017,68514.0,809.0,939.0,34,11.807805703943721,13.705228128557668,42.027194066749075
Dominica,2018,68195.0,793.0,846.0,23,11.628418505755553,12.40560158369382,29.003783102143757
Dominica,2019,67901.0,781.0,849.0,23,11.502039734319082,12.503497739355828,29.449423815621
Dominica,2020,67588.0,771.0,854.0,23,11.407350417233829,12.63537906137184,29.831387808041505
Dominica,2021,67222.0,756.0,960.0,23,11.246318169646841,14.281038945583292,30.42328042328042
Dominica,2022,66847.0,745.0,855.0,23,11.144853172169283,12.790401962690922,30.87248322147651
Dominican Republic,2000,8584196.0,219389.0,47700.0,9241,25.55731486093747,5.556723075754561,42.1215284266759
Dominican Republic,2001,8720287.0,218606.0,48418.0,8954,25.068670331607205,5.552340192473023,40.95953450499986
Dominican Republic,2002,8852231.0,215858.0,49115.0,8585,24.384587343009915,5.548318836234617,39.771516459894926
Dominican Republic,2003,8980626.0,213179.0,49920.0,8253,23.7376548138181,5.558632549668586,38.71394461931053
Dominican Republic,2004,9104889.0,210347.0,51557.0,8230,23.102642986641573,5.662562168522867,39.12582542180302
Dominican Republic,2005,9225035.0,207235.0,51824.0,7646,22.464413414149647,5.617756463796614,36.895312085313776
Dominican Republic,2006,9341187.0,204201.0,53069.0,7435,21.860283923231595,5.681183772469173,36.410203671872324
Dominican Republic,2007,9455663.0,206408.0,54341.0,7433,21.829035150681662,5.74692647147006,36.0112011162358
Dominican Republic,2008,9573135.0,211761.0,55093.0,7431,22.120339888657163,5.7549590599108855,35.091447433663426
Dominican Republic,2009,9695270.0,216627.0,55737.0,7537,22.343575784893048,5.748885796888586,34.79252355431225
Dominican Republic,2010,9820180.0,217689.0,55607.0,7568,22.167516277705705,5.662523497532631,34.76519254532843
Dominican Republic,2011,9945623.0,217516.0,55425.0,7668,21.870525355726834,5.572803232135382,35.25257912061641
Dominican Republic,2012,10070409.0,216738.0,55826.0,7598,21.52226389216168,5.543568290026751,35.056150744216524
Dominican Republic,2013,10193838.0,215900.0,56564.0,7564,21.179461553146126,5.54884234966261,35.03473830477073
Dominican Republic,2014,10315523.0,215022.0,57757.0,7525,20.844507835424338,5.599037489422495,34.99641897108203
Dominican Republic,2015,10434826.0,214311.0,60058.0,7491,20.538052095933367,5.755534399902786,34.953875442697765
Dominican Republic,2016,10551430.0,213553.0,62004.0,7455,20.239247192086758,5.876359886764164,34.90936676141286
Dominican Republic,2017,10666846.0,213428.0,61866.0,7395,20.008538606444677,5.799839990190165,34.64868714507937
Dominican Republic,2018,10782048.0,214001.0,63149.0,7348,19.847899026233236,5.856865040853092,34.33628814818623
Dominican Republic,2019,10894043.0,211667.0,66804.0,7214,19.429609374591234,6.132158648538471,34.081836091596706
Dominican Republic,2020,11008298.0,208680.0,71258.0,7015,18.956608914475247,6.473116915984651,33.61606287138202
Dominican Republic,2021,11123480.0,206574.0,77714.0,6828,18.570986777519266,6.986482647516785,33.05353045397775
Dominican Republic,2022,11230734.0,205012.0,66253.0,6641,18.25455041495952,5.899258231919659,32.393225762394394
East Timor,2000,745095.0,28792.0,7214.0,3101,38.64205235573987,9.68198686073588,107.70352875798834
East Timor,2001,812253.0,30897.0,7581.0,3203,38.038640669840554,9.33329886131538,103.66702268828688
East Timor,2002,879170.0,33406.0,7995.0,3307,37.99720190634348,9.093804383680062,98.9941926600012
East Timor,2003,916876.0,35176.0,8275.0,3342,38.36505699789284,9.025211697110622,95.00795997270866
East Timor,2004,929081.0,34865.0,8106.0,3181,37.52632978179513,8.724750586870252,91.2376308618959
East Timor,2005,948310.0,34363.0,7951.0,3013,36.236040957071005,8.38438907108435,87.68151791170736
East Timor,2006,976610.0,34240.0,8023.0,2888,35.06005467894042,8.215152414986534,84.34579439252336
East Timor,2007,1004898.0,34212.0,8136.0,2772,34.04524638321501,8.09634410656604,81.02420203437391
East Timor,2008,1032431.0,34170.0,8279.0,2658,33.096642778064584,8.018937827322116,77.7875329236172
East Timor,2009,1058783.0,34145.0,8447.0,2540,32.249289986711155,7.97802760338993,74.38863669644165
East Timor,2010,1084688.0,34155.0,8642.0,2429,31.488317377900373,7.967268007021374,71.11696676914069
East Timor,2011,1110212.0,34060.0,8828.0,2351,30.678825305437158,7.951634462607141,69.02524955960071
East Timor,2012,1134891.0,33813.0,8923.0,2265,29.794050706191168,7.862429079092178,66.98607044627806
East Timor,2013,1158697.0,33558.0,9019.0,2174,28.961842483410244,7.783743290955271,64.78336015257166
East Timor,2014,1181913.0,33159.0,9121.0,2081,28.055364481142014,7.717150077882213,62.75822551946682
East Timor,2015,1205133.0,32611.0,9224.0,1992,27.060083824772867,7.653926993950046,61.083683419705004
East Timor,2016,1228314.0,32120.0,9347.0,1920,26.149665313592454,7.609617736181464,59.77584059775841
East Timor,2017,1251711.0,31606.0,9461.0,1845,25.250237474944296,7.558453988180978,58.37499209010947
East Timor,2018,1275962.0,31236.0,9592.0,1777,24.48035286317304,7.517465253667429,56.889486489947494
East Timor,2019,1300946.0,31034.0,9727.0,1723,23.85494862968947,7.476866833827076,55.51975252948379
East Timor,2020,1326051.0,30966.0,9801.0,1666,23.35204302096978,7.391118441145929,53.800942969708714
East Timor,2021,1350142.0,30689.0,10588.0,1606,22.73020171211621,7.842138086216116,52.331454267001206
East Timor,2022,1369299.0,30704.0,10087.0,1526,22.423152284490094,7.366543026760408,49.70036477331944
Ecuador,2000,12689215.0,325418.0,65573.0,9688,25.645242830230238,5.167616751706075,29.770940759269614
Ecuador,2001,12910736.0,324599.0,65231.0,9170,25.14178897314607,5.052461765154209,28.250241066669954
Ecuador,2002,13138473.0,323935.0,64479.0,8704,24.655452730313485,4.907647943562391,26.86958803463658
Ecuador,2003,13372304.0,323349.0,64413.0,8272,24.18050023391631,4.816896175857205,25.582265601563634
Ecuador,2004,13608700.0,322931.0,65504.0,7897,23.729746412221594,4.813391433421267,24.454140358157005
Ecuador,2005,13846162.0,322850.0,67554.0,7560,23.316930713363025,4.878897126871692,23.416447266532444
Ecuador,2006,14086138.0,323530.0,69347.0,7265,22.967970354968838,4.923066918696948,22.455413717429607
Ecuador,2007,14328783.0,323895.0,70474.0,6963,22.604501722163004,4.918352102896666,21.497707590422824
Ecuador,2008,14575201.0,327954.0,70070.0,6758,22.500821772543652,4.807480871104282,20.606548479359912
Ecuador,2009,14825960.0,332509.0,71613.0,6527,22.427485302806698,4.830243707658728,19.629543861970653
Ecuador,2010,15076697.0,329979.0,72574.0,6234,21.886690433587678,4.813653812900796,18.892111316174667
Ecuador,2011,15326232.0,333805.0,75643.0,6016,21.779978275155955,4.935524922237899,18.02249816509639
Ecuador,2012,15572195.0,326145.0,76322.0,5692,20.94406087260017,4.90117160747088,17.45236014656058
Ecuador,2013,15807132.0,310704.0,76600.0,5252,19.65593758564172,4.845913857112094,16.90354807147639
Ecuador,2014,16035127.0,303002.0,77206.0,4918,18.896139706283588,4.814804397869752,16.230915967551372
Ecuador,2015,16266229.0,298607.0,79195.0,4660,18.3574816265036,4.868676077288718,15.605796247241358
Ecuador,2016,16505142.0,290846.0,82610.0,4473,17.621538790759875,5.00510689335481,15.379272879805807
Ecuador,2017,16759515.0,296263.0,84905.0,4259,17.677301520956902,5.066077389470996,14.375740473835748
Ecuador,2018,17049542.0,298755.0,79255.0,4143,17.522758089337533,4.6485119658932765,13.867550333885625
Ecuador,2019,17340017.0,293458.0,82414.0,3968,16.92374350036681,4.7528211765882356,13.521526078689284
Ecuador,2020,17546058.0,287589.0,131143.0,3768,16.390519169604932,7.474214436085872,13.1020310234397
Ecuador,2021,17682454.0,280840.0,125687.0,3569,15.882410891610407,7.108006614918947,12.70830366044723
Ecuador,2022,17823900.0,274903.0,95581.0,3382,15.423279978007058,5.3625188651193065,12.30252125295104
Egypt,2000,73083287.0,2001867.0,461788.0,93461,27.39158407037713,6.318653948884373,46.686917762268926
Egypt,2001,74652035.0,2034454.0,465475.0,89323,27.25249217921521,6.235262039407231,43.90514604901364
Egypt,2002,76239140.0,2064224.0,470750.0,85654,27.07564644616925,6.174649923910474,41.49452772567319
Egypt,2003,77853548.0,2091590.0,477304.0,82269,26.86569917147514,6.130793165649946,39.333234524930795
Egypt,2004,79477441.0,2111602.0,484912.0,79045,26.568570570861738,6.101253310357589,37.43366410905085
Egypt,2005,81101012.0,2154522.0,493921.0,76651,26.565907710251505,6.0901952740121175,35.57680079386518
Egypt,2006,82700404.0,2196664.0,503294.0,74505,26.561708211244046,6.085750197786216,33.91734011209725
Egypt,2007,84276224.0,2262766.0,513415.0,73071,26.849399422546508,6.092050350998165,32.292777954061535
Egypt,2008,85864791.0,2316318.0,523309.0,71577,26.976342375304913,6.094570241252902,30.901197503969662
Egypt,2009,87501635.0,2380803.0,532741.0,70312,27.208668729447172,6.088354806170193,29.53289289370015
Egypt,2010,89196073.0,2452077.0,541987.0,69285,27.49086274235414,6.076354953429396,28.255637975479562
Egypt,2011,91093066.0,2502876.0,551057.0,68041,27.47603203958466,6.049384702892754,27.185126230784107
Egypt,2012,93161000.0,2619435.0,558907.0,67663,28.11729157050697,5.999366687777074,25.83114297548899
Egypt,2013,95333551.0,2725683.0,568793.0,67797,28.5910151400948,5.966346517397636,24.873398704104623
Egypt,2014,97528655.0,2769134.0,573333.0,66218,28.39302972034219,5.878610752911541,23.912891178252842
Egypt,2015,99597334.0,2807083.0,579420.0,64887,28.184318668610146,5.817625600299703,23.115454726490096
Egypt,2016,101644583.0,2711820.0,580088.0,61143,26.67943455481538,5.707023265568417,22.546850454676196
Egypt,2017,103696055.0,2706428.0,583607.0,58739,26.09962355848542,5.628054027706261,21.70351474341826
Egypt,2018,105682092.0,2493224.0,584761.0,53250,23.591735863820713,5.533208029227884,21.35788842077567
Egypt,2019,107553159.0,2394940.0,589117.0,49344,22.267500297225116,5.477449528005031,20.603438917050113
Egypt,2020,109315118.0,2405407.0,700366.0,47164,22.0043397839995,6.4068539906804105,19.607492619752083
Egypt,2021,110957005.0,2347231.0,780671.0,44457,21.154419227519703,7.035797334291782,18.94018952544509
Egypt,2022,112618252.0,2375206.0,639135.0,43138,21.090773101326416,5.675234596963909,18.161793124470044
El Salvador,2000,5943363.0,161255.0,38936.0,5274,27.131945331288026,6.551173132113923,32.70596260581067
El Salvador,2001,5968058.0,154131.0,39814.0,4885,25.825988956541643,6.67118181492204,31.693818894317175
El Salvador,2002,5986629.0,146110.0,39975.0,4316,24.406055561485438,6.677380542539049,29.539388132229146
El Salvador,2003,5998597.0,138834.0,40985.0,3955,23.1444119349908,6.832430983444962,28.48725816442658
El Salvador,2004,6004673.0,132491.0,41589.0,3525,22.064648649476833,6.926105717996633,26.60558075642874
El Salvador,2005,6005583.0,128358.0,43474.0,3261,21.373112318987182,7.238930841518633,25.40550647408031
El Salvador,2006,6002321.0,125881.0,44996.0,2979,20.972053977119852,7.496433462988733,23.665207616717375
El Salvador,2007,6009820.0,123595.0,46825.0,2770,20.565507785590917,7.791414717911685,22.411909866904
El Salvador,2008,6029302.0,120858.0,45749.0,2596,20.045106382131795,7.587777158948084,21.479753098677786
El Salvador,2009,6048284.0,119965.0,45057.0,2499,19.8345514198738,7.449550980079639,20.831075730421375
El Salvador,2010,6068253.0,119481.0,43789.0,2309,19.689521844260614,7.2160801469549805,19.32524836584896
El Salvador,2011,6090128.0,119474.0,43290.0,2209,19.617650072379433,7.108224983120223,18.489378442171517
El Salvador,2012,6113977.0,118547.0,43056.0,2080,19.389507026277656,7.042224725411954,17.54578352889571
El Salvador,2013,6138845.0,117772.0,43906.0,1975,19.184716343220913,7.152159730372733,16.769690588594912
El Salvador,2014,6162952.0,117183.0,44607.0,1883,19.01410233277819,7.237927538621102,16.0688837118012
El Salvador,2015,6183675.0,114888.0,45622.0,1780,18.579242925929968,7.377813355326727,15.493350045261472
El Salvador,2016,6200808.0,109938.0,46192.0,1647,17.729624913398386,7.4493517618994165,14.981171205588605
El Salvador,2017,6213538.0,106386.0,46568.0,1537,17.121646314869242,7.4946029138310575,14.447389694132687
El Salvador,2018,6219803.0,103765.0,46254.0,1441,16.683004268784718,7.436569936379014,13.887148845949984
El Salvador,2019,6222316.0,103104.0,46288.0,1373,16.570035980172012,7.439030740322414,13.31665114835506
El Salvador,2020,6234679.0,101646.0,53398.0,1313,16.303325319555345,8.564675101957937,12.91737992641127
El Salvador,2021,6255780.0,101029.0,54501.0,1244,16.149704753044386,8.71210304710204,12.313296182284295
El Salvador,2022,6280316.0,99985.0,46842.0,1199,15.92037725490246,7.458541895025665,11.991798769815471
Equatorial Guinea,2000,703287.0,28690.0,9555.0,4321,40.79415658187909,13.586203072145512,150.6099686301847
Equatorial Guinea,2001,749836.0,30313.0,9939.0,4424,40.42617318987085,13.254898404451108,145.94398442912282
Equatorial Guinea,2002,797968.0,32057.0,10311.0,4517,40.173290156998775,12.921570789806108,140.9052625011698
Equatorial Guinea,2003,847867.0,33907.0,10735.0,4615,39.99094197556928,12.661183888510816,136.10758840357448
Equatorial Guinea,2004,899924.0,35845.0,11182.0,4714,39.83114129637614,12.425493708357594,131.5106709443437
Equatorial Guinea,2005,947370.0,37814.0,11700.0,4832,39.91471125325902,12.349979416700974,127.78336066007299
Equatorial Guinea,2006,990349.0,39298.0,11893.0,4857,39.68096095416868,12.00889787337595,123.59407603440378
Equatorial Guinea,2007,1036053.0,40807.0,12138.0,4878,39.38698116795184,11.715616865160374,119.53831450486436
Equatorial Guinea,2008,1084538.0,42302.0,12359.0,4890,39.00462685493731,11.395635745358854,115.59737128268168
Equatorial Guinea,2009,1135683.0,43778.0,12596.0,4896,38.547728547490806,11.091123139115405,111.8369957512906
Equatorial Guinea,2010,1189097.0,45207.0,12836.0,4891,38.01792452592177,10.794745929053727,108.19120932598935
Equatorial Guinea,2011,1241843.0,46562.0,13065.0,4872,37.4942726254446,10.520653576981953,104.63468064086594
Equatorial Guinea,2012,1293485.0,47565.0,13213.0,4830,36.77274958735509,10.215039215762069,101.54525386313466
Equatorial Guinea,2013,1346220.0,48510.0,13351.0,4768,36.0342291750234,9.917398344995618,98.28901257472685
Equatorial Guinea,2014,1399829.0,49389.0,13500.0,4703,35.282166607492776,9.64403509285777,95.22363279272712
Equatorial Guinea,2015,1453925.0,50205.0,13657.0,4625,34.53066698763691,9.393194284436955,92.12229857583907
Equatorial Guinea,2016,1508192.0,50965.0,13786.0,4541,33.79211665358257,9.140746005813584,89.10036299421172
Equatorial Guinea,2017,1562401.0,51669.0,13924.0,4451,33.070255331377794,8.911924659546429,86.14449670014902
Equatorial Guinea,2018,1616425.0,52372.0,14039.0,4363,32.39989482963948,8.685215831232505,83.30787443672192
Equatorial Guinea,2019,1670184.0,53083.0,14186.0,4269,31.782725735607574,8.493674948388922,80.42122713486427
Equatorial Guinea,2020,1716479.0,53813.0,14815.0,4182,31.35080592305528,8.63104063609284,77.71356363703939
Equatorial Guinea,2021,1758796.0,54000.0,14844.0,4066,30.70282170302866,8.439864543699212,75.29629629629629
Equatorial Guinea,2022,1803549.0,54328.0,14460.0,3958,30.12283004232211,8.017525445662967,72.85377705787072
Eritrea,2000,2247036.0,85318.0,25041.0,7764,37.96912911052604,11.144013714065997,91.00072669307767
Eritrea,2001,2312083.0,84051.0,22878.0,6897,36.35293369658442,9.894973493598629,82.05732234000786
Eritrea,2002,2392981.0,88733.0,23297.0,6751,37.0805284287673,9.735555777500949,76.08217912163457
Eritrea,2003,2493906.0,89516.0,23227.0,6518,35.89389495835048,9.313502593922946,72.81379865052058
Eritrea,2004,2598288.0,96136.0,23992.0,6565,36.99974752606332,9.233772391667129,68.28867437796455
Eritrea,2005,2661215.0,96786.0,23854.0,6422,36.36910208307108,8.963574908453468,66.35257165292501
Eritrea,2006,2703501.0,97810.0,23343.0,6205,36.17901380469251,8.634359669184512,63.43932113280851
Eritrea,2007,2743226.0,95916.0,22811.0,5936,34.96467297991489,8.315392169657185,61.88748488260561
Eritrea,2008,2816331.0,96139.0,22750.0,5778,34.13625742144655,8.077885731471195,60.10047951403696
Eritrea,2009,2887887.0,98804.0,22597.0,5619,34.21325003367514,7.824752145773016,56.87016719970851
Eritrea,2010,2945184.0,98525.0,22427.0,5419,33.452918391516455,7.614804372154677,55.00126871352449
Eritrea,2011,2998493.0,99045.0,22238.0,5246,33.031592870151776,7.416392167665558,52.9658236155283
Eritrea,2012,3036998.0,98430.0,22016.0,5050,32.41029463964085,7.249263911270274,51.30549629178096
Eritrea,2013,3074367.0,97464.0,21897.0,4856,31.702135756726506,7.122441790456377,49.82352458343593
Eritrea,2014,3095168.0,97363.0,21633.0,4676,31.456450829163394,6.989281357263968,48.026457689265946
Eritrea,2015,3105554.0,94888.0,21200.0,4429,30.55429079642473,6.826479269077272,46.67608127476604
Eritrea,2016,3124700.0,94027.0,21029.0,4236,30.09152878676353,6.729926072902998,45.05088963808268
Eritrea,2017,3150350.0,93097.0,20802.0,4051,29.551319694637105,6.603075848715222,43.513754471143
Eritrea,2018,3192763.0,93212.0,20697.0,3905,29.194775810168185,6.48247301788451,41.89374758614771
Eritrea,2019,3240194.0,94352.0,20787.0,3799,29.119244094643715,6.415356611363394,40.26411734780397
Eritrea,2020,3291277.0,95027.0,21663.0,3692,28.872379930343147,6.58194372579397,38.852115714481144
Eritrea,2021,3350185.0,96545.0,22149.0,3610,28.81781155369032,6.611276690690215,37.39188979232482
Eritrea,2022,3409450.0,97765.0,21542.0,3530,28.674712930238016,6.318321136840253,36.10699125453894
Estonia,2000,1397001.0,13011.0,18409.0,142,9.313522323892395,13.17751383141458,10.91384213357928
Estonia,2001,1388174.0,12652.0,18532.0,138,9.114131225624455,13.349911466430001,10.907366424280745
Estonia,2002,1379438.0,12973.0,18381.0,98,9.404554608470987,13.3249917720115,7.5541509288522315
Estonia,2003,1370849.0,13049.0,18207.0,117,9.518918567982324,13.281550338512849,8.966204306843435
Estonia,2004,1362682.0,13953.0,17760.0,108,10.239366191084935,13.033121447263557,7.740270909481832
Estonia,2005,1354847.0,14372.0,17327.0,103,10.607839852027572,12.788897934600733,7.16671305315892
Estonia,2006,1346885.0,14923.0,17333.0,86,11.079639315902991,12.868953177145785,5.762916303692287
Estonia,2007,1340709.0,15787.0,17431.0,99,11.775113018559583,13.001329893362394,6.270982453917781
Estonia,2008,1337078.0,16043.0,16684.0,96,11.998552066521174,12.477955661524609,5.98391821978433
Estonia,2009,1334528.0,15796.0,16123.0,71,11.83639459044696,12.081425043161326,4.494808812357559
Estonia,2010,1331450.0,15822.0,15777.0,76,11.883285140260618,11.849487400953848,4.803438250537226
Estonia,2011,1327366.0,14750.0,15245.0,46,11.112232797886943,11.485151796866877,3.1186440677966103
Estonia,2012,1322615.0,14097.0,15448.0,65,10.658430457842986,11.679891729641657,4.610910122721146
Estonia,2013,1317920.0,13585.0,15249.0,45,10.307909433046012,11.570505038242079,3.312476996687523
Estonia,2014,1314457.0,13599.0,15508.0,52,10.34571690059089,11.798027626616923,3.8238105743069344
Estonia,2015,1314580.0,13819.0,15259.0,48,10.51210272482466,11.607509622845319,3.473478544033577
Estonia,2016,1315850.0,14027.0,15388.0,39,10.660029638636622,11.694342060265228,2.7803521779425395
Estonia,2017,1317430.0,13804.0,15567.0,43,10.477976059449079,11.816187577328586,3.115039119095914
Estonia,2018,1321972.0,14309.0,15756.0,37,10.823981143322248,11.918558032999186,2.5857851701726187
Estonia,2019,1326822.0,14079.0,15399.0,32,10.61106915622442,11.605927547176638,2.272888699481497
Estonia,2020,1329675.0,13235.0,15308.0,28,9.953560080470792,11.512587662398706,2.1156025689459765
Estonia,2021,1331750.0,13118.0,17632.0,39,9.850197109067018,13.239722170076966,2.9730141789906996
Estonia,2022,1350093.0,11481.0,17078.0,31,8.503858623072633,12.649498960441985,2.7001132305548294
Eswatini,2000,1041428.0,33940.0,15112.0,3753,32.58986699032482,14.510844724743333,110.57748968768415
Eswatini,2001,1051066.0,34097.0,16273.0,3906,32.44039860484499,15.482376939221705,114.55553274481626
Eswatini,2002,1059456.0,34164.0,17245.0,3946,32.24673794853208,16.277221517458017,115.5016976934785
Eswatini,2003,1066706.0,34489.0,18098.0,3979,32.332245248456466,16.966249369554497,115.37011800864043
Eswatini,2004,1073170.0,34939.0,18958.0,3979,32.55681765237567,17.66542113551441,113.88419817396033
Eswatini,2005,1079022.0,35106.0,19158.0,3920,32.53501782169409,17.754966997892538,111.66182418959723
Eswatini,2006,1084442.0,34954.0,18822.0,3796,32.23224478579767,17.356391582030206,108.59987412027236
Eswatini,2007,1090713.0,35081.0,18488.0,3638,32.163364698137826,16.950380164167843,103.70285909751716
Eswatini,2008,1098098.0,35446.0,18173.0,3465,32.27945046799101,16.549524723658546,97.75433053094848
Eswatini,2009,1105158.0,35242.0,17582.0,3213,31.8886530251783,15.90903744080032,91.16962714942397
Eswatini,2010,1111651.0,34313.0,16657.0,2913,30.866701869561577,14.984019265039116,84.89493777868447
Eswatini,2011,1117845.0,33985.0,16337.0,2659,30.402247180959794,14.614727444323677,78.24040017654848
Eswatini,2012,1123870.0,33662.0,15358.0,2444,29.95186275992775,13.66528157171203,72.60412334382983
Eswatini,2013,1130000.0,33500.0,14597.0,2281,29.646017699115045,12.917699115044249,68.08955223880598
Eswatini,2014,1136305.0,32975.0,13867.0,2158,29.019497406066154,12.20358970522879,65.44351781652767
Eswatini,2015,1142822.0,32350.0,13126.0,2038,28.307120443953654,11.485603182297856,62.9984544049459
Eswatini,2016,1149516.0,31753.0,12521.0,1950,27.622929998364526,10.892410370973522,61.4115201713224
Eswatini,2017,1158198.0,31186.0,11907.0,1863,26.926311390625784,10.28062559251527,59.73834412877573
Eswatini,2018,1168933.0,30873.0,11480.0,1794,26.411265658510793,9.820922157215168,58.109027305412496
Eswatini,2019,1179885.0,30546.0,11059.0,1722,25.888963754942218,9.37294736351424,56.37399332154783
Eswatini,2020,1192734.0,30283.0,11382.0,1654,25.389567162502285,9.542781542238252,54.618102565795986
Eswatini,2021,1206598.0,30113.0,12797.0,1599,24.95694506372462,10.605852156227675,53.09999003752532
Eswatini,2022,1218921.0,29999.0,9874.0,1531,24.61111097437816,8.100607012267407,51.03503450115004
Ethiopia,2000,67411496.0,3073321.0,989649.0,422897,45.59045833962801,14.68071558595881,137.60261293890224
Ethiopia,2001,69487767.0,3126035.0,988227.0,410477,44.9868391943002,14.221596730831774,131.30915040938442
Ethiopia,2002,71635521.0,3170909.0,981215.0,397270,44.26447879118517,13.697324822974345,125.28584074787388
Ethiopia,2003,73832664.0,3199498.0,968216.0,382522,43.334451537601296,13.113653870054046,119.55688048562618
Ethiopia,2004,76077211.0,3249389.0,952416.0,367337,42.71172611729944,12.519070921251306,113.0480222589539
Ethiopia,2005,78367476.0,3299599.0,946205.0,353696,42.10418873258085,12.073950167796651,107.19363171100488
Ethiopia,2006,80703495.0,3315760.0,922188.0,338535,41.085705148209506,11.426865713808306,102.09876468743215
Ethiopia,2007,83103218.0,3328656.0,891885.0,321598,40.054477794109005,10.732255879670028,96.61497012608092
Ethiopia,2008,85543670.0,3326467.0,861173.0,305019,38.8861852665428,10.067056978032388,91.69458166877952
Ethiopia,2009,88007641.0,3303639.0,836528.0,288473,37.53809285718725,9.505174670003937,87.3197707134466
Ethiopia,2010,90538518.0,3311116.0,813004.0,273041,36.57135187478991,8.979647756107518,82.46192522400302
Ethiopia,2011,93149977.0,3322715.0,794916.0,259188,35.6705938853855,8.533721913855116,78.00488455976513
Ethiopia,2012,95798771.0,3311138.0,777661.0,244894,34.56347054807207,8.117651112664065,73.96067454754227
Ethiopia,2013,98438752.0,3311894.0,765886.0,232641,33.6442095486948,7.7803302504282055,70.24409597650167
Ethiopia,2014,101115615.0,3378040.0,754413.0,223005,33.40769870212429,7.460895134742542,66.01609217179193
Ethiopia,2015,103867140.0,3461995.0,748488.0,215591,33.33099380612579,7.206205928073113,62.27363124441254
Ethiopia,2016,106718163.0,3556850.0,746898.0,209893,33.32937805535502,6.99878988734092,59.010922585996035
Ethiopia,2017,109666482.0,3643314.0,744213.0,204131,33.22176414850255,6.786148205246522,56.028934096814055
Ethiopia,2018,112664157.0,3762273.0,747101.0,200749,33.39369947089738,6.631221675940823,53.35843518000953
Ethiopia,2019,115737384.0,3882927.0,750136.0,197923,33.54946228955719,6.481363014045661,50.972629668288896
Ethiopia,2020,118917670.0,3961198.0,761473.0,194814,33.31042392606583,6.403362931682063,49.18057617922659
Ethiopia,2021,122138588.0,4015397.0,810770.0,190762,32.87574439619361,6.638115056643687,47.50763125040936
Ethiopia,2022,125384285.0,4064120.0,763985.0,186144,32.413312401948936,6.093147957098451,45.80179719102782
Europe (UN),2000,728164201.0,7307709.0,8401632.0,76317,10.035798230624634,11.538100868542973,10.44335509254679
Europe (UN),2001,728237721.0,7248344.0,8391497.0,73229,9.95326634556465,11.523018868724598,10.102859356564753
Europe (UN),2002,729126512.0,7317803.0,8536885.0,69706,10.036396811202499,11.708372771390874,9.525536557898594
Europe (UN),2003,730376377.0,7461368.0,8669388.0,67043,10.21578495001078,11.86975410624487,8.985349603450734
Europe (UN),2004,731246189.0,7580448.0,8406623.0,64945,10.36647864157279,11.496296495570522,8.567435592197189
Europe (UN),2005,732046513.0,7562328.0,8479968.0,61560,10.330392762898114,11.583919668230154,8.140350431771804
Europe (UN),2006,732684065.0,7708811.0,8244984.0,60314,10.521330227101362,11.253123131591513,7.824034082558257
Europe (UN),2007,733896327.0,7906664.0,8187502.0,59055,10.773543495333504,11.156210623738414,7.469016009786175
Europe (UN),2008,735549441.0,8200935.0,8196768.0,57705,11.149400084990344,11.143734932156654,7.0363928015525055
Europe (UN),2009,736935722.0,8227461.0,8113456.0,56209,11.164421474468842,11.009720058054127,6.831876808653362
Europe (UN),2010,738145317.0,8236451.0,8164378.0,56901,11.158305567086595,11.060664901569782,6.908436655544967
Europe (UN),2011,739359201.0,8102069.0,7957981.0,51252,10.958231112890418,10.763348842127956,6.325791597183386
Europe (UN),2012,740458840.0,8181389.0,8061254.0,53385,11.049080054199907,10.886836059651877,6.525175615045318
Europe (UN),2013,741470774.0,8013442.0,7998056.0,50175,10.807495427999163,10.786744778695754,6.261354359337723
Europe (UN),2014,742640638.0,8037361.0,7953126.0,47986,10.822678680290588,10.709252353087631,5.9703676368400025
Europe (UN),2015,744237032.0,7957497.0,8159242.0,44882,10.692154055564384,10.963230327404617,5.640215761312885
Europe (UN),2016,746003106.0,7933467.0,8035193.0,42940,10.634629985039231,10.770991347588303,5.412513847980965
Europe (UN),2017,747429208.0,7605380.0,8079468.0,39610,10.175385064694982,10.809676573410012,5.208155279552106
Europe (UN),2018,748564859.0,7371056.0,8175564.0,36811,9.846916952322498,10.92165081182364,4.993992719632031
Europe (UN),2019,749504127.0,7127099.0,8130426.0,34526,9.509085731825463,10.847740135258789,4.844327264150533
Europe (UN),2020,749524040.0,6947411.0,9208546.0,31935,9.269096959184925,12.285858102696745,4.596676373400105
Europe (UN),2021,748613500.0,6903632.0,9612150.0,31682,9.221890868919676,12.839936763096045,4.589178565717292
Europe (UN),2022,746964589.0,6520637.0,8811692.0,30506,8.729512879224318,11.796666307564413,4.6783772812380136
Falkland Islands,2000,3119.0,41.0,24.0,1,13.145238858608527,7.694773966014749,24.390243902439025
Falkland Islands,2001,3167.0,42.0,23.0,1,13.261761919797916,7.262393432270287,23.809523809523807
Falkland Islands,2002,3193.0,42.0,23.0,1,13.153773880363294,7.203257124960852,23.809523809523807
Falkland Islands,2003,3212.0,42.0,23.0,1,13.075965130759652,7.160647571606476,23.809523809523807
Falkland Islands,2004,3230.0,42.0,22.0,1,13.003095975232197,6.811145510835914,23.809523809523807
Falkland Islands,2005,3242.0,42.0,22.0,1,12.954966070326957,6.785934608266502,23.809523809523807
Falkland Islands,2006,3254.0,41.0,22.0,1,12.599877074370006,6.760909649661954,24.390243902439025
Falkland Islands,2007,3249.0,41.0,21.0,1,12.619267466912895,6.463527239150507,24.390243902439025
Falkland Islands,2008,3244.0,40.0,20.0,0,12.330456226880395,6.165228113440198,0.0
Falkland Islands,2009,3233.0,40.0,20.0,0,12.372409526755336,6.186204763377668,0.0
Falkland Islands,2010,3218.0,39.0,19.0,0,12.11932877563704,5.904288377874456,0.0
Falkland Islands,2011,3205.0,39.0,19.0,0,12.168486739469579,5.92823712948518,0.0
Falkland Islands,2012,3223.0,39.0,19.0,0,12.100527458889234,5.89512876202296,0.0
Falkland Islands,2013,3291.0,40.0,19.0,0,12.154360376785172,5.773321178972957,0.0
Falkland Islands,2014,3362.0,41.0,19.0,0,12.195121951219512,5.651397977394408,0.0
Falkland Islands,2015,3432.0,42.0,19.0,0,12.237762237762238,5.536130536130536,0.0
Falkland Islands,2016,3499.0,43.0,19.0,0,12.289225492998,5.430122892254929,0.0
Falkland Islands,2017,3541.0,44.0,19.0,0,12.425868398757414,5.365715899463428,0.0
Falkland Islands,2018,3549.0,44.0,18.0,0,12.397858551704706,5.07185122569738,0.0
Falkland Islands,2019,3541.0,44.0,16.0,0,12.425868398757414,4.518497599548151,0.0
Falkland Islands,2020,3537.0,44.0,15.0,0,12.439920836867401,4.2408821034775235,0.0
Falkland Islands,2021,3524.0,43.0,15.0,0,12.202043132803633,4.256526674233825,0.0
Falkland Islands,2022,3515.0,41.0,17.0,0,11.66429587482219,4.836415362731152,0.0
Faroe Islands,2000,45687.0,686.0,398.0,6,15.015212204784731,8.71144964650776,8.746355685131196
Faroe Islands,2001,46262.0,637.0,399.0,6,13.769400371795426,8.624789243871861,9.419152276295133
Faroe Islands,2002,46852.0,693.0,412.0,6,14.79125757705114,8.793648083326218,8.658008658008658
Faroe Islands,2003,47448.0,695.0,416.0,6,14.647614230315293,8.767492834260665,8.633093525179856
Faroe Islands,2004,48041.0,709.0,431.0,6,14.758227347474033,8.971503507420746,8.462623413258111
Faroe Islands,2005,48386.0,719.0,440.0,6,14.859670152523458,9.093539453560947,8.344923504867872
Faroe Islands,2006,48456.0,681.0,451.0,6,14.05398712233779,9.307412910681856,8.81057268722467
Faroe Islands,2007,48498.0,689.0,451.0,6,14.206771413254154,9.299352550620645,8.708272859216255
Faroe Islands,2008,48528.0,682.0,462.0,6,14.053742169469173,9.520276953511376,8.797653958944283
Faroe Islands,2009,48512.0,626.0,462.0,5,12.904023746701847,9.523416886543536,7.987220447284344
Faroe Islands,2010,48191.0,643.0,469.0,5,13.342740345707703,9.73210765495632,7.776049766718508
Faroe Islands,2011,47957.0,593.0,472.0,5,12.365243864295097,9.842150259607566,8.431703204047217
Faroe Islands,2012,48113.0,650.0,482.0,5,13.509862199405566,10.01808243094382,7.6923076923076925
Faroe Islands,2013,48297.0,643.0,485.0,5,13.313456322338862,10.042031596165392,7.776049766718508
Faroe Islands,2014,48515.0,641.0,500.0,5,13.212408533443265,10.306090899721735,7.800312012480499
Faroe Islands,2015,48916.0,598.0,505.0,5,12.225038842096655,10.3238204268542,8.361204013377925
Faroe Islands,2016,49554.0,634.0,506.0,5,12.794123582354603,10.2110828591032,7.886435331230284
Faroe Islands,2017,50268.0,656.0,512.0,5,13.050051722765973,10.185406222646614,7.621951219512195
Faroe Islands,2018,51062.0,659.0,519.0,5,12.905879127335396,10.16411421409267,7.587253414264037
Faroe Islands,2019,51868.0,669.0,523.0,5,12.898126012184777,10.083288347343256,7.473841554559043
Faroe Islands,2020,52615.0,676.0,539.0,5,12.848047134847477,10.244226931483416,7.396449704142012
Faroe Islands,2021,53324.0,671.0,574.0,5,12.583452104118221,10.764383767159254,7.451564828614009
Faroe Islands,2022,54039.0,678.0,612.0,5,12.546494198634319,11.325154055404429,7.374631268436578
Fiji,2000,840913.0,20457.0,5731.0,470,24.327130154962525,6.815211561719226,22.975020775284744
Fiji,2001,849606.0,20621.0,5900.0,468,24.27125043843852,6.944395402104034,22.695310605693223
Fiji,2002,858057.0,20884.0,6415.0,473,24.338709433056312,7.476193306505278,22.648917831832982
Fiji,2003,866297.0,21021.0,6492.0,482,24.26535010510252,7.493965695367755,22.929451500880074
Fiji,2004,874369.0,21096.0,6573.0,488,24.127113381192608,7.517421134555319,23.132347364429275
Fiji,2005,882384.0,21180.0,6679.0,487,24.003155088940872,7.569266895138624,22.99338999055713
Fiji,2006,890370.0,21336.0,6782.0,492,23.963071532059704,7.617058076979233,23.059617547806525
Fiji,2007,897843.0,21293.0,6942.0,491,23.715727582662,7.731864034135144,23.059221340346593
Fiji,2008,903403.0,21043.0,7045.0,482,23.29303754802674,7.798291570871472,22.905479256759968
Fiji,2009,907248.0,20720.0,7175.0,474,22.838297797294675,7.908532176428055,22.876447876447877
Fiji,2010,910427.0,20328.0,7099.0,455,22.327984561090567,7.797440102281676,22.38292011019284
Fiji,2011,912991.0,19867.0,7208.0,438,21.760345939883308,7.894929960974424,22.046609956208787
Fiji,2012,914920.0,19747.0,8028.0,436,21.5833078301928,8.774537664495256,22.07930318529397
Fiji,2013,916359.0,19697.0,7723.0,423,21.494850817201556,8.427919625386993,21.475351576382188
Fiji,2014,917589.0,19537.0,7856.0,422,21.291667620252642,8.56156732480446,21.600040947944926
Fiji,2015,918585.0,19288.0,8074.0,423,20.997512478431503,8.789605752325588,21.930734135213605
Fiji,2016,919167.0,18889.0,8078.0,438,20.5501285402979,8.788392098497878,23.18809889353592
Fiji,2017,918762.0,18401.0,7988.0,433,20.02803772903102,8.694308210396164,23.531329819031576
Fiji,2018,917185.0,17977.0,8196.0,442,19.60018971090892,8.936037985793488,24.58697224230962
Fiji,2019,914906.0,17590.0,8316.0,449,19.22601884783792,9.089458370586705,25.525866969869245
Fiji,2020,914971.0,17227.0,8495.0,458,18.827919136234918,9.28444726663468,26.586172868172056
Fiji,2021,916718.0,17005.0,10225.0,465,18.549870298172394,11.153920834978695,27.34489855924728
Fiji,2022,919428.0,16772.0,8548.0,471,18.241776408810694,9.297084709188757,28.082518483186263
Finland,2000,5176197.0,56622.0,49359.0,250,10.938919055824188,9.535765350507331,4.415244957790258
Finland,2001,5187970.0,56012.0,48474.0,216,10.796515785557741,9.343538995021174,3.85631650360637
Finland,2002,5200548.0,55506.0,49397.0,206,10.673105988061259,9.498422089364428,3.7113104889561486
Finland,2003,5212958.0,56467.0,48935.0,223,10.83204583654808,9.38718478069457,3.949209272672534
Finland,2004,5228147.0,57509.0,47539.0,238,10.999881984955664,9.092896584583409,4.138482672277383
Finland,2005,5246078.0,57577.0,47892.0,240,10.975246650926653,9.129105590881418,4.168331104434062
Finland,2006,5266248.0,58580.0,48011.0,195,11.123669071414792,9.11673738114878,3.328781153977467
Finland,2007,5288715.0,58547.0,49037.0,206,11.070174891254304,9.272006527105356,3.5185406596409723
Finland,2008,5313379.0,59278.0,49104.0,198,11.156365845538215,9.241576781931046,3.340193663753838
Finland,2009,5338854.0,60151.0,49871.0,189,11.266650108806122,9.341143249094282,3.1420924007913418
Finland,2010,5363347.0,60608.0,50861.0,176,11.300406257510469,9.483070925673838,2.903907074973601
Finland,2011,5388236.0,59735.0,50578.0,179,11.086188503992773,9.386745495186181,2.9965681761111576
Finland,2012,5413978.0,59183.0,51570.0,179,10.93151837706027,9.525343472027407,3.0245171755402733
Finland,2013,5439057.0,57898.0,51422.0,135,10.644859945391268,9.454212375417283,2.331686759473557
Finland,2014,5461686.0,56935.0,52237.0,154,10.424436703245116,9.5642627569582,2.7048388513216826
Finland,2015,5479719.0,55202.0,52403.0,118,10.073874226032393,9.563081610571638,2.137603710010507
Finland,2016,5495468.0,52612.0,53889.0,121,9.573706916317226,9.806080210093116,2.2998555462632098
Finland,2017,5508398.0,50135.0,53683.0,133,9.101557294879564,9.745664710502037,2.652837339184203
Finland,2018,5515730.0,47488.0,54438.0,128,8.609558480926369,9.869591151125961,2.6954177897574128
Finland,2019,5521754.0,45598.0,54091.0,118,8.257883274046616,9.795981494286055,2.5878327996841968
Finland,2020,5529616.0,46440.0,55418.0,110,8.398413199035883,10.022034079762502,2.3686477174849268
Finland,2021,5541069.0,49488.0,57578.0,108,8.931128632399272,10.391135717674695,2.1823472356935016
Finland,2022,5569300.0,44707.0,63005.0,136,8.02740021187582,11.312911856068087,3.0420292124275843
France,2000,59483716.0,781114.0,533651.0,4297,13.13156024078926,8.97137966296524,5.501117634557824
France,2001,59905131.0,777770.0,533530.0,4312,12.983361976121879,8.906248781928213,5.544055440554406
France,2002,60327247.0,767569.0,538419.0,3907,12.723421640639428,8.924972160589395,5.090096134679749
France,2003,60741119.0,766772.0,555159.0,3874,12.623606753112336,9.139755887605562,5.052349329396483
France,2004,61175244.0,773113.0,512739.0,3739,12.637677423893887,8.38147862556952,4.836291719321755
France,2005,61625031.0,778088.0,530938.0,3454,12.62616809069029,8.615622440822788,4.439086581466364
France,2006,62049831.0,799529.0,520988.0,3636,12.885272805980728,8.396283947977231,4.5476774450958
France,2007,62432438.0,788147.0,525959.0,3483,12.623998441323083,8.424450763880149,4.419226362594795
France,2008,62780187.0,799073.0,537248.0,3565,12.728107993689155,8.557604328257257,4.4614196700426625
France,2009,63106460.0,797096.0,543934.0,3576,12.630973120659913,8.61930775391299,4.486285215331654
France,2010,63417366.0,804924.0,546963.0,3401,12.692485525179334,8.624814218868693,4.225243625485138
France,2011,63733776.0,793347.0,541294.0,3174,12.447826722207704,8.493047705191671,4.000771415282341
France,2012,64058465.0,789607.0,565755.0,3265,12.326349062532172,8.831853838520795,4.134968408334779
France,2013,64387736.0,781055.0,565959.0,3332,12.130493297667742,8.7898571243443,4.266024799790028
France,2014,64692495.0,780384.0,554615.0,3191,12.06297577485611,8.573096461962088,4.089012588674294
France,2015,64916337.0,760246.0,590330.0,3258,11.711166019733984,9.093704717196227,4.285454971154074
France,2016,65086853.0,744662.0,588731.0,3144,11.441050929286748,9.045313651898333,4.2220497353161575
France,2017,65284775.0,724569.0,603186.0,3205,11.098590751059493,9.239305795263903,4.423319242197776
France,2018,65519537.0,717219.0,604984.0,3181,10.946643289008591,9.233642783525775,4.435186463269935
France,2019,65729460.0,711582.0,608888.0,3129,10.825921892557766,9.263547882486787,4.39724444969097
France,2020,65905273.0,695934.0,664553.0,2809,10.559610306143487,10.083457206830781,4.036302293033534
France,2021,66083547.0,702274.0,654168.0,2987,10.627062739232203,9.899105446019718,4.253325625040938
France,2022,66277412.0,687577.0,658801.0,3078,10.374228251398833,9.940053181316133,4.476589531063429
French Guiana,2000,160633.0,4890.0,711.0,87,30.442063585938133,4.426238693170145,17.791411042944787
French Guiana,2001,168544.0,4894.0,734.0,85,29.036928042528952,4.354945889500665,17.36820596648958
French Guiana,2002,176719.0,5043.0,765.0,86,28.536829656120734,4.3289063428380645,17.05334126511997
French Guiana,2003,185101.0,5342.0,801.0,89,28.859919719504486,4.32736722113873,16.660426806439535
French Guiana,2004,193656.0,5143.0,827.0,86,26.557400751848636,4.2704589581526005,16.72175772895197
French Guiana,2005,202452.0,5844.0,862.0,93,28.86610159445202,4.2577993796060305,15.91375770020534
French Guiana,2006,210976.0,6175.0,882.0,95,29.268731988472624,4.18057030183528,15.384615384615385
French Guiana,2007,219123.0,6297.0,894.0,95,28.737284538820663,4.079900329951671,15.086549150389073
French Guiana,2008,226106.0,6115.0,889.0,90,27.044837377159386,3.931784207407145,14.717906786590351
French Guiana,2009,230715.0,6094.0,899.0,88,26.41354051535444,3.896582363522094,14.44043321299639
French Guiana,2010,234578.0,6064.0,916.0,85,25.850676534031326,3.904884516024521,14.017150395778364
French Guiana,2011,239525.0,6243.0,932.0,83,26.06408516856278,3.891034338795533,13.294890277110364
French Guiana,2012,245784.0,6581.0,952.0,83,26.775542752986365,3.8733196627933473,12.612065035708858
French Guiana,2013,253250.0,6432.0,972.0,82,25.39782823297137,3.8381046396841065,12.748756218905472
French Guiana,2014,260564.0,6593.0,990.0,82,25.302804685221286,3.799450422928724,12.437433641741242
French Guiana,2015,266377.0,6906.0,1045.0,83,25.92566175007602,3.923011371101859,12.018534607587604
French Guiana,2016,271278.0,7274.0,1100.0,84,26.81382198335287,4.0548809708122295,11.54797910365686
French Guiana,2017,276158.0,7944.0,1160.0,88,28.766141122111254,4.200493920147162,11.07754279959718
French Guiana,2018,280972.0,7914.0,1185.0,88,28.166507694716913,4.217502099853367,11.119535001263582
French Guiana,2019,285574.0,7985.0,1322.0,88,27.96122896342104,4.6292729730297575,11.020663744520975
French Guiana,2020,289063.0,8046.0,1268.0,87,27.834762664194308,4.386587006984636,10.812826249067859
French Guiana,2021,293023.0,8167.0,1826.0,87,27.871532268798013,6.231592741866679,10.652626423411288
French Guiana,2022,298319.0,7652.0,1454.0,83,25.650394376489597,4.873977185496063,10.846837428123367
French Polynesia,2000,240346.0,5142.0,624.0,55,21.3941567573415,2.596257062734558,10.696227148969271
French Polynesia,2001,244107.0,5073.0,636.0,53,20.78187024542516,2.6054148385748874,10.447466982061895
French Polynesia,2002,247785.0,4949.0,644.0,50,19.972960429404523,2.599027382609924,10.103051121438675
French Polynesia,2003,251650.0,4682.0,664.0,47,18.6052056427578,2.63858533677727,10.03844510892781
French Polynesia,2004,255663.0,4621.0,692.0,46,18.074574733144804,2.7066881011331323,9.95455529106254
French Polynesia,2005,259517.0,4652.0,717.0,45,17.925607956318853,2.762824786044845,9.673258813413586
French Polynesia,2006,263234.0,4787.0,739.0,45,18.1853407994408,2.807388103360508,9.400459578023815
French Polynesia,2007,266448.0,4634.0,760.0,43,17.391761244220262,2.8523389179126886,9.27924039706517
French Polynesia,2008,268390.0,4838.0,778.0,43,18.026006930213494,2.8987667200715377,8.887970235634558
French Polynesia,2009,269494.0,4760.0,791.0,41,17.662730895678568,2.9351302811936444,8.613445378151262
French Polynesia,2010,270590.0,4823.0,798.0,40,17.824014191211795,2.949111201448686,8.293593199253577
French Polynesia,2011,271734.0,4598.0,803.0,38,16.920959467714752,2.955095792208557,8.264462809917356
French Polynesia,2012,273092.0,4514.0,805.0,36,16.52922824542645,2.9477245763332505,7.9751883030571555
French Polynesia,2013,274736.0,4317.0,815.0,34,15.713266554073728,2.9664841884572826,7.875839703497799
French Polynesia,2014,276391.0,4367.0,843.0,33,15.800080320994534,3.0500269545679854,7.556675062972292
French Polynesia,2015,277877.0,4168.0,864.0,31,14.999442199246428,3.109289361839951,7.437619961612284
French Polynesia,2016,279180.0,3908.0,886.0,28,13.998137402392722,3.17357976932445,7.164790174002047
French Polynesia,2017,280096.0,3682.0,902.0,26,13.145492973837541,3.2203244601850796,7.061379684953829
French Polynesia,2018,279823.0,3585.0,917.0,25,12.811670234398173,3.277071577389993,6.97350069735007
French Polynesia,2019,279040.0,3331.0,937.0,23,11.937356651376147,3.357941513761468,6.9048333833683575
French Polynesia,2020,279218.0,3290.0,1066.0,22,11.782907978711975,3.8178054423425425,6.686930091185411
French Polynesia,2021,279808.0,3196.0,1471.0,21,11.422118023787739,5.257176349496797,6.570713391739674
French Polynesia,2022,280388.0,3128.0,987.0,21,11.155969585003637,3.520122116495713,6.713554987212277
Gabon,2000,1275578.0,42641.0,12432.0,3474,33.4287671941661,9.746169971573671,81.47088482915504
Gabon,2001,1309594.0,43515.0,12578.0,3482,33.22785535058957,9.60450338043699,80.01838446512696
Gabon,2002,1345142.0,44492.0,12718.0,3487,33.07606185815327,9.454763883664327,78.37364020498066
Gabon,2003,1382354.0,45437.0,12801.0,3466,32.86929397245568,9.260290779351743,76.28144463763012
Gabon,2004,1421620.0,46555.0,12934.0,3453,32.7478510431761,9.098071214529902,74.17033616152938
Gabon,2005,1463503.0,47830.0,13066.0,3439,32.68185989369342,8.927894237319636,71.90048086974703
Gabon,2006,1508338.0,49190.0,13201.0,3423,32.61205379696063,8.752017120831008,69.58731449481601
Gabon,2007,1556242.0,50710.0,13310.0,3407,32.58490646056333,8.552654407219443,67.18595937684876
Gabon,2008,1607182.0,52422.0,13421.0,3390,32.6173389199232,8.350641059942184,64.66750600892755
Gabon,2009,1661567.0,54613.0,13575.0,3390,32.86837064048576,8.16999856159878,62.07313277058576
Gabon,2010,1719883.0,56810.0,13747.0,3396,33.03131666514524,7.992985569367219,59.778208061960925
Gabon,2011,1781987.0,58825.0,13903.0,3387,33.01090299760885,7.8019648852657175,57.57756056098597
Gabon,2012,1846893.0,60005.0,14066.0,3342,32.4897002695879,7.616034063695081,55.695358720106654
Gabon,2013,1913061.0,61063.0,14232.0,3270,31.91900310549428,7.439386407438132,53.55125034800125
Gabon,2014,1978400.0,62091.0,14387.0,3181,31.384452082490903,7.272038010513547,51.231257348085876
Gabon,2015,2040990.0,63444.0,14567.0,3099,31.084914673761265,7.137222622354837,48.8462265935313
Gabon,2016,2100310.0,65074.0,14753.0,3031,30.98304535997067,7.024201189348239,46.57774226265483
Gabon,2017,2156902.0,66377.0,14923.0,2965,30.774230818090018,6.918719533849939,44.669087183813666
Gabon,2018,2212320.0,67558.0,15086.0,2917,30.53717364576553,6.819085846532147,43.17771396429734
Gabon,2019,2267711.0,68362.0,15174.0,2868,30.145816640656594,6.691328833347812,41.95313185687955
Gabon,2020,2322538.0,68609.0,15865.0,2807,29.540528508037326,6.830889311606526,40.9129997522191
Gabon,2021,2376729.0,68779.0,16168.0,2729,28.938511710842928,6.802626635178012,39.67780863344916
Gabon,2022,2430750.0,68791.0,15849.0,2648,28.30031883163633,6.520209811786486,38.49340756785045
Gambia,2000,1455095.0,59739.0,16487.0,6645,41.055051388397324,11.330531683498329,111.23386732285441
Gambia,2001,1495023.0,60574.0,16419.0,6448,40.517102412471246,10.982439735040865,106.44831115660185
Gambia,2002,1535700.0,61469.0,16309.0,6262,40.026697922771376,10.619912743374357,101.87248857147506
Gambia,2003,1577619.0,62676.0,16200.0,6095,39.72822335430798,10.268639005995743,97.24615482800434
Gambia,2004,1621309.0,64380.0,16098.0,5962,39.70865516690526,9.929014148444251,92.60639950295123
Gambia,2005,1667035.0,66158.0,16149.0,5866,39.68602938750536,9.687259115735424,88.66652559025363
Gambia,2006,1715285.0,68412.0,16077.0,5758,39.88375109675651,9.372786446567188,84.16652049348068
Gambia,2007,1765778.0,69813.0,16162.0,5648,39.53668014892019,9.1529059711923,80.90183776660507
Gambia,2008,1817859.0,71170.0,16139.0,5525,39.15045116260392,8.878026293568423,77.63102430799495
Gambia,2009,1871428.0,72876.0,16297.0,5437,38.94138593630105,8.70832326971703,74.60618036116144
Gambia,2010,1926634.0,74892.0,16339.0,5340,38.87193935122083,8.480593615601094,71.30267585322865
Gambia,2011,1983785.0,76987.0,16415.0,5249,38.808136970488235,8.274586207678755,68.18034213568525
Gambia,2012,2043097.0,79300.0,16554.0,5177,38.813624610089484,8.102405318983875,65.28373266078184
Gambia,2013,2103825.0,80149.0,16638.0,5054,38.09679987641558,7.908452461587822,63.0575553032477
Gambia,2014,2164535.0,79887.0,16703.0,4894,36.90723411725844,7.716668938132209,61.261531913828286
Gambia,2015,2224530.0,79517.0,16691.0,4712,35.745528268892755,7.50315797044769,59.257768779003236
Gambia,2016,2283775.0,79003.0,16644.0,4519,34.59316263642434,7.287933355956695,57.20035948001974
Gambia,2017,2342191.0,78349.0,16682.0,4331,33.45115748459455,7.122390957868082,55.278306040919475
Gambia,2018,2399633.0,77566.0,16709.0,4130,32.32410956175382,6.963148114732545,53.24497846994817
Gambia,2019,2456847.0,78424.0,16728.0,3989,31.920587647501048,6.808726794953044,50.864531265939
Gambia,2020,2515744.0,79308.0,17101.0,3863,31.52467023671725,6.79759148784614,48.70883139153679
Gambia,2021,2576015.0,80297.0,18060.0,3760,31.171014143939377,7.010828741292268,46.82615788883769
Gambia,2022,2636472.0,81126.0,17491.0,3660,30.770666253993973,6.634244551051557,45.115006286517264
Georgia,2000,4328361.0,53896.0,48926.0,1951,12.451826453477425,11.30358581458432,36.19934689030726
Georgia,2001,4209641.0,51559.0,47949.0,1739,12.24783776098722,11.39028244926349,33.72835004557885
Georgia,2002,4127854.0,50385.0,48073.0,1563,12.206100312656407,11.646002983632657,31.02113724322715
Georgia,2003,4085489.0,49565.0,47000.0,1405,12.131962661018058,11.504130839662034,28.346615555331383
Georgia,2004,4056076.0,49993.0,49700.0,1284,12.32545938488332,12.253222079665173,25.683595703398474
Georgia,2005,4026135.0,50581.0,48927.0,1175,12.563165417950465,12.152349585893171,23.23006662580811
Georgia,2006,3996584.0,51580.0,49367.0,1080,12.906021742568154,12.352298863229198,20.93834819697557
Georgia,2007,3967592.0,53922.0,50272.0,1015,13.590611131386492,12.670657668429618,18.823485775750157
Georgia,2008,3941192.0,57925.0,49753.0,978,14.697330147833446,12.62384578066737,16.883901596892535
Georgia,2009,3918935.0,62464.0,49924.0,956,15.939024250210835,12.739175311659928,15.304815573770492
Georgia,2010,3895932.0,60923.0,50123.0,870,15.637593263948139,12.865470957911997,14.28032106101144
Georgia,2011,3868724.0,57981.0,48726.0,773,14.987112029702818,12.594850395117357,13.331953570997396
Georgia,2012,3839208.0,57037.0,48197.0,711,14.85644955938829,12.553891323418787,12.465592510125006
Georgia,2013,3809128.0,57385.0,46990.0,671,15.065127766774967,12.336156726683903,11.692951119630566
Georgia,2014,3792921.0,61027.0,47682.0,668,16.089710278700768,12.57131377110148,10.945974732495452
Georgia,2015,3791570.0,60745.0,47404.0,646,16.021067789860137,12.50247259051,10.634620133344308
Georgia,2016,3792061.0,59981.0,48448.0,619,15.817519813104273,12.776165784252942,10.319934645971223
Georgia,2017,3792860.0,56531.0,47998.0,578,14.904583876019679,12.654830391841513,10.22447860465939
Georgia,2018,3794881.0,54396.0,45833.0,547,14.33404631133361,12.07758556855933,10.055886462239872
Georgia,2019,3796722.0,51592.0,45872.0,514,13.588564029707731,12.082001263194934,9.962784927895797
Georgia,2020,3795680.0,49546.0,49205.0,486,13.053260548834464,12.963421573999916,9.809066322205627
Georgia,2021,3788450.0,48797.0,58125.0,469,12.880465625783632,15.342686322902507,9.61124659302826
Georgia,2022,3794782.0,44065.0,46344.0,426,11.611997737946476,12.21255924582756,9.667536593668444
Germany,2000,81797255.0,765246.0,842094.0,4113,9.355399517991161,10.294893147697927,5.374742239750355
Germany,2001,81933882.0,734433.0,831801.0,3920,8.963727606608462,10.152100446064548,5.337450795375481
Germany,2002,82068328.0,719663.0,845078.0,3744,8.769071059909981,10.297248897284712,5.202435028617561
Germany,2003,82111619.0,709346.0,858172.0,3670,8.638801775422307,10.451285828379538,5.173779791526279
Germany,2004,82092706.0,710544.0,823277.0,3580,8.655385290868594,10.028625442070334,5.038393118512013
Germany,2005,82046733.0,692239.0,834531.0,3301,8.437130580202384,10.171410481389916,4.768584260638305
Germany,2006,81701971.0,686327.0,825844.0,3171,8.400372617693643,10.108005839908074,4.620246617137313
Germany,2007,81298546.0,678771.0,832286.0,3206,8.34911610842339,10.237403261800033,4.723242448484099
Germany,2008,81110780.0,676158.0,850069.0,2908,8.336228550631617,10.48034552250638,4.300769938387182
Germany,2009,80935276.0,660439.0,860708.0,2834,8.160088315507814,10.634522331152612,4.291085172135504
Germany,2010,80830916.0,676779.0,861870.0,2860,8.372774100444438,10.662628145894079,4.225899444279447
Germany,2011,80857877.0,668838.0,855247.0,2898,8.271772952930732,10.577163681900776,4.332887784485929
Germany,2012,80916391.0,681427.0,872413.0,2680,8.421371635321698,10.781659799928546,3.9329231157556133
Germany,2013,81041581.0,679660.0,899824.0,2682,8.386558993709661,11.103238472112237,3.946090692405026
Germany,2014,81376078.0,710760.0,876321.0,2710,8.734262174689718,10.768779001612735,3.8128200799144576
Germany,2015,82077546.0,732501.0,931621.0,2857,8.924499277792735,11.350497735397694,3.9003359722375803
Germany,2016,82760102.0,788207.0,916758.0,3211,9.523997445049064,11.07729422566444,4.0738029477028235
Germany,2017,83104010.0,784399.0,938508.0,2983,9.438762341311808,11.293173458176085,3.8029115284440698
Germany,2018,83368507.0,787696.0,961486.0,2994,9.448363996730803,11.532964120372217,3.80095874550588
Germany,2019,83559184.0,778799.0,946647.0,2956,9.320327972566128,11.329059891250255,3.7955878217614556
Germany,2020,83628711.0,775194.0,990849.0,2783,9.269472059661425,11.848191705358223,3.5900690665820427
Germany,2021,83697080.0,795669.0,956995.0,2826,9.506532366481602,11.434030912428486,3.5517281683715214
Germany,2022,84086227.0,730553.0,1082759.0,2938,8.68814104359802,12.876769937602266,4.0216110261678475
Ghana,2000,19637085.0,704930.0,196200.0,67913,35.89789421393246,9.991299625173491,96.3400621338289
Ghana,2001,20167073.0,718360.0,198969.0,67061,35.62043931709872,9.866032616632072,93.35291497299404
Ghana,2002,20729392.0,730160.0,201526.0,65979,35.22341610405168,9.721751607572475,90.36238632628465
Ghana,2003,21296710.0,740673.0,204021.0,64848,34.778752211022265,9.579930421177732,87.5528067041731
Ghana,2004,21868298.0,749683.0,206353.0,63637,34.281725994405235,9.4361710271188,84.88521148272004
Ghana,2005,22449446.0,772338.0,209090.0,63029,34.40343249450343,9.313815583689683,81.60805243300213
Ghana,2006,23040704.0,780543.0,211072.0,61905,33.876699253633916,9.160831196824542,79.31017253373612
Ghana,2007,23642284.0,785474.0,213148.0,60472,33.22327064508657,9.015541814826351,76.98790793839134
Ghana,2008,24249945.0,795141.0,215447.0,59025,32.789393955326496,8.884432521393348,74.23211732258807
Ghana,2009,24862667.0,810162.0,217337.0,57708,32.58548248263149,8.7414998559889,71.2301984047635
Ghana,2010,25475000.0,832331.0,219199.0,56547,32.67246319921492,8.604474975466143,67.93811596588377
Ghana,2011,26095091.0,852913.0,221411.0,55340,32.68480650249505,8.484775929694976,64.8835227039569
Ghana,2012,26734273.0,869374.0,222783.0,53954,32.519081405355585,8.333235768184158,62.06074715830011
Ghana,2013,27386193.0,882362.0,223724.0,52466,32.21922813441065,8.169226003774968,59.460856201876325
Ghana,2014,28041592.0,884637.0,223798.0,50631,31.54731728498154,7.980930611928167,57.23364498658772
Ghana,2015,28696071.0,892841.0,225111.0,48985,31.113701941983628,7.844662776308296,54.86419194459036
Ghana,2016,29356736.0,885765.0,225850.0,46970,30.17246195217343,7.693293968375776,53.02760890303861
Ghana,2017,30008364.0,868011.0,226811.0,44608,28.925635532813452,7.558259423939272,51.391053800009445
Ghana,2018,30637592.0,869738.0,228182.0,42855,28.387935970947066,7.4477785329865345,49.27345936362445
Ghana,2019,31258943.0,871853.0,229443.0,41272,27.891314175274577,7.340075446569003,47.338255416910876
Ghana,2020,31887802.0,874684.0,237220.0,39801,27.430049898077012,7.439208259007629,45.50329033113673
Ghana,2021,32518662.0,879105.0,243293.0,38481,27.033861356288277,7.4816423873774385,43.77292814851468
Ghana,2022,33149152.0,881635.0,235201.0,37244,26.596004627810693,7.0952342913628685,42.244239396121976
Gibraltar,2000,27734.0,408.0,200.0,5,14.711184827287806,7.211365111415591,12.254901960784313
Gibraltar,2001,27685.0,390.0,197.0,4,14.08705074950334,7.1157666606465595,10.256410256410257
Gibraltar,2002,27850.0,311.0,196.0,3,11.166965888689408,7.03770197486535,9.64630225080386
Gibraltar,2003,28301.0,305.0,203.0,3,10.777004346136179,7.172891417264408,9.836065573770492
Gibraltar,2004,28741.0,318.0,208.0,4,11.064333182561498,7.237048119411294,12.578616352201259
Gibraltar,2005,29191.0,334.0,210.0,4,11.441882772087286,7.193998150114762,11.976047904191617
Gibraltar,2006,29620.0,347.0,217.0,4,11.715057393652938,7.326130992572586,11.527377521613833
Gibraltar,2007,30032.0,361.0,216.0,4,12.020511454448588,7.192328183271178,11.0803324099723
Gibraltar,2008,30431.0,375.0,215.0,4,12.322960139331602,7.0651638132167855,10.666666666666666
Gibraltar,2009,30847.0,383.0,211.0,4,12.416118261095082,6.840211365773008,10.443864229765014
Gibraltar,2010,31271.0,392.0,211.0,4,12.535576092865595,6.747465703047552,10.204081632653061
Gibraltar,2011,31685.0,400.0,207.0,4,12.62427015938141,6.53305980747988,10.0
Gibraltar,2012,32054.0,408.0,209.0,4,12.7285206214513,6.520247083047358,9.803921568627452
Gibraltar,2013,32429.0,431.0,210.0,4,13.290573252335873,6.475685343365506,9.280742459396752
Gibraltar,2014,32836.0,431.0,215.0,4,13.125837495431842,6.547691558046047,9.280742459396752
Gibraltar,2015,33214.0,431.0,223.0,4,12.976455711446981,6.714036249774192,9.280742459396752
Gibraltar,2016,33682.0,405.0,232.0,4,12.024226589869961,6.887952021851434,9.876543209876543
Gibraltar,2017,34267.0,412.0,234.0,4,12.023229346018034,6.828727347010243,9.70873786407767
Gibraltar,2018,34883.0,418.0,231.0,4,11.98291431356248,6.622136857495055,9.569377990430622
Gibraltar,2019,35518.0,425.0,234.0,4,11.965763838053945,6.5882087955402895,9.411764705882351
Gibraltar,2020,36198.0,434.0,240.0,4,11.989612685783744,6.6302005635670485,9.216589861751151
Gibraltar,2021,36881.0,442.0,321.0,4,11.984490659146985,8.703668555624848,9.04977375565611
Gibraltar,2022,37631.0,452.0,231.0,4,12.011373601551911,6.138555977784273,8.849557522123893
Greece,2000,10782638.0,106714.0,104968.0,672,9.896836006179564,9.734909026900468,6.29720561500834
Greece,2001,10843166.0,106792.0,102535.0,636,9.848784017509278,9.456186504937765,5.955502284815342
Greece,2002,10890287.0,107716.0,103812.0,603,9.891015728051979,9.532531144496007,5.598054142374392
Greece,2003,10918467.0,107321.0,105880.0,567,9.829310286874522,9.6973320522011,5.283215773241025
Greece,2004,10947369.0,107602.0,105617.0,534,9.829028326349464,9.647706220553998,4.962733034701957
Greece,2005,10981340.0,108760.0,105137.0,511,9.904073637643492,9.574150331380322,4.698418536226554
Greece,2006,11016107.0,111920.0,106931.0,501,10.159668928415456,9.706786617087143,4.4764117226590425
Greece,2007,11045737.0,112280.0,111030.0,486,10.165007549971541,10.051841719570184,4.328464552903456
Greece,2008,11076874.0,117689.0,109146.0,489,10.624748462427217,9.853501989821316,4.15501873582068
Greece,2009,11108067.0,117910.0,109330.0,483,10.614808138985838,9.84239652137496,4.096344669663302
Greece,2010,11124666.0,114952.0,110511.0,471,10.333074269375818,9.93387127307912,4.097362377340107
Greece,2011,11108838.0,106648.0,112954.0,442,9.60028402610606,10.167940157197359,4.144475283174556
Greece,2012,11048291.0,100775.0,118408.0,423,9.121320211424553,10.717313655116435,4.197469610518482
Greece,2013,10967534.0,94435.0,113618.0,399,8.610413243305194,10.359484638935244,4.22512839519246
Greece,2014,10893169.0,92392.0,115949.0,389,8.481645699245096,10.644193622627173,4.210321239934194
Greece,2015,10820902.0,92051.0,122896.0,385,8.506776976632818,11.35727871853936,4.1824640688314085
Greece,2016,10775506.0,93010.0,119987.0,389,8.631613216121824,11.135161541369843,4.1823459843027635
Greece,2017,10753532.0,88544.0,126469.0,376,8.23394583286682,11.760694067772336,4.246476328153235
Greece,2018,10730846.0,86431.0,122306.0,363,8.05444416963956,11.397610216379958,4.199881986787148
Greece,2019,10718581.0,83587.0,126944.0,350,7.7983270360134425,11.84335874310228,4.187253998827568
Greece,2020,10699370.0,84746.0,122910.0,324,7.920653272108545,11.487592260105034,3.823189295069974
Greece,2021,10579561.0,86163.0,133681.0,353,8.144288784761484,12.635779499735387,4.0968861344196466
Greece,2022,10412481.0,74165.0,146529.0,407,7.122702072637636,14.072438643585519,5.487763769972359
Greenland,2000,56228.0,897.0,461.0,20,15.952906025467739,8.198762182542506,22.296544035674472
Greenland,2001,56433.0,929.0,453.0,17,16.4619991848741,8.027218117059167,18.29924650161464
Greenland,2002,56617.0,937.0,441.0,16,16.549799530176447,7.789179928290089,17.075773745997868
Greenland,2003,56781.0,895.0,436.0,15,15.762314858843627,7.67862489212941,16.75977653631285
Greenland,2004,56926.0,889.0,449.0,14,15.616765625548958,7.88743280750448,15.748031496062993
Greenland,2005,56969.0,875.0,452.0,13,15.359230458670506,7.934139619793222,14.857142857142858
Greenland,2006,56901.0,846.0,449.0,12,14.867928507407603,7.890898226744696,14.184397163120567
Greenland,2007,56807.0,854.0,447.0,11,15.033358564965585,7.86874856971852,12.88056206088993
Greenland,2008,56683.0,859.0,455.0,10,15.154455480479156,8.027098071732265,11.641443538998837
Greenland,2009,56547.0,885.0,473.0,10,15.650697649742693,8.364723150653438,11.299435028248588
Greenland,2010,56634.0,859.0,476.0,10,15.167567185789455,8.404845146025355,11.641443538998837
Greenland,2011,56853.0,829.0,486.0,9,14.581464478567533,8.548361564033561,10.856453558504223
Greenland,2012,56797.0,807.0,475.0,9,14.208496927654629,8.36311777030477,11.152416356877323
Greenland,2013,56532.0,816.0,468.0,9,14.434302695818298,8.278497134366377,11.029411764705882
Greenland,2014,56195.0,816.0,466.0,9,14.520864845626836,8.292552718213363,11.029411764705882
Greenland,2015,56048.0,843.0,467.0,9,15.040679417642021,8.332143876677133,10.676156583629894
Greenland,2016,56082.0,846.0,479.0,9,15.085054028030385,8.541064869298527,10.638297872340425
Greenland,2017,56094.0,851.0,484.0,9,15.170963026348629,8.62837380111955,10.575793184488838
Greenland,2018,56100.0,836.0,502.0,9,14.901960784313726,8.948306595365418,10.76555023923445
Greenland,2019,56109.0,831.0,518.0,9,14.810458215259585,9.232030512039065,10.830324909747292
Greenland,2020,56105.0,825.0,527.0,9,14.704571785045896,9.39310221905356,10.90909090909091
Greenland,2021,56065.0,816.0,537.0,9,14.554534914831,9.578168197627754,11.029411764705882
Greenland,2022,56014.0,804.0,542.0,9,14.353554468525726,9.67615239047381,11.194029850746269
Grenada,2000,107466.0,1881.0,778.0,30,17.503210317681873,7.239499004336255,15.948963317384369
Grenada,2001,107998.0,1866.0,786.0,30,17.278097742550788,7.277912553936185,16.07717041800643
Grenada,2002,108414.0,1865.0,788.0,29,17.202575313151435,7.268433966092941,15.549597855227882
Grenada,2003,108895.0,1867.0,795.0,28,17.144956150420132,7.3006106800128565,14.997321906802357
Grenada,2004,109338.0,1866.0,834.0,35,17.066344729188387,7.62772320693629,18.756698821007504
Grenada,2005,109744.0,1868.0,794.0,27,17.021431695582447,7.235019682169413,14.453961456102784
Grenada,2006,110149.0,1862.0,795.0,27,16.9043749829776,7.217496300465733,14.500537056928035
Grenada,2007,110532.0,1857.0,801.0,27,16.800564542394962,7.246770166105743,14.539579967689823
Grenada,2008,110911.0,1849.0,806.0,27,16.67102451515179,7.267088025533987,14.602487831260142
Grenada,2009,111266.0,1836.0,814.0,27,16.50099760933259,7.3158017723293725,14.705882352941176
Grenada,2010,111600.0,1815.0,825.0,26,16.263440860215052,7.39247311827957,14.325068870523415
Grenada,2011,112093.0,1795.0,838.0,26,16.013488799479003,7.475935160982399,14.484679665738161
Grenada,2012,112792.0,1780.0,859.0,26,15.781261082346267,7.615788353783956,14.606741573033709
Grenada,2013,113499.0,1748.0,871.0,27,15.401016749046248,7.674076423580824,15.446224256292906
Grenada,2014,114148.0,1658.0,891.0,26,14.525002628166941,7.805655815257385,15.681544028950542
Grenada,2015,114691.0,1589.0,911.0,26,13.854618060702235,7.943081846003611,16.36249213341724
Grenada,2016,115147.0,1503.0,928.0,25,13.05288023135644,8.059263376379757,16.6333998669328
Grenada,2017,115448.0,1344.0,946.0,22,11.641604878386806,8.19416533850738,16.36904761904762
Grenada,2018,115703.0,1434.0,965.0,23,12.393801370750975,8.340319611418892,16.03905160390516
Grenada,2019,115995.0,1446.0,986.0,22,12.46605457131773,8.500366395103237,15.214384508990317
Grenada,2020,116353.0,1434.0,998.0,22,12.324564042181981,8.577346523080625,15.341701534170154
Grenada,2021,116696.0,1417.0,1071.0,22,12.14266127373689,9.177692465894289,15.525758645024702
Grenada,2022,116928.0,1395.0,1026.0,22,11.930418719211822,8.774630541871922,15.770609318996417
Guadeloupe,2000,419565.0,7371.0,2735.0,76,17.568195631189447,6.518656227283019,10.310676977343645
Guadeloupe,2001,417844.0,7209.0,2764.0,74,17.252850346062164,6.61490891337437,10.26494659453461
Guadeloupe,2002,415762.0,6938.0,2714.0,69,16.68743175181955,6.527773100956797,9.945229172672239
Guadeloupe,2003,413418.0,6748.0,2705.0,68,16.322462979357457,6.543014576046519,10.077059869590991
Guadeloupe,2004,410859.0,6582.0,2739.0,66,16.020094484969295,6.666520631165437,10.027347310847766
Guadeloupe,2005,408085.0,6528.0,2850.0,65,15.996667360966464,6.983839151157235,9.957107843137255
Guadeloupe,2006,407230.0,6242.0,2855.0,62,15.327947351619478,7.010780148810254,9.932713873758411
Guadeloupe,2007,408303.0,6021.0,2795.0,60,14.746401569422709,6.845406475093252,9.965122072745391
Guadeloupe,2008,408987.0,5764.0,2739.0,58,14.093357490580384,6.697034380065871,10.062456627342124
Guadeloupe,2009,408998.0,5538.0,2820.0,55,13.540408510555064,6.894899241561083,9.93138317081979
Guadeloupe,2010,408815.0,5469.0,2833.0,53,13.37768917481012,6.929784866015191,9.690985554946058
Guadeloupe,2011,409063.0,5441.0,2856.0,52,13.301129654845342,6.9818096479026455,9.557066715677266
Guadeloupe,2012,409153.0,5381.0,2823.0,50,13.151559441089274,6.899619457757856,9.29195316855603
Guadeloupe,2013,408367.0,5323.0,2977.0,49,13.034843657788215,7.290011190914055,9.205335337215857
Guadeloupe,2014,406652.0,5205.0,2975.0,47,12.799641954299991,7.315837620373194,9.029779058597502
Guadeloupe,2015,403950.0,5017.0,3056.0,45,12.419853942319593,7.565292734249288,8.969503687462627
Guadeloupe,2016,404642.0,4819.0,3063.0,44,11.909292658695835,7.569654163433356,9.130525005187799
Guadeloupe,2017,412701.0,4718.0,3108.0,42,11.432005253197836,7.530875864124391,8.902077151335313
Guadeloupe,2018,415184.0,4928.0,3273.0,43,11.869436201780417,7.883251763073721,8.72564935064935
Guadeloupe,2019,410266.0,4978.0,3571.0,42,12.133591377301556,8.704109041451156,8.437123342707915
Guadeloupe,2020,407401.0,4915.0,3824.0,43,12.064280647322907,9.386329439544822,8.748728382502543
Guadeloupe,2021,399157.0,4753.0,4621.0,42,11.907595257004136,11.57689831319506,8.836524300441827
Guadeloupe,2022,384702.0,4498.0,3879.0,41,11.692166924008713,10.083129279286306,9.115162294353045
Guam,2000,160078.0,3688.0,725.0,44,23.03876860030735,4.52904209198016,11.93058568329718
Guam,2001,161339.0,3543.0,728.0,43,21.959972480305442,4.512238206509275,12.136607394863109
Guam,2002,162326.0,3215.0,735.0,40,19.805822850313568,4.5279252861525565,12.441679626749611
Guam,2003,163146.0,3278.0,740.0,41,20.09243254508232,4.53581454647984,12.507626601586333
Guam,2004,163815.0,3387.0,741.0,42,20.675762292830328,4.523395293471293,12.400354295837024
Guam,2005,164373.0,3196.0,749.0,36,19.443582583514324,4.556709435247881,11.264080100125156
Guam,2006,164848.0,3373.0,771.0,36,20.461273415510046,4.677035814811219,10.672991402312482
Guam,2007,165278.0,3464.0,793.0,37,20.95862728251794,4.797976742216145,10.681293302540416
Guam,2008,165704.0,3442.0,827.0,39,20.771978950417612,4.990827016849322,11.330621731551425
Guam,2009,166189.0,3406.0,846.0,41,20.494737918875497,5.090589629879235,12.037580739870817
Guam,2010,166533.0,3487.0,859.0,44,20.938792911915357,5.158136825734239,12.618296529968454
Guam,2011,166554.0,3356.0,876.0,44,20.14962114389327,5.259555459490616,13.110846245530393
Guam,2012,166348.0,3609.0,911.0,48,21.695481761127276,5.476471012576045,13.300083125519535
Guam,2013,165979.0,3309.0,924.0,44,19.93625699636701,5.566969315395321,13.297068600785735
Guam,2014,165492.0,3348.0,954.0,44,20.230585164237546,5.764629105938655,13.142174432497013
Guam,2015,164914.0,3288.0,982.0,44,19.937664479668193,5.954618770995792,13.38199513381995
Guam,2016,164240.0,3511.0,1004.0,46,21.37725280077935,6.113005358012664,13.101680432925093
Guam,2017,163501.0,3371.0,1031.0,45,20.617610901462374,6.305771830141712,13.349154553544944
Guam,2018,162689.0,3224.0,1048.0,44,19.816951361186067,6.441738531799937,13.647642679900745
Guam,2019,161819.0,3116.0,1049.0,42,19.25608241306645,6.482551492717171,13.478818998716303
Guam,2020,162167.0,3018.0,1167.0,41,18.610444788397146,7.19628531082156,13.585155732273028
Guam,2021,163741.0,2996.0,1213.0,41,18.297188853127807,7.408040747277713,13.684913217623498
Guam,2022,165193.0,2975.0,1110.0,40,18.00923767956269,6.719413050189778,13.445378151260504
Guatemala,2000,11697592.0,406001.0,73110.0,21026,34.7080835098369,6.2500042743839925,51.78804978312861
Guatemala,2001,11969423.0,408833.0,73328.0,20339,34.156450148014656,6.126276930809447,49.748919485462274
Guatemala,2002,12246923.0,407419.0,73155.0,19530,33.26705001737987,5.973337139459439,47.93590873277879
Guatemala,2003,12525843.0,406709.0,73167.0,18738,32.46959106864105,5.841283496847278,46.07225313430487
Guatemala,2004,12807409.0,406322.0,74629.0,17989,31.72554261365433,5.827017783222196,44.272768887729434
Guatemala,2005,13087637.0,402792.0,76981.0,17731,30.776525968744398,5.881963260441897,44.020238733639204
Guatemala,2006,13367455.0,401350.0,75743.0,16436,30.024413772105458,5.666224423422409,40.95178771645696
Guatemala,2007,13652042.0,401667.0,75372.0,15783,29.42175243820668,5.52093232646076,39.29374332469433
Guatemala,2008,13935172.0,399639.0,76411.0,15124,28.678440423986153,5.483319473918226,37.84415434930025
Guatemala,2009,14215614.0,400873.0,77546.0,14501,28.199485439039073,5.454987733910051,36.17355122445264
Guatemala,2010,14500118.0,403407.0,78602.0,14035,27.82094600885317,5.420783472244847,34.7911662415377
Guatemala,2011,14792123.0,407013.0,78479.0,13546,27.51552295772554,5.305458858069258,33.28149223734869
Guatemala,2012,15089639.0,410910.0,78536.0,13078,27.231267759288343,5.204630806608429,31.826920736901027
Guatemala,2013,15387339.0,411093.0,79762.0,12584,26.716315277124913,5.183612319193072,30.611078271826567
Guatemala,2014,15681725.0,415053.0,81499.0,12192,26.467305095581,5.197068562291458,29.374561802950467
Guatemala,2015,15971745.0,418818.0,83736.0,11899,26.22243217632137,5.242758383633097,28.41090879570601
Guatemala,2016,16268761.0,422285.0,84175.0,11479,25.956801504429258,5.174026467043188,27.183063570811182
Guatemala,2017,16567363.0,417021.0,84187.0,10990,25.171235760331925,5.081496675119632,26.353588907992645
Guatemala,2018,16845688.0,409597.0,86510.0,10538,24.314649541176355,5.135438813778339,25.727727498004135
Guatemala,2019,17103803.0,394906.0,87529.0,9811,23.08878323727185,5.117516846984264,24.843886899667265
Guatemala,2020,17357331.0,382615.0,101281.0,9196,22.04342361161402,5.835056092437253,24.034603975275406
Guatemala,2021,17598652.0,376735.0,121587.0,8737,21.407037311721375,6.908881430236816,23.19136793767502
Guatemala,2022,17847877.0,375923.0,94247.0,8383,21.062617139282167,5.280572025457146,22.29977947611612
Guernsey,2000,60295.0,655.0,552.0,6,10.863255659673273,9.154987975785719,9.160305343511451
Guernsey,2001,60484.0,640.0,554.0,6,10.581310759870378,9.159447126512797,9.375
Guernsey,2002,60611.0,628.0,553.0,6,10.361155565821385,9.12375641385227,9.554140127388534
Guernsey,2003,60704.0,621.0,556.0,5,10.229968371112282,9.159198734844491,8.051529790660224
Guernsey,2004,60806.0,615.0,529.0,5,10.11413347367036,8.699799361905075,8.130081300813009
Guernsey,2005,60897.0,615.0,527.0,5,10.099019656140696,8.653956680953085,8.130081300813009
Guernsey,2006,61015.0,615.0,510.0,5,10.079488650331886,8.358600344177662,8.130081300813009
Guernsey,2007,61126.0,615.0,517.0,5,10.061185093086412,8.45793933841573,8.130081300813009
Guernsey,2008,61255.0,613.0,511.0,4,10.007346339074362,8.342176148885805,6.525285481239805
Guernsey,2009,61390.0,606.0,507.0,4,9.871314546343052,8.258674051148395,6.600660066006601
Guernsey,2010,61539.0,603.0,502.0,4,9.79866426168771,8.157428622499554,6.633499170812604
Guernsey,2011,61699.0,600.0,495.0,4,9.724630869219924,8.022820467106436,6.666666666666667
Guernsey,2012,61881.0,593.0,519.0,4,9.582909132043762,8.38706549667911,6.745362563237774
Guernsey,2013,62045.0,584.0,508.0,4,9.412523168667901,8.187605770005641,6.8493150684931505
Guernsey,2014,62188.0,569.0,506.0,3,9.149675178491027,8.13661799704123,5.272407732864675
Guernsey,2015,62259.0,554.0,527.0,3,8.898311890650348,8.464639650492298,5.415162454873646
Guernsey,2016,62216.0,537.0,544.0,3,8.63122026488363,8.743731516008744,5.58659217877095
Guernsey,2017,62214.0,515.0,563.0,3,8.277879576944096,9.04941010062044,5.825242718446602
Guernsey,2018,62458.0,496.0,545.0,3,7.941336578180537,8.72586378046047,6.048387096774193
Guernsey,2019,62808.0,494.0,533.0,3,7.865240096802955,8.486180104445294,6.0728744939271255
Guernsey,2020,63128.0,501.0,542.0,3,7.936256494740845,8.585730579140794,5.9880239520958085
Guernsey,2021,63436.0,517.0,632.0,3,8.149946402673562,9.962797149883349,5.802707930367505
Guernsey,2022,63750.0,521.0,581.0,3,8.172549019607843,9.113725490196078,5.758157389635317
Guinea,2000,8428837.0,352603.0,125528.0,57831,41.83293614528315,14.892683296639857,164.0116504964507
Guinea,2001,8539963.0,352857.0,125212.0,55930,41.31832889674112,14.661890221304237,158.50613704701905
Guinea,2002,8674072.0,351824.0,122796.0,53783,40.56041960454098,14.156672898265082,152.86904816044387
Guinea,2003,8870790.0,357353.0,122582.0,52313,40.28423624051522,13.818611420177909,146.3902639686808
Guinea,2004,9062724.0,364717.0,122640.0,51321,40.243639771000424,13.532355172683179,140.71458144259796
Guinea,2005,9245844.0,373629.0,122428.0,50610,40.410480644060186,13.241408788640603,135.45522430004095
Guinea,2006,9441174.0,380546.0,122030.0,50030,40.30706350714434,12.925299332477083,131.46899454993616
Guinea,2007,9662278.0,388487.0,122426.0,49737,40.20656412494031,12.670511032698501,128.0274500819847
Guinea,2008,9898870.0,396750.0,122426.0,49445,40.08033240157715,12.367674290095739,124.62507876496534
Guinea,2009,10143540.0,405016.0,123089.0,49401,39.928466787728944,12.134718254179507,121.97295909297411
Guinea,2010,10396090.0,412048.0,123533.0,49289,39.634901198431336,11.882640492723707,119.61955888634333
Guinea,2011,10656812.0,417378.0,124054.0,49114,39.16537140750911,11.640817159953652,117.67270915093751
Guinea,2012,10921580.0,422661.0,124578.0,48935,38.699620384596365,11.40659135399823,115.77836611374127
Guinea,2013,11191874.0,429537.0,125104.0,48770,38.37936345602176,11.178110118108906,113.54085911108938
Guinea,2014,11472921.0,436496.0,126961.0,49046,38.045760098932085,11.066144358529098,112.36299989003336
Guinea,2015,11767077.0,444411.0,127802.0,48982,37.76732318484871,10.860981023579603,110.21779388899014
Guinea,2016,12073031.0,451706.0,127088.0,48407,37.414465348428244,10.526602640215204,107.16483730568113
Guinea,2017,12385668.0,456923.0,128383.0,48217,36.89126819804955,10.365448193831774,105.52543864064623
Guinea,2018,12704776.0,461550.0,128958.0,47791,36.328857746094855,10.150356055077241,103.54457805221536
Guinea,2019,13034349.0,468606.0,129624.0,47396,35.95162290038421,9.944800465293664,101.14253765423405
Guinea,2020,13371185.0,474920.0,132627.0,46950,35.51816835979758,9.918866577644389,98.85875515876357
Guinea,2021,13710515.0,479631.0,134512.0,46334,34.982712173831544,9.810864143323572,96.60343055390499
Guinea,2022,14055136.0,483229.0,130720.0,45619,34.380955118470574,9.300514772678115,94.40451628523951
Guinea-Bissau,2000,1234747.0,52286.0,19469.0,8831,42.345516935858114,15.767602593891706,168.89798416402095
Guinea-Bissau,2001,1261281.0,52713.0,19250.0,8639,41.793224507465034,15.26226114561307,163.88746608995882
Guinea-Bissau,2002,1289317.0,53588.0,19029.0,8461,41.56309115601516,14.758977039781529,157.88982608046578
Guinea-Bissau,2003,1318809.0,54461.0,18812.0,8281,41.29559322085306,14.264385517538932,152.0537632434219
Guinea-Bissau,2004,1349569.0,55063.0,18570.0,8078,40.800433323527734,13.759948546535968,146.70468372591395
Guinea-Bissau,2005,1381590.0,56053.0,18703.0,7999,40.571370667129905,13.537301225399721,142.70422635719765
Guinea-Bissau,2006,1415315.0,56970.0,18083.0,7671,40.252523289868336,12.77666102599068,134.64981569246973
Guinea-Bissau,2007,1450989.0,58062.0,17772.0,7463,40.015465313658474,12.248197608665537,128.5350142950639
Guinea-Bissau,2008,1488059.0,58551.0,17711.0,7291,39.34723018374944,11.902081839496955,124.52391931820122
Guinea-Bissau,2009,1526384.0,59144.0,17196.0,6969,38.74778561620143,11.265841361020556,117.83105640470716
Guinea-Bissau,2010,1566352.0,60004.0,16931.0,6739,38.30811975852171,10.809192314371227,112.3091793880408
Guinea-Bissau,2011,1608084.0,61137.0,16735.0,6540,38.0185363451163,10.406794669930179,106.97286422297462
Guinea-Bissau,2012,1651425.0,62056.0,16574.0,6359,37.57724389542365,10.036180874093587,102.47196080959134
Guinea-Bissau,2013,1695980.0,62889.0,16421.0,6185,37.08121558037241,9.682307574381774,98.34788277759226
Guinea-Bissau,2014,1741126.0,62847.0,16226.0,5977,36.09560709563811,9.319256618992538,95.10398268811558
Guinea-Bissau,2015,1786461.0,62882.0,16040.0,5766,35.19920110206716,8.978645489602068,91.6955567571006
Guinea-Bissau,2016,1831898.0,62682.0,15866.0,5556,34.21697059552442,8.660962564509596,88.63788647458601
Guinea-Bissau,2017,1877074.0,62011.0,15692.0,5329,33.035991122353195,8.359819591555793,85.93636612859008
Guinea-Bissau,2018,1922167.0,62228.0,15571.0,5138,32.3738780241259,8.100752952266895,82.56733303336118
Guinea-Bissau,2019,1967704.0,62667.0,15472.0,4976,31.847777917816906,7.862971259904945,79.40383295833531
Guinea-Bissau,2020,2013259.0,63229.0,16511.0,4839,31.406291987270393,8.20113060465643,76.53133846810799
Guinea-Bissau,2021,2058841.0,63759.0,16518.0,4706,30.968394353910767,8.02296049087812,73.8091877225176
Guinea-Bissau,2022,2105535.0,64131.0,15210.0,4572,30.45829207303607,7.223817224600873,71.29157505730457
Guyana,2000,764836.0,20062.0,5937.0,948,26.230459863290953,7.762448420314944,47.25351410627056
Guyana,2001,764484.0,19142.0,5830.0,887,25.03911134830814,7.626058884162389,46.337895726674326
Guyana,2002,763657.0,18147.0,5931.0,823,23.76328639690332,7.766575831819782,45.351848790433685
Guyana,2003,763107.0,17325.0,5980.0,768,22.703238209058494,7.836384674757275,44.32900432900433
Guyana,2004,762424.0,16789.0,6019.0,724,22.02055549143259,7.894557359159733,43.12347370301983
Guyana,2005,760922.0,16485.0,6029.0,707,21.664507005974333,7.923282544071535,42.887473460721864
Guyana,2006,758976.0,16485.0,5957.0,669,21.72005438907159,7.848733029766422,40.58234758871702
Guyana,2007,756874.0,16565.0,5825.0,655,21.88607350761157,7.696129078287799,39.54120132810142
Guyana,2008,754614.0,16623.0,5830.0,648,22.02848078620328,7.725804185981177,38.98213318895506
Guyana,2009,752097.0,16588.0,5829.0,629,22.05566569205834,7.750330077104416,37.91897757414999
Guyana,2010,749259.0,16527.0,5879.0,614,22.057793099582387,7.846418928568092,37.15132812972711
Guyana,2011,746161.0,16604.0,5890.0,603,22.25257015577067,7.893738750752184,36.316550228860514
Guyana,2012,746296.0,16656.0,6024.0,591,22.31822226033638,8.071864246893995,35.482708933717575
Guyana,2013,750020.0,16922.0,6037.0,585,22.56206501159969,8.049118690168262,34.57038175156601
Guyana,2014,754231.0,17050.0,5902.0,573,22.605806443914396,7.8251888347203975,33.60703812316716
Guyana,2015,758783.0,17084.0,5879.0,561,22.515000995014383,7.747933203564129,32.837742917349566
Guyana,2016,763553.0,17052.0,5888.0,544,22.332437957810395,7.711318009358879,31.90241613886934
Guyana,2017,768483.0,16940.0,5836.0,526,22.043428416763938,7.59418230461832,31.05076741440378
Guyana,2018,791563.0,16809.0,5862.0,507,21.235201746418163,7.405601322952185,30.162412993039442
Guyana,2019,807668.0,17725.0,6058.0,513,21.94589856228054,7.500606684924994,28.942172073342736
Guyana,2020,807486.0,17163.0,6854.0,486,21.254857669358973,8.48807285822912,28.316727844782378
Guyana,2021,815484.0,17093.0,8966.0,470,20.96055839231671,10.994697627421262,27.496636049844966
Guyana,2022,821638.0,17047.0,6005.0,452,20.7475798344283,7.308571414661931,26.514929313075612
Haiti,2000,8303151.0,266970.0,86293.0,27479,32.15285377804161,10.392801479823744,102.92916807131887
Haiti,2001,8455917.0,264483.0,85740.0,26543,31.277861407580044,10.139645410426805,100.35805703958287
Haiti,2002,8607648.0,263154.0,85027.0,25612,30.572114473082543,9.878075869273465,97.32704044019852
Haiti,2003,8759913.0,264233.0,84688.0,24924,30.16388404770687,9.667675923265447,94.3258412083275
Haiti,2004,8910267.0,264117.0,90042.0,26627,29.64187268462326,10.105421083341273,100.81516903493527
Haiti,2005,9061274.0,264206.0,83594.0,23533,29.157710052692373,9.225413556636738,89.07064941749998
Haiti,2006,9216569.0,266186.0,83318.0,23009,28.881246372701163,9.040023462093107,86.43955730203692
Haiti,2007,9373300.0,267607.0,83382.0,22617,28.549923719501137,8.895693085679536,84.5157264197125
Haiti,2008,9530782.0,269555.0,84196.0,22376,28.282569048373997,8.834112457928425,83.01088831592811
Haiti,2009,9689585.0,271900.0,84104.0,21830,28.06105731050401,8.67983510129691,80.28687017285768
Haiti,2010,9803299.0,271749.0,175782.0,38738,27.720158285491443,17.930902648179963,142.5506625599358
Haiti,2011,9914904.0,271233.0,86537.0,21432,27.3560893781725,8.727971546673574,79.01693378018162
Haiti,2012,10069770.0,268713.0,85009.0,20443,26.68511793218713,8.442000164849842,76.077450662975
Haiti,2013,10222365.0,266448.0,84988.0,19719,26.06520115452735,8.313927354384234,74.00693568726356
Haiti,2014,10373241.0,267118.0,85107.0,19150,25.750679078987947,8.2044753418917,71.6911627071182
Haiti,2015,10523249.0,267758.0,85693.0,18679,25.44442310544966,8.14320748278407,69.76075411378932
Haiti,2016,10671462.0,267875.0,86966.0,18384,25.101996333773197,8.149398835885842,68.62902473168455
Haiti,2017,10817759.0,266599.0,86297.0,17545,24.644568251150723,7.977345400281148,65.81044940153565
Haiti,2018,10962373.0,265528.0,86899.0,16969,24.221762933992483,7.9270245593723185,63.90663131571811
Haiti,2019,11105165.0,264011.0,87459.0,16392,23.773712502245576,7.875524586982725,62.088322077489195
Haiti,2020,11243846.0,262412.0,93140.0,15822,23.338277667623693,8.283642447610896,60.294498727192355
Haiti,2021,11374592.0,260695.0,101701.0,15702,22.91906382224523,8.941067952151602,60.23130478144959
Haiti,2022,11503603.0,259375.0,95160.0,14893,22.54728366408333,8.2721908953221,57.41879518072289
High-income countries,2000,1096764301.0,13299801.0,9401956.0,108258,12.126398523250257,8.572448967775074,8.139821039427583
High-income countries,2001,1103946187.0,13070416.0,9380145.0,103106,11.839722038914926,8.496922323261758,7.8885017890784805
High-income countries,2002,1111450255.0,12937613.0,9502719.0,99605,11.640298737436522,8.549837437393904,7.698869953831514
High-income countries,2003,1119083316.0,12978533.0,9659998.0,97394,11.59746804767841,8.632063280621725,7.5042379597139375
High-income countries,2004,1126798828.0,13045808.0,9443302.0,94836,11.577761420958808,8.380645919521669,7.269461577236151
High-income countries,2005,1134613531.0,13067990.0,9636742.0,93143,11.517569324669017,8.493413604460178,7.127568968142767
High-income countries,2006,1142539576.0,13344694.0,9547498.0,92124,11.679852742361373,8.356382746430134,6.9034179427418865
High-income countries,2007,1151382222.0,13537776.0,9639744.0,91249,11.757846995834543,8.372323122425282,6.740324260055714
High-income countries,2008,1160658980.0,13661786.0,9777833.0,89065,11.770714943333312,8.42438060488706,6.519279397291101
High-income countries,2009,1169055739.0,13522408.0,9757781.0,85681,11.566948904905894,8.346720070290848,6.336223548350264
High-income countries,2010,1176862153.0,13436877.0,9877091.0,81611,11.41754534781101,8.3927339959245,6.073658335936245
High-income countries,2011,1184863412.0,13312470.0,9995208.0,78897,11.235446942807615,8.435747022628124,5.926548566870009
High-income countries,2012,1192847648.0,13341007.0,10178449.0,77193,11.184166747839368,8.532899416841538,5.786144928939772
High-income countries,2013,1200506756.0,13140530.0,10232392.0,74806,10.945819283669238,8.523393932486956,5.692768860921134
High-income countries,2014,1208317570.0,13227573.0,10247434.0,73357,10.947099776096113,8.480745670196619,5.545764139801005
High-income countries,2015,1216633405.0,13207564.0,10621579.0,72540,10.85582883530968,8.73030360365619,5.492307286945572
High-income countries,2016,1224780418.0,13178608.0,10617081.0,71566,10.759976079238719,8.668558742421043,5.430467314909131
High-income countries,2017,1231575713.0,12920916.0,10878465.0,69298,10.491369603681036,8.832964863768794,5.363242048783539
High-income countries,2018,1237400292.0,12657759.0,10987036.0,66582,10.229316318926486,8.879128339497758,5.2601728315415075
High-income countries,2019,1243293722.0,12349033.0,11016688.0,64338,9.932514563119462,8.860889269414328,5.209962593832246
High-income countries,2020,1246978172.0,11951741.0,12198606.0,58982,9.58456312096536,9.782533707414405,4.93501323363684
High-income countries,2021,1248780609.0,11931697.0,12384298.0,60070,9.554678310992255,9.917112670348967,5.03448922646963
High-income countries,2022,1254316691.0,11725849.0,12388818.0,60354,9.34839589087474,9.876945821491901,5.147089988963699
Honduras,2000,6577781.0,224798.0,34489.0,8295,34.17535488031602,5.243257566647475,36.89979448215731
Honduras,2001,6757992.0,225424.0,34782.0,7994,33.35665386996611,5.146795083510013,35.46206260202995
Honduras,2002,6938866.0,224644.0,34996.0,7648,32.374742501152205,5.043475403617824,34.04497783159132
Honduras,2003,7119213.0,223226.0,35373.0,7302,31.355432124309246,4.968667182734945,32.71124331395089
Honduras,2004,7299003.0,222525.0,35746.0,6966,30.4870404903245,4.897381190280371,31.30434782608696
Honduras,2005,7478362.0,221456.0,36242.0,6665,29.612901862734113,4.8462484164312984,30.096271945668665
Honduras,2006,7656832.0,220077.0,36707.0,6342,28.742566116116954,4.794019249736706,28.817186711923554
Honduras,2007,7834806.0,220265.0,37212.0,6085,28.113650803861642,4.749575164975368,27.625814359975486
Honduras,2008,8012590.0,220548.0,37941.0,5893,27.52518224444281,4.735173021457482,26.7198070261349
Honduras,2009,8189904.0,220803.0,38548.0,5634,26.960389279288258,4.706770677653853,25.5159576636187
Honduras,2010,8365881.0,220160.0,39839.0,5517,26.316415449849217,4.762080646377829,25.059047965116278
Honduras,2011,8540587.0,220138.0,39971.0,5237,25.775511683213345,4.680123274899021,23.789622872925165
Honduras,2012,8715081.0,220540.0,40165.0,5035,25.305559409029012,4.608677762145871,22.830325564523445
Honduras,2013,8889276.0,220481.0,40486.0,4856,24.803032327942116,4.554476652541782,22.024573546019838
Honduras,2014,9063127.0,221033.0,40954.0,4692,24.388160951512653,4.518749433832275,21.227599498717385
Honduras,2015,9237306.0,222474.0,41372.0,4544,24.08429470670345,4.478795007981764,20.42485863516636
Honduras,2016,9412380.0,224051.0,41812.0,4413,23.803862572484324,4.44223458891375,19.696408407014474
Honduras,2017,9588144.0,225361.0,42623.0,4286,23.504131769401877,4.445385884901187,19.018374962837406
Honduras,2018,9765209.0,228432.0,43471.0,4177,23.392433280229845,4.451620031890767,18.285529172795403
Honduras,2019,9943637.0,229805.0,44607.0,4085,23.110759171920698,4.485984353612265,17.775940471269116
Honduras,2020,10119638.0,230759.0,51201.0,3976,22.803088410870032,5.059568336337723,17.23009720097591
Honduras,2021,10289881.0,231824.0,58924.0,3823,22.52931788035255,5.72640247248729,16.490958658292495
Honduras,2022,10463880.0,232735.0,46487.0,3711,22.241749714255132,4.442615932139894,15.945173695404643
Hong Kong,2000,6704665.0,63229.0,36208.0,253,9.43059794933826,5.400418962021219,4.001328504325547
Hong Kong,2001,6774243.0,58283.0,36262.0,224,8.603618145968488,5.352922828425258,3.8433162328637853
Hong Kong,2002,6821412.0,57134.0,37069.0,216,8.375685268680444,5.434212154316438,3.7805859908285786
Hong Kong,2003,6858906.0,54910.0,38625.0,225,8.00564988060778,5.631364535393836,4.097614277909306
Hong Kong,2004,6888164.0,55661.0,39353.0,201,8.080672875965208,5.713133427136753,3.611146044806956
Hong Kong,2005,6908483.0,57847.0,40196.0,199,8.373328848026405,5.818354043861728,3.4401092537210225
Hong Kong,2006,6931089.0,59807.0,40801.0,193,8.628802775436876,5.8866651402110115,3.2270470011871524
Hong Kong,2007,6971344.0,62671.0,41757.0,198,8.989801679561358,5.989806269780978,3.1593560019785865
Hong Kong,2008,7020689.0,64513.0,42738.0,204,9.188984158107559,6.087436717393406,3.162153364438175
Hong Kong,2009,7064464.0,64744.0,43486.0,201,9.164743425686648,6.155597933544569,3.1045347831459287
Hong Kong,2010,7101614.0,69810.0,44159.0,205,9.830159735519278,6.218163927242455,2.936542042687294
Hong Kong,2011,7142969.0,71807.0,44722.0,199,10.05282257279851,6.260981953022616,2.7713175595694013
Hong Kong,2012,7201059.0,77410.0,45528.0,204,10.74980777132919,6.322403413164647,2.6353184343108125
Hong Kong,2013,7264330.0,81387.0,46115.0,207,11.203648512663934,6.348142223715057,2.543403737697667
Hong Kong,2014,7319502.0,77714.0,46925.0,192,10.617388997229593,6.4109552808374115,2.470597318372494
Hong Kong,2015,7366411.0,79755.0,47730.0,184,10.826846343490743,6.479410394016842,2.3070653877499847
Hong Kong,2016,7408006.0,78756.0,48400.0,171,10.631200892655864,6.533472030125245,2.171263141855859
Hong Kong,2017,7444889.0,74005.0,48822.0,158,9.940376545573749,6.55778749689888,2.1349908789946626
Hong Kong,2018,7471190.0,69814.0,49136.0,145,9.34442839761805,6.576730079144019,2.076947317157017
Hong Kong,2019,7485817.0,66699.0,49745.0,133,8.910049497603268,6.64523324574993,1.9940328940463874
Hong Kong,2020,7490240.0,55485.0,54626.0,109,7.407639808604264,7.292957235015166,1.964494908533838
Hong Kong,2021,7484604.0,47908.0,54800.0,92,6.4008730455211795,7.321696645540632,1.9203473323870752
Hong Kong,2022,7465913.0,42320.0,65935.0,82,5.668429299939605,8.831471783826037,1.937618147448015
Hungary,2000,10190598.0,97513.0,134857.0,1068,9.568918330406126,13.233472657836174,10.952385835734724
Hungary,2001,10166693.0,97095.0,131367.0,906,9.550303132001723,12.92131079398188,9.33106751120037
Hungary,2002,10138461.0,96728.0,132100.0,841,9.540698534027996,13.02959098032729,8.69448350012406
Hungary,2003,10108970.0,94772.0,135114.0,809,9.375040187081375,13.365753385359735,8.536276537373908
Hungary,2004,10085788.0,95319.0,131854.0,749,9.450823277268965,13.073247226691658,7.857824777851215
Hungary,2005,10065703.0,97761.0,134954.0,736,9.712287358369306,13.407309951426145,7.528564560509815
Hungary,2006,10049946.0,99808.0,130950.0,704,9.931197640265928,13.029920757783177,7.0535428021801865
Hungary,2007,10034084.0,98015.0,132186.0,686,9.768206046511072,13.173698765128934,6.9989287353976435
Hungary,2008,10016653.0,98863.0,129398.0,651,9.869863715953821,12.9182871763652,6.584869971576829
Hungary,2009,10001381.0,96291.0,129763.0,577,9.627770404907082,12.97450822041476,5.992252650818872
Hungary,2010,9979128.0,90709.0,129618.0,552,9.089872381634947,12.98891045389938,6.0853939520885465
Hungary,2011,9946675.0,89092.0,127537.0,531,8.956963005225363,12.822073708048167,5.960131100435505
Hungary,2012,9916621.0,90042.0,128855.0,513,9.079907359573387,12.993841349790419,5.697341240754315
Hungary,2013,9889344.0,89379.0,126033.0,522,9.037909895742326,12.744323587085251,5.840298056590474
Hungary,2014,9862843.0,92338.0,125902.0,498,9.36220925345765,12.765284816964034,5.393229223071758
Hungary,2015,9839211.0,91977.0,131112.0,473,9.348005648013851,13.325458718183805,5.142589995324919
Hungary,2016,9810529.0,94367.0,126512.0,448,9.618951230866347,12.895532952402466,4.7474222980491065
Hungary,2017,9785608.0,93191.0,131175.0,398,9.523271318450524,13.404890120266415,4.270798682276185
Hungary,2018,9774395.0,91697.0,130529.0,370,9.381347899281746,13.354176908136003,4.035028408781095
Hungary,2019,9770346.0,91271.0,129065.0,402,9.341634369959877,13.209869947287435,4.404465821564352
Hungary,2020,9749459.0,93065.0,140529.0,374,9.545657866759582,14.41403056313176,4.018696609896309
Hungary,2021,9707848.0,93719.0,158980.0,363,9.653941841693442,16.37644099907621,3.8732807648395737
Hungary,2022,9684308.0,89766.0,133844.0,381,9.269221920657625,13.820708717649213,4.244368691932358
Iceland,2000,281293.0,4279.0,1829.0,17,15.211896492269627,6.502117009666078,3.972890862351017
Iceland,2001,285058.0,4087.0,1733.0,16,14.337433083793474,6.079464530025469,3.914851969659897
Iceland,2002,287609.0,4062.0,1834.0,17,14.123341063735836,6.376712828875314,4.185130477597243
Iceland,2003,289616.0,4162.0,1844.0,15,14.370752997071985,6.367051544113585,3.6040365209034118
Iceland,2004,292172.0,4235.0,1840.0,15,14.49488657366209,6.297660282299468,3.541912632821724
Iceland,2005,296852.0,4248.0,1855.0,15,14.310161292495923,6.248905178338028,3.5310734463276834
Iceland,2006,303883.0,4371.0,1915.0,12,14.383825353836837,6.3017674565540025,2.7453671928620453
Iceland,2007,311662.0,4493.0,1954.0,16,14.41625863916679,6.269612593129737,3.561095036723793
Iceland,2008,317519.0,4801.0,2002.0,18,15.12035500237781,6.305134495888435,3.749218912726515
Iceland,2009,318619.0,5066.0,2017.0,14,15.899867867264664,6.330444825951999,2.7635215159889457
Iceland,2010,318163.0,4924.0,2030.0,17,15.476343886624152,6.380377353746351,3.4524776604386673
Iceland,2011,319139.0,4525.0,2002.0,9,14.178774765854376,6.273128636738224,1.9889502762430942
Iceland,2012,320851.0,4536.0,1979.0,10,14.137403342984749,6.1679720493313095,2.204585537918871
Iceland,2013,323891.0,4326.0,2164.0,14,13.356345190202877,6.681260053536529,3.236245954692557
Iceland,2014,327517.0,4356.0,2064.0,13,13.300072973311309,6.301962951541447,2.9843893480257115
Iceland,2015,330962.0,4129.0,2194.0,15,12.475752503308536,6.6291598431239835,3.6328408815693876
Iceland,2016,335571.0,4013.0,2332.0,8,11.958721105220654,6.949349020028548,1.99352105656616
Iceland,2017,343537.0,4004.0,2245.0,15,11.65522199937707,6.534958388761618,3.7462537462537466
Iceland,2018,352860.0,4169.0,2269.0,12,11.81488409000737,6.430312305163521,2.878388102662509
Iceland,2019,360709.0,4403.0,2284.0,9,12.206515501415268,6.331973973480008,2.0440608675902796
Iceland,2020,366626.0,4486.0,2316.0,16,12.235902527371218,6.317064256217508,3.5666518056174765
Iceland,2021,372647.0,4819.0,2345.0,21,12.931809460427697,6.292818672899554,4.357750570657813
Iceland,2022,380368.0,4334.0,2823.0,8,11.39422874689774,7.4217599798090275,1.8458698661744346
India,2000,1057922731.0,29111712.0,9127431.0,2636156,27.51780555133946,8.627691543570775,90.55310797248887
India,2001,1077898579.0,29324930.0,9143228.0,2555847,27.20564863088107,8.482456678329102,87.15611597367837
India,2002,1097600380.0,29128216.0,9103548.0,2449264,26.538088479889193,8.294045962338314,84.08561650325582
India,2003,1116803000.0,28794442.0,9074469.0,2332103,25.782919637572608,8.125398123035128,80.99142883199472
India,2004,1135991509.0,28537736.0,9067053.0,2219553,25.121434248325883,7.981620397833448,77.77607165473813
India,2005,1154676321.0,28063000.0,9027961.0,2093819,24.30378062632844,7.818607548980819,74.61137440758293
India,2006,1172878888.0,27637610.0,8995893.0,1970158,23.563907819270085,7.669924910439687,71.28539696449874
India,2007,1190676028.0,27304620.0,8972698.0,1854649,22.93203134849709,7.535801333862077,67.9243659131678
India,2008,1207930960.0,27186092.0,8950894.0,1751160,22.506329335246114,7.410103968193679,64.41381865403825
India,2009,1225524764.0,27219668.0,8934340.0,1659915,22.21062258355148,7.2902158017918275,60.98219125964358
India,2010,1243481565.0,26900712.0,8908601.0,1560786,21.63338223675234,7.164240508865124,58.02024868338057
India,2011,1261224956.0,26681992.0,8889393.0,1465550,21.155616904871962,7.048221617968048,54.926558706711255
India,2012,1278674501.0,26432416.0,8879964.0,1373272,20.671731530837807,6.944663394050117,51.95408546838851
India,2013,1295829507.0,25995998.0,8888126.0,1281925,20.061279558438084,6.859024240447397,49.31239800833959
India,2014,1312277184.0,25050538.0,8884412.0,1172690,19.0893648883253,6.770225153895535,46.81296665165435
India,2015,1328024494.0,25147252.0,8936426.0,1098967,18.935834477161382,6.729112332170584,43.70127598832668
India,2016,1343944296.0,25207148.0,9004539.0,1034488,18.756095825566867,6.700083498103556,41.03947023280857
India,2017,1359657398.0,24466744.0,9072749.0,955501,17.99478606595277,6.672819942248423,39.05305094948474
India,2018,1374659067.0,24620204.0,9169449.0,899927,17.910043727227677,6.670344102127833,36.55237787631654
India,2019,1389030307.0,24124984.0,9264486.0,837527,17.36822002977362,6.669750799037102,34.71616810191459
India,2020,1402617694.0,23485340.0,10118286.0,774068,16.743935357769697,7.213858803637764,32.959625025654304
India,2021,1414203896.0,23321852.0,13093783.0,724076,16.49115241866085,9.25876603581355,31.04710552146545
India,2022,1425423209.0,23286124.0,9373180.0,682130,16.33628795502515,6.5757172612446215,29.29341096010654
Indonesia,2000,216077789.0,4686376.0,1605637.0,246038,21.68837445851503,7.430828533699963,52.5006956334703
Indonesia,2001,219097905.0,4685685.0,1619259.0,234154,21.386261087252297,7.3905727213594306,49.972202570168506
Indonesia,2002,222088499.0,4687565.0,1624574.0,223053,21.106743577928366,7.314984825035897,47.583980168808324
Indonesia,2003,225048005.0,4688692.0,1650939.0,213070,20.834186021777885,7.335941502791815,45.44337738542007
Indonesia,2004,227926649.0,4739873.0,1845607.0,234039,20.79560692352389,8.097372589371943,49.37663941628816
Indonesia,2005,230871648.0,4852370.0,1702851.0,199741,21.017608883703208,7.375747584216144,41.16359634570323
Indonesia,2006,233951650.0,4899748.0,1736657.0,194651,20.94342142917137,7.423144910497532,39.72673696688075
Indonesia,2007,237062338.0,4970646.0,1759193.0,188184,20.96767475565857,7.42080338379182,37.859062986983986
Indonesia,2008,240157902.0,4925996.0,1787618.0,179857,20.511488312385406,7.443511061318316,36.51180390727073
Indonesia,2009,243220024.0,4955500.0,1814615.0,173564,20.374556002839633,7.460796073270678,35.02451821208758
Indonesia,2010,246305327.0,5015256.0,1854127.0,168390,20.361946942381802,7.527758423186682,33.57555426881499
Indonesia,2011,249470029.0,5141881.0,1875287.0,164703,20.61121738996551,7.517083344709115,32.03166312094737
Indonesia,2012,252698525.0,5157679.0,1897862.0,159191,20.410404057562268,7.5103802050288975,30.864852194174937
Indonesia,2013,255852464.0,5025781.0,1921332.0,150519,19.64327769772817,7.509530961562285,29.94937503245764
Indonesia,2014,258877395.0,4942318.0,1941415.0,142632,19.091346310866577,7.499360846087006,28.859332806994612
Indonesia,2015,261799249.0,4861441.0,1962168.0,135080,18.569346621769718,7.4949336466583985,27.78600007693192
Indonesia,2016,264627429.0,4799811.0,1985267.0,128284,18.137995060217282,7.502121029184772,26.726885704457946
Indonesia,2017,267346654.0,4689219.0,2006818.0,120836,17.539845477175863,7.506426469059156,25.76889669686999
Indonesia,2018,269951847.0,4628645.0,2041289.0,115463,17.14618755692381,7.561678212929582,24.945313369247373
Indonesia,2019,272489381.0,4607562.0,2059519.0,109819,16.909143332818537,7.558162422483539,23.834513784079302
Indonesia,2020,274814861.0,4582350.0,2430253.0,105154,16.674316604734123,8.843237193057037,22.947614215413488
Indonesia,2021,276758056.0,4543453.0,2779186.0,100618,16.416696466461666,10.041933521891771,22.145711642664732
Indonesia,2022,278830527.0,4518308.0,2088878.0,96506,16.204495428149443,7.491568525421895,21.358880359639052
Iran,2000,66418661.0,1060427.0,329235.0,38363,15.96579912985599,4.956965332378501,36.176936271898015
Iran,2001,67452005.0,1074860.0,331192.0,36751,15.935182356699405,4.9100393679921,34.1914295815269
Iran,2002,68011318.0,1084609.0,332396.0,34783,15.947478035935138,4.887363012138656,32.06962140273591
Iran,2003,68769343.0,1091911.0,359340.0,35905,15.877874534878135,5.225293485790609,32.88271663166687
Iran,2004,70256316.0,1136441.0,335275.0,31878,16.175641774328163,4.772168811128668,28.050730306280748
Iran,2005,71828455.0,1176881.0,339625.0,31053,16.384606908223212,4.728279342775784,26.38584529786784
Iran,2006,73392747.0,1227485.0,342952.0,30125,16.72488154721883,4.672832316795555,24.542051430363713
Iran,2007,74602648.0,1266093.0,346805.0,29097,16.97115362446652,4.648695579813736,22.981724091358217
Iran,2008,75514201.0,1290890.0,349934.0,28031,17.09466541266854,4.634015792605685,21.71447605915299
Iran,2009,76457831.0,1311757.0,353497.0,26926,17.15660754226732,4.623424381473757,20.526667667868363
Iran,2010,77420851.0,1337544.0,357131.0,26006,17.276276128765364,4.6128529380282846,19.44309869432333
Iran,2011,78383602.0,1385254.0,361384.0,25459,17.672752522906514,4.61045411003184,18.37857894653255
Iran,2012,79370583.0,1439653.0,365818.0,25065,18.138369980223025,4.60898718609639,17.410445433726046
Iran,2013,80414689.0,1490131.0,370617.0,24741,18.530582142772445,4.6088221518832215,16.603238238785718
Iran,2014,81502045.0,1534518.0,375961.0,24436,18.827969285924052,4.6129026578412855,15.924218549407696
Iran,2015,82619365.0,1559766.0,381416.0,23957,18.878939580327202,4.616544801572852,15.359355185329083
Iran,2016,83812230.0,1574609.0,387611.0,23328,18.787341656462306,4.6247546449963215,14.815106480402436
Iran,2017,85026761.0,1534302.0,393723.0,22194,18.044930583678237,4.630577424912141,14.465209587160807
Iran,2018,86117999.0,1435027.0,400017.0,20273,16.663496791187637,4.644987164646034,14.127260323324927
Iran,2019,87051649.0,1298600.0,405566.0,18096,14.91758071119365,4.65891231997225,13.935006930540581
Iran,2020,87723448.0,1228854.0,564815.0,16663,14.008272907831895,6.4385864085050555,13.559788225452332
Iran,2021,88455490.0,1210703.0,564944.0,16016,13.68714366965804,6.386760166045093,13.22867788384104
Iran,2022,89524247.0,1191945.0,438359.0,14901,13.314214192720325,4.8965393699429836,12.501415753243649
Iraq,2000,24424060.0,881887.0,166116.0,38759,36.10730566498773,6.801326233230675,43.9500752363965
Iraq,2001,25197842.0,895718.0,165996.0,38567,35.547409178928895,6.587706994908532,43.05707823221148
Iraq,2002,26006558.0,904796.0,165373.0,38244,34.79107077530214,6.358896090747572,42.26809137087255
Iraq,2003,26802660.0,925338.0,179180.0,38240,34.52411066662787,6.685157368708927,41.32544000138328
Iraq,2004,27577876.0,947136.0,185576.0,38156,34.34405173190277,6.729162173330535,40.28566119332387
Iraq,2005,28407450.0,964267.0,187653.0,38006,33.94415901462469,6.605767149110532,39.41439456084259
Iraq,2006,28616518.0,1000546.0,203201.0,38281,34.96393236940986,7.1008289687795,38.26010997995095
Iraq,2007,28391606.0,979591.0,195478.0,36555,34.50283862068247,6.8850631415496535,37.31659437459103
Iraq,2008,28971042.0,974852.0,172475.0,35424,33.649186660251985,5.953358529527519,36.33782358758047
Iraq,2009,30058207.0,1019814.0,164731.0,36071,33.92797181814604,5.480400078421178,35.37017534570029
Iraq,2010,31045367.0,1074309.0,167941.0,36807,34.60448703988585,5.409535020152926,34.261092478979506
Iraq,2011,32161425.0,1141502.0,170418.0,37619,35.49289249465781,5.298832374498332,32.955702223912006
Iraq,2012,33654843.0,1172290.0,172324.0,37728,34.83272823468527,5.120332904242043,32.183162869255895
Iraq,2013,35281987.0,1204531.0,178484.0,38347,34.14011234684713,5.058785379632956,31.835627310546595
Iraq,2014,36550058.0,1218190.0,177448.0,36978,33.329358875435986,4.854930736361622,30.35487075086809
Iraq,2015,37560535.0,1185490.0,177914.0,35501,31.56211699327499,4.736726992839691,29.94626694447022
Iraq,2016,38469628.0,1146998.0,200059.0,33237,29.815676928303024,5.200440201813233,28.97738269813897
Iraq,2017,39337358.0,1113403.0,188909.0,31238,28.303959813467902,4.802279807403435,28.056328211797524
Iraq,2018,40265629.0,1113895.0,175614.0,30257,27.663668187078365,4.361387226808254,27.163242495926458
Iraq,2019,41192172.0,1122563.0,179600.0,29592,27.251852609277314,4.360051710795925,26.361104009307272
Iraq,2020,42116602.0,1130421.0,210458.0,28984,26.840270732192497,4.997031811825655,25.640004918521505
Iraq,2021,43071208.0,1139167.0,197245.0,27844,26.44845716888182,4.579509355762671,24.442421523797652
Iraq,2022,44070556.0,1145989.0,183520.0,27053,26.003506740418704,4.16423155632527,23.60668383378898
Ireland,2000,3802589.0,54379.0,31184.0,383,14.300519987829345,8.200728503658954,7.043160043399106
Ireland,2001,3862981.0,57094.0,30021.0,420,14.779777586273399,7.7714593988425005,7.356289627631625
Ireland,2002,3928441.0,59929.0,29580.0,376,15.255161016800304,7.529704531644996,6.274091007692436
Ireland,2003,3992935.0,61074.0,28960.0,376,15.295515704613273,7.25281027615025,6.156465926580869
Ireland,2004,4066066.0,61297.0,28473.0,333,15.075259476850597,7.002591694281401,5.432566030963995
Ireland,2005,4155283.0,60653.0,28119.0,286,14.596599076404663,6.767048116818999,4.715347963002654
Ireland,2006,4268775.0,64292.0,28345.0,297,15.060995250393848,6.640078242587159,4.6195483108318305
Ireland,2007,4393518.0,70395.0,27850.0,290,16.02246764437974,6.338883782881964,4.119610767810214
Ireland,2008,4485992.0,74966.0,27976.0,343,16.711131005137773,6.236301803480702,4.575407518074861
Ireland,2009,4533750.0,76014.0,27958.0,311,16.76625310173697,6.1666390956713535,4.091351593127582
Ireland,2010,4559084.0,75667.0,27583.0,324,16.596974304487482,6.050118839661651,4.281919462909855
Ireland,2011,4579603.0,74428.0,27965.0,297,16.252063770593214,6.106424508849348,3.9904337077443977
Ireland,2012,4600135.0,72217.0,28661.0,281,15.698887097878648,6.2304693231829065,3.8910505836575875
Ireland,2013,4624686.0,69318.0,29034.0,294,14.988693286419878,6.278047850167557,4.2413226001904265
Ireland,2014,4658236.0,67413.0,28732.0,267,14.471787174372444,6.168000075565085,3.960660406746473
Ireland,2015,4702497.0,65608.0,29619.0,262,13.95173670498886,6.298568611527025,3.993415437141812
Ireland,2016,4753506.0,63823.0,30127.0,227,13.42651087428942,6.337848316589902,3.556711530326058
Ireland,2017,4810258.0,61783.0,29817.0,217,12.844009614453112,6.198628015378801,3.5122930255895635
Ireland,2018,4872559.0,60961.0,30625.0,196,12.511085037656805,6.28519839369826,3.215170354817014
Ireland,2019,4933493.0,59149.0,30669.0,216,11.989274130925086,6.216487993395349,3.6517946203655174
Ireland,2020,4982602.0,56491.0,32147.0,186,11.337650488640273,6.451849856761588,3.2925598767945337
Ireland,2021,5028428.0,60066.0,35943.0,212,11.945283893892883,7.1479595611193,3.529450937302301
Ireland,2022,5110015.0,53241.0,35140.0,184,10.418951803468287,6.8766921427823595,3.455983170864559
Isle of Man,2000,75679.0,945.0,964.0,23,12.486951466060598,12.73801186590732,24.33862433862434
Isle of Man,2001,76498.0,948.0,939.0,21,12.392480849172527,12.274830714528484,22.151898734177216
Isle of Man,2002,77294.0,940.0,918.0,21,12.161357932051647,11.876730405982354,22.340425531914896
Isle of Man,2003,78066.0,922.0,900.0,20,11.810519304178516,11.528706479133042,21.691973969631235
Isle of Man,2004,78807.0,909.0,878.0,18,11.534508355856714,11.141142284314846,19.801980198019802
Isle of Man,2005,79535.0,922.0,859.0,18,11.592380712893695,10.800276607782736,19.522776572668114
Isle of Man,2006,80310.0,937.0,849.0,17,11.667289254140206,10.571535300709751,18.14300960512273
Isle of Man,2007,81163.0,947.0,837.0,17,11.667878220371351,10.312580855808681,17.951425554382258
Isle of Man,2008,82045.0,954.0,820.0,16,11.627765250777012,9.994515205070389,16.771488469601678
Isle of Man,2009,82954.0,953.0,807.0,16,11.488294717554307,9.728283144875473,16.7890870933893
Isle of Man,2010,83884.0,949.0,798.0,16,11.313242096228123,9.5131371894521,16.859852476290833
Isle of Man,2011,84398.0,936.0,794.0,15,11.090310196924097,9.407805872177066,16.025641025641026
Isle of Man,2012,84354.0,908.0,799.0,15,10.76416056144344,9.47198710197501,16.519823788546255
Isle of Man,2013,84158.0,877.0,805.0,14,10.42087502079422,9.565341381686828,15.96351197263398
Isle of Man,2014,83912.0,848.0,814.0,14,10.105825150157306,9.70063876441987,16.50943396226415
Isle of Man,2015,83612.0,817.0,821.0,13,9.77132469023585,9.819164713199063,15.91187270501836
Isle of Man,2016,83484.0,788.0,831.0,12,9.43893440659288,9.954003162282593,15.228426395939087
Isle of Man,2017,83625.0,769.0,838.0,12,9.195814648729447,10.020926756352765,15.604681404421326
Isle of Man,2018,83812.0,754.0,840.0,11,8.996325108576338,10.022431155443135,14.588859416445624
Isle of Man,2019,83975.0,741.0,844.0,10,8.8240547782078,10.050610300684728,13.495276653171391
Isle of Man,2020,84078.0,730.0,879.0,10,8.682413948952163,10.454577891957468,13.698630136986301
Isle of Man,2021,84121.0,718.0,907.0,10,8.535324116451303,10.782087706993497,13.927576601671309
Isle of Man,2022,84148.0,710.0,866.0,10,8.437514854779675,10.291391358083377,14.084507042253522
Israel,2000,6111194.0,131441.0,34371.0,901,21.508235542841547,5.624269169003635,6.854786558227646
Israel,2001,6259977.0,132988.0,34526.0,862,21.244167510519606,5.515355727345324,6.481787830480945
Israel,2002,6387714.0,136567.0,35622.0,921,21.379635969926017,5.576642911689534,6.743942533701407
Israel,2003,6502821.0,141063.0,35925.0,898,21.69258541792862,5.524525432885205,6.365949965618199
Israel,2004,6615084.0,139688.0,35466.0,811,21.116587483998693,5.361383166109455,5.805795773437947
Israel,2005,6728212.0,139012.0,36452.0,775,20.661061215074675,5.4177841007388,5.575058268350934
Israel,2006,6844029.0,142801.0,36129.0,767,20.865048935356644,5.278908081774639,5.3711108465627
Israel,2007,6962456.0,146003.0,36934.0,724,20.970042755027823,5.30473729385148,4.958802216392814
Israel,2008,7082621.0,150412.0,36773.0,739,21.236770963743506,5.192004485345185,4.913171821397229
Israel,2009,7206096.0,154212.0,36141.0,734,21.40021448506931,5.015337014660921,4.759681477446632
Israel,2010,7336735.0,159952.0,36919.0,723,21.801523429699998,5.032074894350144,4.520106031809543
Israel,2011,7471023.0,160672.0,38509.0,696,21.50602400768944,5.15444805885352,4.331806413065126
Israel,2012,7607781.0,164233.0,39901.0,711,21.58750363607996,5.244761908893014,4.329215200355592
Israel,2013,7749369.0,164976.0,39724.0,646,21.288959139769958,5.126094782684887,3.9157210745805453
Israel,2014,7897173.0,168979.0,41012.0,666,21.397403855784848,5.1932508000014685,3.9413181519597114
Israel,2015,8052916.0,171255.0,42803.0,639,21.266209656228874,5.315217493886687,3.731277918892879
Israel,2016,8210006.0,174190.0,42484.0,635,21.216793264219298,5.17466126090529,3.6454446294276366
Israel,2017,8361796.0,176495.0,43448.0,665,21.107307568852434,5.19601291397207,3.7678121193234935
Israel,2018,8510067.0,177004.0,43652.0,643,20.799366209455222,5.129454327445365,3.6326862669770175
Israel,2019,8657466.0,174772.0,45066.0,634,20.187431287630815,5.20544926194339,3.6275833657565286
Israel,2020,8800380.0,171034.0,47643.0,483,19.434842586342864,5.413743497439883,2.823999906451349
Israel,2021,8942925.0,177692.0,49411.0,630,19.869561692622938,5.5251497692309846,3.545460684780407
Israel,2022,9103143.0,174982.0,49683.0,596,19.22215217315602,5.457785294595504,3.4060646237898755
Italy,2000,57272200.0,540787.0,558196.0,2858,9.442399628441024,9.746369093556735,5.284890354242982
Italy,2001,57305760.0,534531.0,554964.0,2923,9.327701089733388,9.684262105589385,5.468345147428306
Italy,2002,57420636.0,535827.0,558423.0,2807,9.331610329080993,9.725127391483438,5.238631125344561
Italy,2003,57739697.0,540069.0,581774.0,2388,9.353512887329492,10.075806251633084,4.421657232686934
Italy,2004,58176736.0,559657.0,540432.0,2491,9.61994498969485,9.28948643664024,4.450940486762428
Italy,2005,58519696.0,553647.0,563627.0,2330,9.460865962119831,9.6314068343759,4.208457735705242
Italy,2006,58754434.0,559082.0,554318.0,2276,9.515571199273232,9.43448795711316,4.070959179512129
Italy,2007,59108723.0,560914.0,568203.0,2178,9.48952999712073,9.612845129474376,3.8829481881357926
Italy,2008,59561687.0,574158.0,578567.0,2257,9.639720244995747,9.71374434038445,3.9309737041023554
Italy,2009,59904016.0,569050.0,586205.0,2277,9.499363114486348,9.785737904450345,4.00140585185836
Italy,2010,60164212.0,562390.0,582909.0,2114,9.347583576761547,9.688633501923036,3.7589573072067424
Italy,2011,60367882.0,547811.0,592883.0,1985,9.074543976878301,9.821166162496805,3.6235124887963184
Italy,2012,60531522.0,533355.0,612076.0,1888,8.811194273291195,10.111690236369737,3.5398561933421453
Italy,2013,60653864.0,511406.0,598587.0,1795,8.431548565479686,9.868901344850842,3.509931443901714
Italy,2014,60664169.0,496200.0,599170.0,1638,8.179457630088034,9.87683520399002,3.3010882708585245
Italy,2015,60575314.0,479589.0,646394.0,1641,7.91723506377532,10.670914557702499,3.4216798133401727
Italy,2016,60478103.0,467188.0,618760.0,1524,7.724911609744108,10.231141013136606,3.2620700874166286
Italy,2017,60390317.0,452694.0,656416.0,1561,7.496135514572642,10.869557117906831,3.448245393135319
Italy,2018,60277496.0,434892.0,635638.0,1496,7.214831883527477,10.545195838924696,3.4399345124766607
Italy,2019,60130136.0,419609.0,643912.0,1258,6.978347762260175,10.708640339679258,2.998029117583274
Italy,2020,59912763.0,408035.0,750382.0,1189,6.81048543863684,12.524576775068777,2.9139657137255384
Italy,2021,59729353.0,407050.0,674149.0,1109,6.814907236647951,11.286728654167742,2.724481021987471
Italy,2022,59619106.0,399735.0,741667.0,1529,6.70481372196356,12.440089255950936,3.8250340850813664
Jamaica,2000,2607827.0,52498.0,18046.0,1106,20.130936599705425,6.919937557207591,21.067469236923312
Jamaica,2001,2624410.0,51636.0,17967.0,1073,19.67527939613094,6.846110173334196,20.780075916027577
Jamaica,2002,2640582.0,51305.0,17737.0,1034,19.4294288153142,6.717079795287554,20.15398109346068
Jamaica,2003,2656629.0,50977.0,17641.0,999,19.188603301401887,6.640370183416653,19.597073189869942
Jamaica,2004,2672227.0,50225.0,17722.0,980,18.795184690522174,6.631921614443684,19.51219512195122
Jamaica,2005,2687070.0,49327.0,17827.0,954,18.35716970529238,6.634363823793202,19.340320716848787
Jamaica,2006,2700973.0,48211.0,17998.0,931,17.849493497343364,6.66352458910178,19.31094563481363
Jamaica,2007,2713808.0,46970.0,18084.0,906,17.30778301191536,6.663699126835796,19.28890781349798
Jamaica,2008,2725633.0,45610.0,18061.0,883,16.733727541455508,6.626350649555535,19.359789519842142
Jamaica,2009,2737001.0,44233.0,17916.0,853,16.16111941500935,6.545850732243064,19.28424479461036
Jamaica,2010,2748573.0,42755.0,17722.0,828,15.555344536965181,6.447709411392748,19.366156005145598
Jamaica,2011,2760493.0,41214.0,17588.0,794,14.929941861834099,6.37132570160475,19.2652981996409
Jamaica,2012,2772432.0,39948.0,17629.0,766,14.409009851278588,6.35867714699585,19.174927405627315
Jamaica,2013,2783689.0,38913.0,17878.0,743,13.978932272965839,6.422412848561747,19.09387608254311
Jamaica,2014,2793756.0,38052.0,18297.0,723,13.620373432755043,6.5492476794680705,19.00031535793125
Jamaica,2015,2802536.0,37324.0,18840.0,706,13.317937753520383,6.72248277988222,18.915443146500913
Jamaica,2016,2809919.0,36364.0,19421.0,688,12.941298307887168,6.911587131159297,18.91981080189198
Jamaica,2017,2815765.0,35458.0,20044.0,673,12.592670197974618,7.118491777545357,18.98020192904281
Jamaica,2018,2820103.0,34701.0,20779.0,671,12.304869715751517,7.368170595187481,19.336618541252413
Jamaica,2019,2823275.0,34357.0,21265.0,670,12.169200662351347,7.5320328342085,19.501120586779987
Jamaica,2020,2830745.0,34014.0,21843.0,657,12.015918071037836,7.716343224133576,19.315575939319103
Jamaica,2021,2837680.0,33921.0,27537.0,656,11.953779143525697,9.704054015956697,19.33905250434834
Jamaica,2022,2839150.0,33658.0,22437.0,654,11.854956589119984,7.9027173625909155,19.43074454810149
Japan,2000,127027794.0,1197065.0,994661.0,5369,9.423646292716066,7.830262721873293,4.485136563177439
Japan,2001,127260144.0,1180835.0,1001554.0,5007,9.278906677961956,7.8701309657483955,4.240219844432118
Japan,2002,127484599.0,1163599.0,1014397.0,4776,9.127369181276556,7.957016047091304,4.104506793147811
Japan,2003,127671254.0,1137890.0,1049519.0,4559,8.912656250717173,8.220480077684519,4.006538417597483
Japan,2004,127815769.0,1120731.0,1063955.0,4351,8.768331237752049,8.324129395958959,3.8822875426841943
Japan,2005,127913331.0,1078811.0,1122518.0,4162,8.433921558965578,8.775613856854372,3.8579510220047815
Japan,2006,127997247.0,1095688.0,1127231.0,4037,8.560246612179089,8.8066815999566,3.684443016625171
Japan,2007,128087683.0,1093907.0,1149567.0,3852,8.540298133115577,8.974844208869014,3.521323110648346
Japan,2008,128155992.0,1094130.0,1182485.0,3793,8.53748609741166,9.2269193312475,3.4666812901574766
Japan,2009,128192471.0,1074687.0,1181429.0,3490,8.38338625986857,9.216056066194403,3.2474571665982745
Japan,2010,128185273.0,1070600.0,1235563.0,3461,8.351973475143279,9.638884179776253,3.2327666728937046
Japan,2011,128096430.0,1050600.0,1292910.0,3672,8.201633722344955,10.093255526324972,3.4951456310679614
Japan,2012,127928283.0,1037199.0,1296809.0,3205,8.107659820619965,10.136999962705667,3.090053114204699
Japan,2013,127723642.0,1023434.0,1307459.0,2975,8.012878304863872,10.236624790263967,2.906880170094017
Japan,2014,127486601.0,998487.0,1313096.0,2901,7.832093664494201,10.299874572701173,2.905395863942145
Japan,2015,127275868.0,994851.0,1328710.0,2741,7.816493539843703,10.439606666049215,2.755186455057089
Japan,2016,127159950.0,967960.0,1349578.0,2646,7.612145176213108,10.613231603189528,2.7335840323980327
Japan,2017,127064686.0,937434.0,1383635.0,2444,7.377612376108969,10.889217480929359,2.6071168743612883
Japan,2018,126913432.0,910945.0,1410417.0,2375,7.1776878589178805,11.113220860657208,2.607182650983319
Japan,2019,126699421.0,864781.0,1432118.0,2310,6.825453448599422,11.30327185946651,2.6711965225878
Japan,2020,126304533.0,840688.0,1423308.0,1994,6.656039811334404,11.268859210302452,2.3718668519117676
Japan,2021,125679342.0,810611.0,1485403.0,1909,6.449834850344777,11.818990904646844,2.355013687206317
Japan,2022,124997585.0,786576.0,1615301.0,1855,6.292729575535399,12.922657665746103,2.358322654136409
Jersey,2000,87853.0,1037.0,796.0,12,11.803808634878719,9.060589848952228,11.571841851494698
Jersey,2001,88401.0,1014.0,787.0,10,11.470458478976482,8.902614223820997,9.861932938856016
Jersey,2002,89306.0,996.0,784.0,10,11.15266611425884,8.778805455400532,10.040160642570282
Jersey,2003,90297.0,1028.0,776.0,10,11.38465286775862,8.593862476051253,9.72762645914397
Jersey,2004,91271.0,1009.0,763.0,9,11.05499008447371,8.359719954859703,8.919722497522299
Jersey,2005,92267.0,954.0,760.0,8,10.339558021827957,8.236964461833592,8.385744234800839
Jersey,2006,93244.0,954.0,763.0,8,10.231221311827035,8.182832139333362,8.385744234800839
Jersey,2007,94227.0,1013.0,760.0,8,10.750634106996932,8.065628747598884,7.897334649555774
Jersey,2008,95195.0,1032.0,770.0,8,10.840905509743159,8.088660118703713,7.751937984496124
Jersey,2009,96156.0,1043.0,777.0,8,10.846957028162569,8.08061899413453,7.670182166826462
Jersey,2010,97121.0,1060.0,787.0,8,10.914220405473584,8.103293829346898,7.547169811320755
Jersey,2011,98038.0,1069.0,798.0,8,10.90393520879659,8.139700932291559,7.483629560336763
Jersey,2012,98927.0,1065.0,819.0,8,10.765513964842762,8.278831865921337,7.511737089201878
Jersey,2013,99759.0,1045.0,837.0,8,10.475245341272466,8.390220431239285,7.655502392344498
Jersey,2014,100582.0,1030.0,867.0,8,10.240400866954326,8.619832574416893,7.766990291262136
Jersey,2015,101224.0,999.0,905.0,8,9.869200980004742,8.94056745435865,8.008008008008009
Jersey,2016,101700.0,968.0,940.0,8,9.51819075712881,9.242871189773844,8.264462809917356
Jersey,2017,102130.0,930.0,979.0,8,9.10604131988642,9.58582199157936,8.602150537634408
Jersey,2018,102531.0,902.0,1019.0,8,8.797339341272396,9.938457637202406,8.869179600886918
Jersey,2019,102866.0,878.0,1053.0,7,8.535376120389634,10.236618513405789,7.972665148063782
Jersey,2020,103138.0,856.0,1139.0,7,8.29955981306599,11.043456340049255,8.177570093457943
Jersey,2021,103339.0,858.0,1166.0,7,8.302770493231016,11.283252208749843,8.158508158508159
Jersey,2022,103493.0,856.0,1131.0,7,8.271090798411485,10.928275342293682,8.177570093457943
Jordan,2000,5386945.0,156514.0,20101.0,4232,29.054315572184233,3.7314284812634995,27.03911471178297
Jordan,2001,5498900.0,156809.0,20354.0,4108,28.51643055883904,3.701467566240521,26.19747591018373
Jordan,2002,5616077.0,159938.0,20690.0,4044,28.478598138878795,3.684066297524055,25.28479785917043
Jordan,2003,5741837.0,163500.0,21057.0,4001,28.475207498924124,3.6672932373385034,24.470948012232416
Jordan,2004,5882066.0,163183.0,21429.0,3896,27.74246327735867,3.6431077107941325,23.875036002524773
Jordan,2005,6029597.0,163738.0,21930.0,3818,27.155712065002025,3.637058994158316,23.31773931524753
Jordan,2006,6427377.0,170046.0,22401.0,3809,26.45651562060231,3.4852475589964613,22.39982122484504
Jordan,2007,6827235.0,192454.0,24877.0,4166,28.189157103864158,3.643788444370232,21.6467311669282
Jordan,2008,6989874.0,200657.0,25615.0,4212,28.70681216857414,3.664586800849343,20.99104441908331
Jordan,2009,7141763.0,204024.0,26375.0,4179,28.56773600580137,3.6930657038045087,20.482884366545115
Jordan,2010,7297046.0,204830.0,27079.0,4096,28.07026295298125,3.7109537201766303,19.997070741590587
Jordan,2011,7480431.0,204950.0,27874.0,4005,27.398153929900563,3.7262558801758883,19.541351549158332
Jordan,2012,7587133.0,204058.0,28616.0,3893,26.89527124409181,3.7716486583271966,19.077909221887893
Jordan,2013,7991812.0,199206.0,28736.0,3701,24.926262029186873,3.5956801786628616,18.578757667941726
Jordan,2014,8791715.0,213850.0,29677.0,3871,24.32403689155074,3.375564380783499,18.101472995090017
Jordan,2015,9544730.0,225764.0,30266.0,3998,23.653262061891745,3.1709645008292537,17.708757817898338
Jordan,2016,10006369.0,237633.0,31741.0,4070,23.748174787477854,3.1720797024375176,17.127250844790076
Jordan,2017,10234227.0,237611.0,31703.0,3949,23.217288418558628,3.097742506590874,16.619600944400723
Jordan,2018,10462310.0,237255.0,31927.0,3832,22.67711432752423,3.0516205312211167,16.15139828454616
Jordan,2019,10671893.0,237304.0,32371.0,3697,22.2363548809944,3.033295030225659,15.579172706739035
Jordan,2020,10865232.0,236062.0,37918.0,3558,21.726365345903336,3.489847248544716,15.072311511382603
Jordan,2021,11066356.0,235810.0,45005.0,3447,21.308730714970675,4.066831032726582,14.617700691234468
Jordan,2022,11256269.0,235500.0,35600.0,3337,20.921674846256785,3.1626820574383925,14.169851380042463
Kazakhstan,2000,15501108.0,245353.0,164646.0,10340,15.82809435299722,10.621563310184019,42.143360790371425
Kazakhstan,2001,15575550.0,248258.0,163979.0,9820,15.938955606704098,10.527974935074523,39.55562358514127
Kazakhstan,2002,15656680.0,257137.0,163557.0,9488,16.42346908795479,10.44646757805614,36.8986182463045
Kazakhstan,2003,15747377.0,275832.0,163704.0,9439,17.51605997621064,10.395636047831966,34.22010499144407
Kazakhstan,2004,15850164.0,296258.0,163966.0,9461,18.69116306935373,10.344751006992736,31.93500259908593
Kazakhstan,2005,15968118.0,310259.0,163635.0,9296,19.429904012482872,10.247607138173704,29.962063953019896
Kazakhstan,2006,16103718.0,329515.0,163033.0,9172,20.462044852002503,10.12393535455601,27.83484818597029
Kazakhstan,2007,16257212.0,350072.0,161588.0,9018,21.53333548212326,9.939465635313114,25.760415000342785
Kazakhstan,2008,16426527.0,373109.0,158947.0,8835,22.713809194116322,9.676238927437309,23.67940735817147
Kazakhstan,2009,16619851.0,372500.0,154465.0,8172,22.412956650453726,9.294006306073383,21.938255033557045
Kazakhstan,2010,16836808.0,380773.0,150285.0,7597,22.6155100182885,8.925979318645197,19.951519671825473
Kazakhstan,2011,17065996.0,383804.0,145914.0,6919,22.48939938811658,8.549984425169207,18.02743066773666
Kazakhstan,2012,17306115.0,391860.0,141878.0,6353,22.642863519628754,8.198142679625093,16.212422804062676
Kazakhstan,2013,17556502.0,397592.0,138337.0,5824,22.646424669333335,7.87953089972023,14.648182055976982
Kazakhstan,2014,17816285.0,410084.0,135664.0,5444,23.01736866018926,7.614606524311887,13.275328956994176
Kazakhstan,2015,18084175.0,407128.0,133607.0,5015,22.51294294597348,7.388061661646163,12.317993358354128
Kazakhstan,2016,18363600.0,410247.0,132369.0,4721,22.340227406390905,7.208227145004248,11.50770145790219
Kazakhstan,2017,18651931.0,399800.0,131739.0,4409,21.43477798625783,7.063022053855979,11.0280140070035
Kazakhstan,2018,18932725.0,410881.0,131962.0,4322,21.70215856407358,6.9700478932641765,10.518860692025186
Kazakhstan,2019,19209556.0,411552.0,132755.0,4230,21.42433692897431,6.910883312451365,10.27816655003499
Kazakhstan,2020,19482116.0,439716.0,167258.0,4371,22.570238263646516,8.585207068883072,9.940507054553395
Kazakhstan,2021,19743607.0,459460.0,190432.0,4446,23.27133030960351,9.645248712659242,9.676576851086057
Kazakhstan,2022,20034612.0,417107.0,140075.0,4101,20.819320084661484,6.991650250077216,9.832009532326238
Kenya,2000,30642893.0,1233019.0,304655.0,113320,40.23833519896441,9.94210957823075,91.90450431015256
Kenya,2001,31619170.0,1270715.0,306983.0,111121,40.18812005501726,9.70876212120685,87.44761807328945
Kenya,2002,32629809.0,1303182.0,311135.0,108181,39.93838885173983,9.535299455782901,83.01296365358024
Kenya,2003,33652233.0,1327867.0,309688.0,104437,39.45851082155529,9.202598829028672,78.65019614163165
Kenya,2004,34713453.0,1357304.0,308717.0,100553,39.100230103873564,8.893295633828187,74.08288784236987
Kenya,2005,35796485.0,1388301.0,307865.0,96545,38.78316544208181,8.600425432832301,69.54183566820164
Kenya,2006,36904010.0,1420499.0,307149.0,93038,38.49172488301407,8.322916669489306,65.49670221520746
Kenya,2007,38036354.0,1456741.0,309674.0,89782,38.29864976017418,8.14152691922049,61.63209520429506
Kenya,2008,39206349.0,1484001.0,309188.0,86859,37.85103785103785,7.886171701425194,58.53028400924258
Kenya,2009,40408887.0,1501942.0,308384.0,83986,37.168606004911744,7.631588566148827,55.918271144957664
Kenya,2010,41598570.0,1508620.0,308850.0,81218,36.26615049507711,7.424534064512314,53.83595603929419
Kenya,2011,42758467.0,1496940.0,311066.0,78114,35.009206480672006,7.274956793937444,52.18245220249309
Kenya,2012,43888306.0,1477880.0,316355.0,75134,33.673662410210135,7.2081843395823935,50.83903970552413
Kenya,2013,44986794.0,1458784.0,322766.0,72652,32.426938447758694,7.174683308172616,49.80312369754535
Kenya,2014,46051441.0,1452569.0,329236.0,70254,31.54231373563316,7.149309399460486,48.36534443458452
Kenya,2015,47088528.0,1455413.0,336199.0,68574,30.90801649183003,7.1397220146699,47.116522938849656
Kenya,2016,48139683.0,1453935.0,345128.0,66837,30.20242156559278,7.169303545268464,45.969730421236164
Kenya,2017,49197757.0,1456356.0,350571.0,65539,29.60208124935452,7.125751688232453,45.00204620298883
Kenya,2018,50207109.0,1457849.0,360810.0,64459,29.03670474235033,7.186432503014663,44.21514162303503
Kenya,2019,51202829.0,1445243.0,373454.0,63036,28.22584275568055,7.29362043648018,43.616194646851774
Kenya,2020,52217327.0,1450722.0,414430.0,69931,27.782387252415276,7.936637583919223,48.20427345831938
Kenya,2021,53219167.0,1469426.0,432378.0,70259,27.610841785629603,8.124478911892778,47.81390828799817
Kenya,2022,54252458.0,1483377.0,391273.0,61101,27.342116001453796,7.212078759638872,41.1904728197889
Kiribati,2000,88632.0,2791.0,631.0,184,31.489755393086018,7.11932484881307,65.92619132927265
Kiribati,2001,90350.0,2757.0,629.0,178,30.514665190924184,6.961815163254013,64.56293072179905
Kiribati,2002,92281.0,2714.0,642.0,173,29.41017110781201,6.957011735893629,63.74355195283714
Kiribati,2003,94189.0,2692.0,645.0,169,28.580832156621263,6.8479334104831775,62.77860326894502
Kiribati,2004,96096.0,2776.0,661.0,169,28.88777888777889,6.878538128538129,60.87896253602305
Kiribati,2005,98045.0,2861.0,671.0,171,29.180478351777246,6.843796216023255,59.76931142957008
Kiribati,2006,100028.0,2974.0,688.0,174,29.73167513096333,6.878074139241012,58.50706119704102
Kiribati,2007,102081.0,3097.0,700.0,179,30.338652638590922,6.857299595419324,57.79786890539231
Kiribati,2008,104235.0,3213.0,717.0,184,30.82457907612606,6.878687580946899,57.26735138499844
Kiribati,2009,106479.0,3309.0,737.0,189,31.07655030569408,6.921552606617267,57.116953762466004
Kiribati,2010,108717.0,3397.0,748.0,194,31.24626323390086,6.880248719151559,57.10921401236385
Kiribati,2011,110660.0,3477.0,765.0,199,31.420567504066508,6.913067052232063,57.23324705205637
Kiribati,2012,112293.0,3458.0,779.0,199,30.79443954654342,6.937208908836704,57.54771544245228
Kiribati,2013,113847.0,3420.0,789.0,198,30.040317267912197,6.930353896018341,57.89473684210526
Kiribati,2014,115339.0,3381.0,801.0,198,29.313588638708506,6.94474548938347,58.56255545696539
Kiribati,2015,116826.0,3371.0,809.0,198,28.854878194922364,6.924828377244791,58.73628003559775
Kiribati,2016,118488.0,3378.0,836.0,199,28.509216123151713,7.055566808453177,58.91059798697454
Kiribati,2017,120288.0,3401.0,856.0,200,28.273809523809526,7.116254322958234,58.80623346074684
Kiribati,2018,122097.0,3432.0,873.0,201,28.108798741983833,7.150052826850783,58.56643356643357
Kiribati,2019,123928.0,3448.0,883.0,200,27.82260667484346,7.125104899619133,58.0046403712297
Kiribati,2020,126110.0,3449.0,954.0,198,27.349139639996828,7.564824359685989,57.407944331690345
Kiribati,2021,128387.0,3455.0,1049.0,197,26.910824304641437,8.17060917382601,57.01881331403762
Kiribati,2022,130483.0,3445.0,920.0,192,26.40190676180039,7.05072691461723,55.73294629898404
Kosovo,2000,1802488.0,32657.0,10132.0,1623,18.117735041786684,5.62111925294371,49.698380132896474
Kosovo,2001,1820013.0,33816.0,10174.0,1487,18.58008706531217,5.59006996103874,43.97326709250059
Kosovo,2002,1829467.0,34828.0,10278.0,1390,19.03723871488253,5.618029732156962,39.91041690593775
Kosovo,2003,1826436.0,34392.0,10217.0,1264,18.8301150437245,5.593954565065515,36.75273319376599
Kosovo,2004,1822778.0,35579.0,10164.0,1180,19.519107647777183,5.576104166278066,33.16563141178786
Kosovo,2005,1818356.0,36506.0,10189.0,1099,20.076376683113757,5.603413193016109,30.10464033309593
Kosovo,2006,1813077.0,35697.0,10229.0,985,19.68862877859021,5.641790172176912,27.59335518390901
Kosovo,2007,1807098.0,35153.0,9791.0,890,19.45273582284967,5.418079152320461,25.317896054390808
Kosovo,2008,1800861.0,35537.0,9711.0,820,19.733338664116776,5.3924206254674845,23.074542026620144
Kosovo,2009,1794688.0,35216.0,9786.0,750,19.622352186006704,5.452758362456315,21.297137664697864
Kosovo,2010,1788756.0,33682.0,9995.0,672,18.829845993528462,5.587682165706222,19.95130930467312
Kosovo,2011,1791949.0,30709.0,9484.0,579,17.13720647183597,5.2925613396363405,18.854407502686506
Kosovo,2012,1806538.0,29837.0,9432.0,526,16.516120889790304,5.221036036883808,17.629118208935214
Kosovo,2013,1817171.0,29898.0,9265.0,489,16.45304707151941,5.098584558085068,16.355609070840856
Kosovo,2014,1808983.0,28577.0,9632.0,440,15.797273937897701,5.324538704896619,15.396997585470832
Kosovo,2015,1779019.0,26193.0,9945.0,381,14.723282887928685,5.590159520499781,14.54587103424579
Kosovo,2016,1761765.0,23206.0,9517.0,321,13.172017834387672,5.401969048085301,13.832629492372662
Kosovo,2017,1768125.0,22919.0,9532.0,295,12.96231884057971,5.391021562389537,12.871416728478556
Kosovo,2018,1767748.0,22514.0,9853.0,270,12.735978205038275,5.573758250610381,11.992537976370258
Kosovo,2019,1755048.0,22145.0,10005.0,251,12.617888513590511,5.700698784306754,11.334386994806954
Kosovo,2020,1751413.0,21603.0,14979.0,230,12.334612110336055,8.552523019984436,10.646669444058695
Kosovo,2021,1741449.0,21849.0,12647.0,220,12.546448388669436,7.26234302583653,10.069110714449174
Kosovo,2022,1717950.0,21088.0,10115.0,202,12.275095317093047,5.887831426991472,9.578907435508345
Kuwait,2000,1954713.0,43766.0,3950.0,558,22.389987686171832,2.0207570113873494,12.749622995018965
Kuwait,2001,2008127.0,44729.0,4067.0,555,22.273989643085322,2.0252703140787407,12.408057412417
Kuwait,2002,2059983.0,45841.0,4187.0,553,22.253096263415763,2.0325410452416355,12.063436661503893
Kuwait,2003,2109886.0,47270.0,4337.0,554,22.404054057896968,2.055561295728774,11.71990691770679
Kuwait,2004,2157329.0,48843.0,4499.0,556,22.640496651183014,2.085449182762573,11.383412157320393
Kuwait,2005,2236797.0,49914.0,4666.0,552,22.314944091931455,2.086018534538449,11.059021517009255
Kuwait,2006,2364741.0,50829.0,4921.0,565,21.494531536434643,2.0809889962579415,11.115701666371558
Kuwait,2007,2507890.0,51723.0,5182.0,573,20.624110307868367,2.066278824031357,11.078243721361869
Kuwait,2008,2651433.0,52912.0,5409.0,577,19.956001151075665,2.0400289202103163,10.90489869972785
Kuwait,2009,2795489.0,54466.0,5588.0,582,19.483532219228906,1.998934712316879,10.685565306796901
Kuwait,2010,2943374.0,55560.0,5722.0,578,18.876296386391942,1.9440275004127916,10.403167746580273
Kuwait,2011,3132815.0,56574.0,5838.0,584,18.058519255046978,1.8634997598006904,10.322763106727473
Kuwait,2012,3337025.0,59245.0,6064.0,589,17.753837624830503,1.8171874648826425,9.941767237741582
Kuwait,2013,3507755.0,58994.0,6324.0,578,16.818164324475344,1.8028625146283022,9.797606536257923
Kuwait,2014,3665769.0,61262.0,6589.0,582,16.711909561131648,1.7974400460039899,9.500179556658289
Kuwait,2015,3834465.0,59018.0,6891.0,562,15.391456174459801,1.7971216323528836,9.522518553661595
Kuwait,2016,4003976.0,58704.0,7311.0,543,14.661426542017235,1.8259350205895342,9.249795584627964
Kuwait,2017,4154686.0,59228.0,7734.0,537,14.25571029916581,1.8615125186355839,9.066657661916661
Kuwait,2018,4323389.0,55446.0,8226.0,505,12.82466139410541,1.9026740365023826,9.107960898892616
Kuwait,2019,4442201.0,53115.0,8872.0,481,11.956910549522636,1.9972081407392417,9.05582227242775
Kuwait,2020,4400146.0,52346.0,12488.0,463,11.896423436858687,2.8380876452735886,8.844992931647116
Kuwait,2021,4360748.0,44000.0,13970.0,400,10.090012080496281,3.2035788355575696,9.09090909090909
Kuwait,2022,4589514.0,48257.0,8991.0,436,10.51462093807754,1.9590309562188937,9.03495865884742
Kyrgyzstan,2000,5025150.0,111842.0,40128.0,5597,22.256450056217226,7.985433270648637,50.04381180594052
Kyrgyzstan,2001,5071960.0,111634.0,40770.0,5256,22.01003162485509,8.038312604988999,47.08243008402458
Kyrgyzstan,2002,5116252.0,113278.0,41551.0,5052,22.140817145050715,8.121374787637514,44.598245025512455
Kyrgyzstan,2003,5159422.0,115587.0,41996.0,4908,22.403090888863133,8.139671459322381,42.461522489553325
Kyrgyzstan,2004,5203048.0,118393.0,41967.0,4791,22.754546950172283,8.065849094607621,40.46691949692972
Kyrgyzstan,2005,5246337.0,120767.0,42229.0,4662,23.019298988989842,8.049235113947121,38.603260824563
Kyrgyzstan,2006,5282451.0,126666.0,43208.0,4623,23.978641732786542,8.179536355377456,36.49756051347639
Kyrgyzstan,2007,5313376.0,129303.0,43164.0,4475,24.33537547502755,8.123648693410743,34.60863243698909
Kyrgyzstan,2008,5342530.0,132930.0,42066.0,4363,24.88147001514264,7.873797620228618,32.82178590235462
Kyrgyzstan,2009,5398013.0,139854.0,41007.0,4247,25.908422228697855,7.596684187311146,30.367383128119325
Kyrgyzstan,2010,5491763.0,150123.0,40622.0,4300,27.336030342168808,7.396896042309182,28.643179259673737
Kyrgyzstan,2011,5594537.0,154364.0,41635.0,4199,27.59191690036191,7.442081444809463,27.20193827576378
Kyrgyzstan,2012,5696521.0,156164.0,42252.0,4042,27.413925095685595,7.417158648234598,25.883046028534107
Kyrgyzstan,2013,5797294.0,153027.0,43239.0,3791,26.39628074753497,7.458479766594552,24.773406000248322
Kyrgyzstan,2014,5898322.0,155058.0,43679.0,3630,26.288493574952334,7.405326464035026,23.410594745192125
Kyrgyzstan,2015,6001876.0,154056.0,43790.0,3433,25.66797447997926,7.296052101043074,22.28410448148725
Kyrgyzstan,2016,6108460.0,149936.0,43151.0,3197,24.545630158828903,7.064137278462984,21.322430903852307
Kyrgyzstan,2017,6220148.0,150046.0,42191.0,3035,24.122577147682016,6.7829575759290615,20.22713034669368
Kyrgyzstan,2018,6341733.0,167235.0,42974.0,3148,26.37055202418645,6.776381156381071,18.823810805154423
Kyrgyzstan,2019,6494036.0,172605.0,43058.0,3151,26.579002641808575,6.6303913313692755,18.255554589959733
Kyrgyzstan,2020,6664143.0,160005.0,51349.0,2949,24.009838924524878,7.705266828758027,18.430674041436205
Kyrgyzstan,2021,6820483.0,153197.0,50083.0,2796,22.461312490625662,7.343028345646489,18.25101013727423
Kyrgyzstan,2022,6955792.0,150267.0,41564.0,2681,21.603147420164376,5.975451824896431,17.841575329247274
Laos,2000,5431213.0,178694.0,54491.0,19270,32.90130584088674,10.032933711124937,107.83798001052078
Laos,2001,5521481.0,177307.0,53455.0,18285,32.112217718398384,9.681279352405632,103.12621611103904
Laos,2002,5610888.0,174948.0,52832.0,17326,31.1800912796691,9.415978362070318,99.0351418707273
Laos,2003,5697944.0,174697.0,52540.0,16494,30.659655482749567,9.220869843578667,94.41490122898504
Laos,2004,5781627.0,173880.0,51993.0,15689,30.074579352836146,8.99279735617673,90.22889348976305
Laos,2005,5869531.0,168974.0,50801.0,14702,28.788330788269114,8.655035640837403,87.0074686046374
Laos,2006,5963199.0,169147.0,50538.0,13955,28.36514427910254,8.474981297789995,82.50220222646573
Laos,2007,6056237.0,170327.0,50351.0,13291,28.124229616509393,8.313908455035694,78.0322556024588
Laos,2008,6148974.0,171444.0,50405.0,12692,27.881724658455212,8.197302509329198,74.03000396630969
Laos,2009,6241649.0,172074.0,49899.0,12105,27.568676162341074,7.994521960462691,70.34764113114126
Laos,2010,6334198.0,172255.0,49744.0,11513,27.194445137332302,7.8532436150559235,66.8369568372471
Laos,2011,6426592.0,172082.0,49219.0,10966,26.776555910193146,7.658647071418257,63.72543322369569
Laos,2012,6518981.0,170630.0,49304.0,10354,26.174336142412443,7.563145221622827,60.6810056848151
Laos,2013,6611385.0,169404.0,49553.0,9845,25.623072926474556,7.495101253368243,58.11551084980284
Laos,2014,6703170.0,167909.0,49809.0,9308,25.049193142945803,7.430663402539396,55.43478908218142
Laos,2015,6801647.0,169785.0,51068.0,8944,24.962336328245204,7.508181474281156,52.67838737226492
Laos,2016,6908800.0,169731.0,49750.0,8605,24.5673633626679,7.200961093098657,50.69786898091686
Laos,2017,7018150.0,169257.0,48735.0,8247,24.117039390722628,6.944137700106153,48.72472039561141
Laos,2018,7128043.0,168212.0,48228.0,7962,23.598623072279445,6.76595245006238,47.33312724419185
Laos,2019,7237635.0,167556.0,47761.0,7579,23.150656257188984,6.5989788100671,45.23263864021581
Laos,2020,7346534.0,166166.0,47553.0,7243,22.618285030736942,6.472848284646882,43.58894117930263
Laos,2021,7453192.0,165066.0,49746.0,6934,22.14702103474592,6.67445572313178,42.00743944846304
Laos,2022,7559008.0,163976.0,47354.0,6640,21.692793551746473,6.264578632540142,40.49373078987169
Latin America and the Caribbean (UN),2000,521323343.0,11603539.0,3196019.0,390885,22.257854277589868,6.13058870835945,33.686705409444485
Latin America and the Caribbean (UN),2001,528625862.0,11471965.0,3223739.0,368301,21.701482701956795,6.098337655678298,32.10443895182735
Latin America and the Caribbean (UN),2002,535741246.0,11343362.0,3230280.0,346877,21.173210173181253,6.02955255754193,30.579734650097564
Latin America and the Caribbean (UN),2003,542687947.0,11202884.0,3260401.0,326618,20.643325620054725,6.007874355831234,29.15481406394996
Latin America and the Caribbean (UN),2004,549493922.0,11132206.0,3287283.0,312368,20.259015713007287,5.982382822425468,28.059847257587577
Latin America and the Caribbean (UN),2005,556212183.0,11069698.0,3303561.0,294901,19.901933719420168,5.939389860505806,26.64038350459064
Latin America and the Caribbean (UN),2006,562854899.0,10967924.0,3344645.0,279723,19.48623707368673,5.942286379566539,25.5037325203931
Latin America and the Caribbean (UN),2007,569468003.0,10894513.0,3402604.0,267103,19.131036234883947,5.975057390537884,24.517204210963815
Latin America and the Caribbean (UN),2008,576049107.0,10868054.0,3445905.0,256041,18.866540834686166,5.981963964749276,23.559047461486664
Latin America and the Caribbean (UN),2009,582545349.0,10843675.0,3497270.0,245867,18.61430190561868,6.003429614541477,22.673770654321526
Latin America and the Caribbean (UN),2010,588907847.0,10799683.0,3631885.0,254371,18.338493968140316,6.167153347508375,23.553561711024294
Latin America and the Caribbean (UN),2011,595242690.0,10790123.0,3575898.0,229660,18.127266712002797,6.007462267197266,21.28428007725213
Latin America and the Caribbean (UN),2012,601576915.0,10721093.0,3620928.0,220879,17.821649622309728,6.01906075468338,20.60228374103275
Latin America and the Caribbean (UN),2013,607837506.0,10678003.0,3668371.0,213492,17.567199941755483,6.035117879020779,19.993626149009323
Latin America and the Caribbean (UN),2014,614015229.0,10648345.0,3724526.0,207023,17.342151297032405,6.065852806396761,19.441800580277967
Latin America and the Caribbean (UN),2015,620042605.0,10542289.0,3782566.0,200302,17.002523560457593,6.100493691074663,18.999858569614247
Latin America and the Caribbean (UN),2016,625922637.0,10322871.0,3914158.0,192860,16.492247427696086,6.2534213792941955,18.682786988232245
Latin America and the Caribbean (UN),2017,631575439.0,10238395.0,3977542.0,186933,16.210882133432676,6.29780981714205,18.25803751466905
Latin America and the Caribbean (UN),2018,637012157.0,10172142.0,4024982.0,180979,15.968520990094701,6.318532473470518,17.791631300467493
Latin America and the Caribbean (UN),2019,642195534.0,9957406.0,4104368.0,173677,15.505255755951739,6.391150020049812,17.4419924225245
Latin America and the Caribbean (UN),2020,646729383.0,9660792.0,4965915.0,165152,14.937920332591414,7.67850530768292,17.095078747166898
Latin America and the Caribbean (UN),2021,650465295.0,9541936.0,5603278.0,159823,14.669400617291965,8.614261272770902,16.74953594322997
Latin America and the Caribbean (UN),2022,654366789.0,9437516.0,4623444.0,155784,14.422363968719079,7.065523614157625,16.50688592210069
Latvia,2000,2368320.0,20319.0,32539.0,257,8.579499391974059,13.739275097959734,12.648260249028002
Latvia,2001,2338299.0,19815.0,33308.0,268,8.474108743150468,14.244542721012156,13.525107241988392
Latvia,2002,2311358.0,20207.0,32830.0,265,8.742479529350279,14.20377111637401,13.11426733310239
Latvia,2003,2288983.0,21208.0,32735.0,264,9.265250113259906,14.301111017425642,12.448132780082986
Latvia,2004,2264179.0,20730.0,32262.0,230,9.155636546403796,14.248873432710047,11.095031355523396
Latvia,2005,2239787.0,22042.0,33022.0,210,9.841114355963313,14.743366221877348,9.527266128300518
Latvia,2006,2219039.0,23073.0,33259.0,214,10.39774424874912,14.988019588659775,9.2749100680449
Latvia,2007,2200774.0,24127.0,33214.0,241,10.962961212736975,15.091963100254729,9.988809217888672
Latvia,2008,2177710.0,24673.0,31239.0,193,11.329791386364576,14.34488522346869,7.822315891865602
Latvia,2009,2142044.0,22503.0,30020.0,203,10.505386443975942,14.014651426394604,9.021019419632937
Latvia,2010,2097834.0,20254.0,30211.0,143,9.654720058879779,14.40104412455895,7.060333761232349
Latvia,2011,2059940.0,19167.0,28658.0,153,9.304639940969155,13.912055690942454,7.982469870089217
Latvia,2012,2034639.0,20097.0,29109.0,150,9.877427887698998,14.306714852118729,7.4638005672488426
Latvia,2013,2013004.0,20860.0,28784.0,120,10.362622230258857,14.299027721753161,5.752636625119846
Latvia,2014,1994153.0,21921.0,28537.0,107,10.992636974194058,14.310336268079732,4.88116418046622
Latvia,2015,1977874.0,22211.0,28536.0,107,11.229734553363866,14.427612679068535,4.817432803565801
Latvia,2016,1959863.0,22133.0,28659.0,106,11.29313630595608,14.622960890633681,4.789228753445082
Latvia,2017,1942599.0,21019.0,28834.0,104,10.820040574508687,14.843001566458131,4.947904277082639
Latvia,2018,1927586.0,19471.0,28823.0,75,10.101235431259617,14.952899637162751,3.8518822864773252
Latvia,2019,1914267.0,18887.0,27786.0,82,9.86643973907506,14.515216529355623,4.341610631651401
Latvia,2020,1901119.0,17629.0,28447.0,80,9.272959767379108,14.963292671316209,4.5379771966645865
Latvia,2021,1885593.0,17471.0,34309.0,63,9.265520183836067,18.195336957657354,3.6059756167363055
Latvia,2022,1881059.0,15907.0,29860.0,73,8.456406736843448,15.874036912186169,4.589174577230151
Least developed countries,2000,673774118.0,26395788.0,8255124.0,3455388,39.17601952172345,12.252064570993213,130.9067946749686
Least developed countries,2001,690025172.0,26755028.0,8198288.0,3364027,38.77398837849933,11.88114337370869,125.73438532749806
Least developed countries,2002,707416729.0,27108792.0,8155826.0,3279817,38.320824047122585,11.529026195816751,120.98720592197543
Least developed countries,2003,725265579.0,27492772.0,8084464.0,3188730,37.907178826695706,11.146901540738913,115.98430307427712
Least developed countries,2004,742875655.0,27883724.0,8043244.0,3104785,37.53484693208852,10.827174030894847,111.34757322945816
Least developed countries,2005,760903254.0,28243308.0,7977009.0,3010735,37.118132760672886,10.483604792154036,106.59994218807515
Least developed countries,2006,779395667.0,28632916.0,7876322.0,2914832,36.7373302320399,10.105678455099751,101.80004020547541
Least developed countries,2007,797685700.0,28988908.0,7806072.0,2827218,36.34126573912507,9.785899383679563,97.52757847932733
Least developed countries,2008,816441920.0,29297280.0,7874516.0,2773898,35.88409571130301,9.64491877144182,94.68107619546934
Least developed countries,2009,835864959.0,29654808.0,7936455.0,2736422,35.47798921428407,9.494900958038606,92.27582926856245
Least developed countries,2010,855529921.0,29964516.0,7752577.0,2624883,35.0245096804744,9.061725148009172,87.59971294046598
Least developed countries,2011,875870724.0,30266544.0,7813193.0,2656447,34.55594892106475,8.920486535179592,87.76842840067899
Least developed countries,2012,896874391.0,30673724.0,7597452.0,2473735,34.20069109766788,8.47103237224665,80.6467124761245
Least developed countries,2013,918462778.0,31117312.0,7565275.0,2399657,33.879774712002536,8.236887962377502,77.11646173037055
Least developed countries,2014,940480899.0,31593886.0,7694926.0,2404218,33.593330851900696,8.181905669941736,76.09757153646753
Least developed countries,2015,962708546.0,32097656.0,7742585.0,2377484,33.340989994701886,8.042501577627004,74.07033086777427
Least developed countries,2016,985618622.0,32630710.0,7767937.0,2343119,33.10683186341014,7.881280676533321,71.80717183291445
Least developed countries,2017,1009200433.0,33160396.0,7850876.0,2326787,32.85808736865653,7.779303043561021,70.16764817886975
Least developed countries,2018,1033320496.0,33729584.0,7724512.0,2213961,32.641938421397576,7.4754270624667845,65.63855041912169
Least developed countries,2019,1058226909.0,34297044.0,7798759.0,2187628,32.40991483802837,7.369647221851169,63.784738999664235
Least developed countries,2020,1083853563.0,34843384.0,8031317.0,2128752,32.14768598772415,7.409965030488165,61.09486954539204
Least developed countries,2021,1109397234.0,35393890.0,8486235.0,2112033,31.903712137793192,7.649410634820458,59.67224851520983
Least developed countries,2022,1134811912.0,35945710.0,8126588.0,2167515,31.67547821792692,7.161176150925,60.29968527537778
Lebanon,2000,4329345.0,92241.0,19603.0,1827,21.30599432477661,4.5279366740234375,19.80681042052883
Lebanon,2001,4401923.0,92686.0,19527.0,1735,21.055797659341156,4.436015804910718,18.719116155622206
Lebanon,2002,4463505.0,92055.0,19405.0,1635,20.623926712303447,4.347480287352652,17.761121068926187
Lebanon,2003,4525513.0,90520.0,19290.0,1528,20.002152242187794,4.262500185061893,16.880247459125055
Lebanon,2004,4599285.0,88984.0,19312.0,1429,19.34735507801756,4.198913526776445,16.059066798525578
Lebanon,2005,4671105.0,87200.0,19424.0,1335,18.667959722592407,4.158330844628841,15.309633027522937
Lebanon,2006,4751146.0,86801.0,20871.0,1264,18.26948698271954,4.392834907620183,14.56204421608046
Lebanon,2007,4844119.0,86928.0,19959.0,1211,17.945058740299316,4.1202538583383275,13.93106939076017
Lebanon,2008,4925359.0,87636.0,20508.0,1183,17.792814696350053,4.163757403267457,13.499018668127253
Lebanon,2009,4992295.0,89813.0,20809.0,1166,17.990323087878423,4.168223232000513,12.98253036865487
Lebanon,2010,5041290.0,93795.0,21191.0,1184,18.605356962206102,4.203487599404121,12.623274161735699
Lebanon,2011,5096018.0,96991.0,21465.0,1203,19.032703573653,4.212112280608114,12.403212669216732
Lebanon,2012,5235742.0,99282.0,22031.0,1232,18.962355287941996,4.207808558939688,12.409097318748616
Lebanon,2013,5743441.0,103475.0,23256.0,1303,18.016203178547496,4.049140576180725,12.592413626479827
Lebanon,2014,6346993.0,119400.0,27121.0,1526,18.812057930424693,4.2730470948998995,12.780569514237856
Lebanon,2015,6472470.0,126567.0,29183.0,1644,19.55466769255014,4.50878876224996,12.98916779255256
Lebanon,2016,6323061.0,121382.0,29827.0,1604,19.19671500875921,4.717177329144856,13.214479906411164
Lebanon,2017,6160129.0,114874.0,30708.0,1575,18.647986105485778,4.984960542222411,13.710674304020056
Lebanon,2018,5984120.0,108255.0,31086.0,1547,18.090379203625595,5.194748768407051,14.290333010022632
Lebanon,2019,5794601.0,102113.0,31631.0,1521,17.622093393488182,5.458701988281851,14.895263090889506
Lebanon,2020,5702400.0,96441.0,36535.0,1938,16.912352693602696,6.406951459034792,20.095187731359072
Lebanon,2021,5718129.0,94769.0,48158.0,1631,16.573428126577767,8.421985583046483,17.21026918085028
Lebanon,2022,5744492.0,94050.0,33132.0,1632,16.3722048877429,5.767611827120657,17.352472089314194
Lesotho,2000,2003919.0,56606.0,31819.0,6252,28.24764873230904,15.87838630204115,110.44765572554147
Lesotho,2001,2000859.0,57456.0,34270.0,6368,28.7156666211862,17.12764367704071,110.83263714842661
Lesotho,2002,1994686.0,58573.0,36303.0,6526,29.36452153371508,18.199857020102414,111.41652297133491
Lesotho,2003,1985060.0,58151.0,38021.0,6590,29.294328634902723,19.153577221847197,113.32565218138983
Lesotho,2004,1971130.0,56642.0,39368.0,6523,28.735801291644893,19.972300152704285,115.16189400091804
Lesotho,2005,1953080.0,55781.0,39948.0,6398,28.560530034611997,20.453847256640792,114.69855327082698
Lesotho,2006,1945066.0,55681.0,40446.0,6246,28.62679209857146,20.794153000463737,112.1747095059356
Lesotho,2007,1953273.0,57589.0,39825.0,6165,29.483333870892597,20.388855014122452,107.05169389987672
Lesotho,2008,1966547.0,58292.0,38949.0,6022,29.641803628390267,19.805781402631112,103.30748644753997
Lesotho,2009,1980884.0,58148.0,37813.0,5763,29.35457098951781,19.088952205177083,99.10916970489096
Lesotho,2010,1996256.0,58218.0,36340.0,5497,29.163594248433068,18.204078034079796,94.4209694596173
Lesotho,2011,2014015.0,60840.0,35200.0,5419,30.208315231018638,17.477526234908876,89.06969099276792
Lesotho,2012,2034363.0,61085.0,33493.0,5288,30.026598006353833,16.46363013877071,86.56789719243676
Lesotho,2013,2056509.0,61671.0,31880.0,5171,29.98819844697981,15.501998775594952,83.84816202104717
Lesotho,2014,2080091.0,61362.0,30445.0,5060,29.499670927858446,14.636378889192828,82.46145823147877
Lesotho,2015,2104614.0,61408.0,29318.0,4975,29.17779697369684,13.930345422010879,81.01550286607608
Lesotho,2016,2130424.0,61638.0,28250.0,4900,28.9322688816874,13.260271194841966,79.49641454946624
Lesotho,2017,2157117.0,60920.0,27325.0,4799,28.24139812536826,12.667370383711221,78.77544320420223
Lesotho,2018,2183611.0,59745.0,26636.0,4674,27.36064253202608,12.198143350624264,78.23248807431585
Lesotho,2019,2209414.0,58417.0,26137.0,4530,26.44004247280048,11.829833611989423,77.54591985209784
Lesotho,2020,2235727.0,57297.0,26572.0,4435,25.627905374851224,11.885172026817228,77.40370350978236
Lesotho,2021,2261549.0,56302.0,28493.0,4230,24.895326168037922,12.598886869132617,75.13054598415687
Lesotho,2022,2286112.0,55764.0,24959.0,4106,24.392505704007505,10.91766282666816,73.63173373502619
Less developed regions,2000,4981020958.0,122659440.0,40042268.0,10061121,24.625361152716515,8.038967982194142,82.02484048516772
Less developed regions,2001,5060563632.0,122383390.0,40224348.0,9752850,24.183746890587464,7.948590498031703,79.69096133061848
Less developed regions,2002,5138827856.0,122354540.0,40354372.0,9436473,23.809814889428743,7.852835925002428,77.12401190834439
Less developed regions,2003,5216602022.0,122475290.0,40499880.0,9092125,23.477982311758574,7.76365147833775,74.23640311445679
Less developed regions,2004,5295140664.0,123229496.0,40904364.0,8830063,23.272185541320685,7.724887136256065,71.6554338581406
Less developed regions,2005,5374298178.0,123803090.0,40921000.0,8501585,23.036140887529296,7.614203500563567,68.67021655113778
Less developed regions,2006,5454383031.0,124798580.0,41059710.0,8191779,22.880420991834814,7.527837661315135,65.64000167309595
Less developed regions,2007,5535084728.0,125979540.0,41212348.0,7922807,22.76018275975341,7.445658020648098,62.889632713375526
Less developed regions,2008,5616574406.0,127536696.0,41688720.0,7722640,22.70720314214244,7.422445958423577,60.552297826501636
Less developed regions,2009,5699574971.0,128833520.0,41943510.0,7529550,22.60405743507501,7.35905926554396,58.44402916259681
Less developed regions,2010,5783526152.0,129323830.0,41948576.0,7257283,22.360723648717066,7.253114258935921,56.1171363390645
Less developed regions,2011,5867818545.0,130040020.0,42350360.0,7126100,22.16156123484899,7.21739427952948,54.79928409731097
Less developed regions,2012,5953386740.0,132140024.0,42436750.0,6811363,22.195773560647265,7.128169536656038,51.54655488786653
Less developed regions,2013,6039378781.0,131297464.0,42739050.0,6574675,21.740226728792752,7.076729503116755,50.074653384013565
Less developed regions,2014,6124495115.0,131503540.0,43196904.0,6404417,21.471735633836,7.053137146636454,48.701479823280806
Less developed regions,2015,6208202776.0,130648030.0,43650296.0,6219380,21.044420537464738,7.031068019998579,47.60408557251112
Less developed regions,2016,6290688522.0,131246610.0,44176050.0,6029284,20.863631944420725,7.022450697647179,45.938588432874575
Less developed regions,2017,6372441537.0,130440470.0,44830704.0,5848551,20.469465155957852,7.035090669675295,44.83693596013569
Less developed regions,2018,6451926619.0,127487600.0,44902916.0,5581452,19.75961716994227,6.959613562213702,43.78035197148585
Less developed regions,2019,6528918960.0,126094344.0,45459428.0,5401952,19.313204034623215,6.9627802517554915,42.84055754316784
Less developed regions,2020,6602624671.0,122573310.0,49020424.0,5180437,18.564331021020415,7.424384459608487,42.2639887916872
Less developed regions,2021,6670349468.0,121319210.0,54618790.0,5045625,18.18783417300858,8.188295120371945,41.58966251099063
Less developed regions,2022,6737630528.0,120699416.0,48079572.0,4995348,17.914223034106985,7.135976334735582,41.386679120303285
"Less developed regions, excluding China",2000,3681964945.0,104768280.0,32095990.0,9432683,28.454447982258014,8.717081905840903,90.03376785416349
"Less developed regions, excluding China",2001,3752172944.0,105476500.0,32224734.0,9188615,28.11077782772904,8.588285902847234,87.1152816030111
"Less developed regions, excluding China",2002,3822116692.0,105667390.0,32266728.0,8921803,27.64630138613256,8.442109595328912,84.43288889788988
"Less developed regions, excluding China",2003,3892092620.0,105965050.0,32312342.0,8622619,27.22572670945328,8.30204857766206,81.37229209064687
"Less developed regions, excluding China",2004,3962924549.0,106490520.0,32602996.0,8395211,26.87170010008687,8.227003970647639,78.83528975161357
"Less developed regions, excluding China",2005,4034042220.0,106929944.0,32519450.0,8100092,26.50689759017941,8.061256731219833,75.75139102289252
"Less developed regions, excluding China",2006,4105974529.0,107660280.0,32536778.0,7818833,26.22039645877209,7.924252274386187,72.62504797498205
"Less developed regions, excluding China",2007,4178770590.0,108505830.0,32612514.0,7574679,25.965969574797835,7.804332230642984,69.80895865226782
"Less developed regions, excluding China",2008,4252110528.0,109556910.0,32812444.0,7387125,25.765301555209245,7.716742964212995,67.42728505212496
"Less developed regions, excluding China",2009,4326273941.0,110545096.0,33034036.0,7221856,25.552033344991546,7.635678288177083,65.3295013647643
"Less developed regions, excluding China",2010,4401076171.0,111164860.0,32963200.0,6972363,25.258563060666464,7.489804474915552,62.7209263790734
"Less developed regions, excluding China",2011,4476576195.0,111939560.0,33175672.0,6863846,25.005619277748046,7.410947687443529,61.31742879818359
"Less developed regions, excluding China",2012,4552731410.0,112588470.0,33143014.0,6554904,24.729873093919238,7.279808759902223,58.22002910244717
"Less developed regions, excluding China",2013,4629090786.0,112704340.0,33295628.0,6342880,24.34697118943046,7.192692807126985,56.278933002934934
"Less developed regions, excluding China",2014,4705140522.0,112437580.0,33596624.0,6186254,23.896752812008792,7.140408207344929,55.01945168154633
"Less developed regions, excluding China",2015,4780550751.0,112830820.0,33911110.0,6025659,23.602054632805217,7.093557158222081,53.40437125246453
"Less developed regions, excluding China",2016,4855007429.0,112625280.0,34260750.0,5844825,23.197756470415484,7.0567863182563215,51.89620838234542
"Less developed regions, excluding China",2017,4928362416.0,111905490.0,34554084.0,5677116,22.706424681086197,7.011270901632491,50.73134481605862
"Less developed regions, excluding China",2018,5001128383.0,111872140.0,34708860.0,5439358,22.36937975443291,6.940205757961243,48.62120274091476
"Less developed regions, excluding China",2019,5073567683.0,111231816.0,35099750.0,5276871,21.92378676108025,6.9181594083407445,47.4403025120079
"Less developed regions, excluding China",2020,5144681811.0,110507200.0,38377564.0,5080250,21.479890119486342,7.459657450134967,45.972117653872324
"Less developed regions, excluding China",2021,5212174863.0,110649230.0,43615164.0,4962736,21.22899421227649,8.367939515923336,44.85106674488381
"Less developed regions, excluding China",2022,5280860581.0,111061784.0,36800070.0,4922255,21.03100096972623,6.968574427509584,44.3199705850214
"Less developed regions, excluding least developed countries",2000,4307246847.0,96263656.0,31787144.0,6605733,22.34923128843839,7.3799215900848045,68.62125618831679
"Less developed regions, excluding least developed countries",2001,4370538441.0,95628360.0,32026058.0,6388822,21.880223979478323,7.327714521296439,66.80886297746818
"Less developed regions, excluding least developed countries",2002,4431411128.0,95245760.0,32198536.0,6156655,21.493325094164,7.2659780530297935,64.63967529893195
"Less developed regions, excluding least developed countries",2003,4491336451.0,94982520.0,32415408.0,5903396,21.147941383650306,7.217319021553747,62.152446576485865
"Less developed regions, excluding least developed countries",2004,4552264995.0,95345780.0,32861106.0,5725276,20.944690193721904,7.2186276581203295,60.04750288895848
"Less developed regions, excluding least developed countries",2005,4613394932.0,95559780.0,32943988.0,5490850,20.713548570742653,7.140942513178276,57.45984346133907
"Less developed regions, excluding least developed countries",2006,4674987366.0,96165660.0,33183396.0,5276949,20.57025024268269,7.09807180257522,54.87352761890263
"Less developed regions, excluding least developed countries",2007,4737399014.0,96990620.0,33406288.0,5095592,20.473390506768066,7.051609522710134,52.53695666653125
"Less developed regions, excluding least developed countries",2008,4800132480.0,98239416.0,33814200.0,4948741,20.465980138948165,7.044430573716165,50.374291720138075
"Less developed regions, excluding least developed countries",2009,4863710010.0,99178700.0,34007050.0,4793127,20.391573468830227,6.991997863787113,48.32818941970403
"Less developed regions, excluding least developed countries",2010,4927996235.0,99359310.0,34195984.0,4632398,20.162213050067397,6.939125431373224,46.62268689265254
"Less developed regions, excluding least developed countries",2011,4991947818.0,99773470.0,34537176.0,4469653,19.986881601653796,6.918577128443853,44.79801093416917
"Less developed regions, excluding least developed countries",2012,5056512351.0,101466300.0,34839290.0,4337628,20.066459440158102,6.889984159360357,42.749444889584026
"Less developed regions, excluding least developed countries",2013,5120915999.0,100180150.0,35173764.0,4175015,19.562935619245255,6.868646938725151,41.67507235714859
"Less developed regions, excluding least developed countries",2014,5184014203.0,99909650.0,35501970.0,4000200,19.27264202752031,6.8483550796321,40.03817449065231
"Less developed regions, excluding least developed countries",2015,5245494225.0,98550376.0,35907710.0,3841896,18.787624535036066,6.84543885852815,38.984082617807566
"Less developed regions, excluding least developed countries",2016,5305069894.0,98615896.0,36408104.0,3686166,18.588990903123435,6.862888656976477,37.37902457429378
"Less developed regions, excluding least developed countries",2017,5363241103.0,97280070.0,36979830.0,3521764,18.138298862899358,6.895052691051842,36.20231769981251
"Less developed regions, excluding least developed countries",2018,5418606114.0,93758020.0,37178400.0,3367490,17.30297756054981,6.861247933106363,35.916820769039276
"Less developed regions, excluding least developed countries",2019,5470692064.0,91797300.0,37660656.0,3214325,16.779833141052478,6.884075279584224,35.01546341776937
"Less developed regions, excluding least developed countries",2020,5518771105.0,87729920.0,40989100.0,3051683,15.896640453255399,7.427215084688677,34.78497415704927
"Less developed regions, excluding least developed countries",2021,5560952239.0,85925320.0,46132556.0,2933592,15.451547919687142,8.295801513356604,34.141182133508494
"Less developed regions, excluding least developed countries",2022,5602818622.0,84753710.0,39952988.0,2827833,15.12697728018653,7.1308729936608675,33.36530046885263
Liberia,2000,2928117.0,126606.0,43464.0,23029,43.23802634935694,14.843669156662799,181.8950128745873
Liberia,2001,3015343.0,128367.0,42147.0,21888,42.571276302563255,13.977514332531989,170.51111266914393
Liberia,2002,3094793.0,129985.0,41341.0,20771,42.00119361779608,13.358243992409184,159.79536100319265
Liberia,2003,3119534.0,131022.0,43490.0,20325,42.00050392141903,13.941184805166413,155.1266199569538
Liberia,2004,3156893.0,129797.0,38048.0,17949,41.11542583166423,12.05235654170097,138.28516837831384
Liberia,2005,3301016.0,134082.0,37600.0,17251,40.61840354605976,11.390432521381296,128.6600736862517
Liberia,2006,3490792.0,142572.0,38480.0,17192,40.84230741906135,11.02328640606487,120.5846870353225
Liberia,2007,3669050.0,148220.0,39049.0,16970,40.397378067892234,10.642809446586991,114.49197139387397
Liberia,2008,3821006.0,151553.0,39518.0,16602,39.663114896966924,10.342302524518413,109.54583545030451
Liberia,2009,3943035.0,153028.0,39597.0,16044,38.8096986204789,10.042264397855966,104.84355804166557
Liberia,2010,4058897.0,154104.0,39854.0,15550,37.966964916823464,9.81892371252584,100.90588174220007
Liberia,2011,4221177.0,155889.0,40396.0,15155,36.930221120791664,9.56984272396064,97.2166092540205
Liberia,2012,4373046.0,163665.0,41691.0,15208,37.42585831477648,9.53362941985975,92.92151651238811
Liberia,2013,4470246.0,161977.0,41835.0,14878,36.23447121254624,9.358545368644142,91.85254696654462
Liberia,2014,4564299.0,160758.0,44092.0,15086,35.22074254995126,9.660190973466024,93.84291917043008
Liberia,2015,4659436.0,160019.0,44541.0,14785,34.3429977362067,9.559311470315292,92.39527806073029
Liberia,2016,4755607.0,161339.0,42482.0,13817,33.92605822979065,8.933034205728102,85.63955398260805
Liberia,2017,4848927.0,161876.0,42495.0,13464,33.38388059873865,8.763794546711058,83.17477575428106
Liberia,2018,4944728.0,162953.0,42721.0,13185,32.95489660907536,8.639706774568793,80.91290126600923
Liberia,2019,5043719.0,163574.0,42934.0,12889,32.431227830099175,8.51236954318827,78.7961411960336
Liberia,2020,5149470.0,164386.0,43756.0,12622,31.922896919488803,8.497185147209324,76.78269439003321
Liberia,2021,5259327.0,165796.0,44759.0,12351,31.524185508906363,8.510404468100196,74.49516273010205
Liberia,2022,5373297.0,167590.0,43835.0,12149,31.189416851515933,8.1579335741166,72.49239214750283
Libya,2000,5305020.0,115070.0,25263.0,3197,21.690775906594133,4.76209326260787,27.783088554792734
Libya,2001,5403639.0,119188.0,25818.0,3177,22.056987892788545,4.777891343222595,26.655367990066114
Libya,2002,5508412.0,123921.0,26324.0,3174,22.496683254629463,4.778872749532896,25.613092211973758
Libya,2003,5619405.0,128796.0,26650.0,3160,22.919864291682128,4.742494979450671,24.53492344482748
Libya,2004,5736696.0,134100.0,26958.0,3136,23.375824690727903,4.699220596664003,23.3855331841909
Libya,2005,5858793.0,140042.0,27220.0,3107,23.902875558156776,4.646008145363729,22.186201282472403
Libya,2006,5980212.0,143111.0,27471.0,3011,23.930756969819797,4.593649857229142,21.039612608394883
Libya,2007,6104381.0,144745.0,28041.0,2880,23.711658888919285,4.593586147391521,19.897060347507686
Libya,2008,6235433.0,146142.0,28657.0,2747,23.43734589081464,4.595831596618871,18.79678668692094
Libya,2009,6366689.0,147418.0,29319.0,2619,23.154578462997016,4.605062380147672,17.765808788614688
Libya,2010,6497837.0,152991.0,30067.0,2550,23.544911945313494,4.6272321081615315,16.667647116497047
Libya,2011,6343210.0,157980.0,36959.0,3101,24.90537125524774,5.8265452349835485,19.629066970502596
Libya,2012,6179327.0,139570.0,30715.0,2162,22.58660206847768,4.970606022306312,15.490434907215018
Libya,2013,6304636.0,142107.0,31334.0,2115,22.540080029996975,4.969993509538061,14.883151428149212
Libya,2014,6427260.0,145406.0,34979.0,2180,22.623326269670123,5.4422880045307025,14.992503748125937
Libya,2015,6531825.0,143183.0,35090.0,2097,21.92082610908896,5.372158623355647,14.64559340145129
Libya,2016,6632130.0,140949.0,35678.0,2000,21.25244830846199,5.379568856460896,14.189529546147897
Libya,2017,6738771.0,138217.0,34327.0,1838,20.5107133036573,5.093955559552328,13.29793006648965
Libya,2018,6849058.0,135914.0,34293.0,1710,19.844188792093743,5.006965921444963,12.581485351030798
Libya,2019,6951040.0,133744.0,35900.0,1713,19.24086179909769,5.1646947794862355,12.808051202296925
Libya,2020,7045403.0,132007.0,39061.0,1586,18.736614498844137,5.5441824974384,12.014514381813084
Libya,2021,7135179.0,129689.0,41682.0,1411,18.175998107405576,5.841759541001004,10.879874160491639
Libya,2022,7223804.0,126684.0,34734.0,1331,17.53702066113643,4.808269991821484,10.506457011145843
Liechtenstein,2000,33137.0,418.0,214.0,4,12.614298216495156,6.45803784289465,9.569377990430622
Liechtenstein,2001,33470.0,402.0,204.0,4,12.010755900806693,6.095010457125784,9.950248756218905
Liechtenstein,2002,33770.0,382.0,206.0,3,11.31181522061001,6.100088836245188,7.853403141361256
Liechtenstein,2003,34089.0,352.0,204.0,3,10.325911584382059,5.9843351227668755,8.522727272727272
Liechtenstein,2004,34409.0,365.0,203.0,3,10.607689848586125,5.89961928565201,8.21917808219178
Liechtenstein,2005,34713.0,372.0,201.0,3,10.71644628813413,5.790337913749892,8.064516129032258
Liechtenstein,2006,35002.0,351.0,201.0,3,10.027998400091423,5.7425289983429515,8.547008547008549
Liechtenstein,2007,35251.0,344.0,200.0,2,9.758588408839467,5.6735979121159685,5.813953488372093
Liechtenstein,2008,35467.0,344.0,209.0,2,9.6991569628105,5.89280175938196,5.813953488372093
Liechtenstein,2009,35740.0,395.0,212.0,3,11.052042529378848,5.931729155008394,7.594936708860759
Liechtenstein,2010,36021.0,334.0,219.0,2,9.272368895921824,6.079786791038561,5.9880239520958085
Liechtenstein,2011,36295.0,384.0,224.0,3,10.579969692795151,6.171648987463838,7.8125
Liechtenstein,2012,36621.0,350.0,226.0,2,9.557357800169301,6.171322465252178,5.714285714285714
Liechtenstein,2013,36930.0,337.0,235.0,2,9.125372326022203,6.36339019767127,5.934718100890208
Liechtenstein,2014,37191.0,362.0,237.0,2,9.733537683848242,6.37250947809954,5.524861878453039
Liechtenstein,2015,37424.0,326.0,234.0,2,8.710987601539118,6.252672082086362,6.134969325153374
Liechtenstein,2016,37635.0,366.0,242.0,2,9.724990035870865,6.430184668526637,5.46448087431694
Liechtenstein,2017,37872.0,338.0,245.0,2,8.924799324038867,6.469159273341782,5.9171597633136095
Liechtenstein,2018,38157.0,367.0,254.0,2,9.61815656367115,6.656707812459051,5.449591280653951
Liechtenstein,2019,38463.0,351.0,260.0,2,9.125653225177444,6.75974312976107,5.698005698005698
Liechtenstein,2020,38793.0,349.0,316.0,2,8.996468435026939,8.145799499909778,5.730659025787966
Liechtenstein,2021,39062.0,367.0,297.0,2,9.39532026009933,7.603297322205724,5.449591280653951
Liechtenstein,2022,39338.0,368.0,289.0,2,9.35482230921755,7.346585998271392,5.434782608695652
Lithuania,2000,3500410.0,34162.0,39041.0,391,9.759428181270193,11.15326490325419,11.445465722147414
Lithuania,2001,3473008.0,31253.0,40372.0,336,8.9988275293348,11.624505327946265,10.750967907080922
Lithuania,2002,3444051.0,29603.0,41028.0,310,8.595401171469296,11.912715578253632,10.471911630577983
Lithuania,2003,3415276.0,30107.0,40878.0,270,8.815392957992268,11.969164424778553,8.968014083103597
Lithuania,2004,3376703.0,30001.0,41375.0,295,8.884702030353276,12.253076447647306,9.833005566481118
Lithuania,2005,3322264.0,29937.0,43775.0,265,9.011023807861147,13.17625570996164,8.851922370310987
Lithuania,2006,3269809.0,29726.0,44703.0,270,9.09105088401188,13.67144074776233,9.082957680145329
Lithuania,2007,3231378.0,30163.0,45502.0,234,9.334407797540244,14.081299061886291,7.7578490203229125
Lithuania,2008,3198482.0,31641.0,43797.0,222,9.892505257181377,13.693058144457277,7.0162131411775865
Lithuania,2009,3163255.0,32444.0,42070.0,215,10.256523738996696,13.29959171802463,6.626803106891876
Lithuania,2010,3097721.0,31778.0,42138.0,189,10.258509400943469,13.602903553935297,5.947510856567436
Lithuania,2011,3028642.0,30720.0,41109.0,178,10.143159871652047,13.573410129028126,5.794270833333334
Lithuania,2012,2988334.0,30653.0,40977.0,145,10.25755487840382,13.712322652019486,4.7303689687795645
Lithuania,2013,2958359.0,30016.0,41468.0,136,10.146165492423334,14.01723049839455,4.5309168443496795
Lithuania,2014,2933171.0,30516.0,40283.0,155,10.40375757158379,13.733600939051968,5.0793026608992005
Lithuania,2015,2905771.0,31732.0,41814.0,165,10.920337493904372,14.389984620260853,5.199798310853397
Lithuania,2016,2869109.0,31113.0,41170.0,166,10.844133143773902,14.349402549711426,5.3353903513000995
Lithuania,2017,2829317.0,29217.0,40111.0,107,10.326520499470366,14.176919730097406,3.6622514289625903
Lithuania,2018,2802485.0,28319.0,39598.0,117,10.104960419056658,14.129602834627127,4.13150181856704
Lithuania,2019,2795057.0,27513.0,38283.0,102,9.843448630922374,13.696679531043552,3.7073383491440413
Lithuania,2020,2795766.0,25191.0,43556.0,84,9.010410742529954,15.579272371149804,3.3345242348457784
Lithuania,2021,2794490.0,22978.0,46698.0,87,8.222609492250822,16.710741494870263,3.7862303072504133
Lithuania,2022,2816923.0,21556.0,44731.0,91,7.652321344956891,15.879383284527124,4.221562442011504
Low-income countries,2000,390079727.0,16801126.0,5268424.0,2366895,43.07100532809797,13.506018476063996,140.8771650185827
Low-income countries,2001,400757280.0,17072114.0,5257040.0,2316650,42.59963537031691,13.117765446456767,135.69789892452687
Low-income countries,2002,412670851.0,17371936.0,5263202.0,2272463,42.09634859817128,12.753995071970808,130.8123055484432
Low-income countries,2003,425077103.0,17716904.0,5177850.0,2204905,41.67927153676871,12.18096661395568,124.45204873266796
Low-income countries,2004,437382847.0,18075976.0,5176881.0,2161390,41.3275832008108,11.836040291721819,119.5725199015533
Low-income countries,2005,450155671.0,18441832.0,5164899.0,2113395,40.9676767128854,11.473584212604534,114.59788810569361
Low-income countries,2006,463744492.0,18841422.0,5106742.0,2057636,40.62888578739173,11.011973377788388,109.20810541794563
Low-income countries,2007,477551565.0,19235796.0,5071487.0,2008036,40.28003970628805,10.619768359465013,104.39058513617009
Low-income countries,2008,491406374.0,19616846.0,5037308.0,1962000,39.91980372643681,10.2507990667618,100.01607801784242
Low-income countries,2009,505585025.0,19959496.0,5260728.0,1992714,39.47802053670399,10.405229071015304,99.83789169826733
Low-income countries,2010,520054112.0,20305844.0,5007152.0,1897613,39.04563685095908,9.628136542837296,93.45156990273341
Low-income countries,2011,534808727.0,20608428.0,5184489.0,1977532,38.534202902040526,9.694099475680396,95.95744032490009
Low-income countries,2012,549451660.0,20916112.0,5033061.0,1828035,38.06724689848057,9.160152505499756,87.39841324238462
Low-income countries,2013,563526633.0,21177716.0,5007581.0,1774936,37.58068343151405,8.886147888595,83.81149317518471
Low-income countries,2014,577586378.0,21456904.0,5122751.0,1794674,37.14925562181455,8.869237909900985,83.64086449750626
Low-income countries,2015,592175407.0,21782740.0,5171818.0,1782357,36.7842699012997,8.733591329300172,81.82427922290768
Low-income countries,2016,607867477.0,22130800.0,5187551.0,1761072,36.40727763429923,8.534016370808402,79.57561407630993
Low-income countries,2017,624556994.0,22576092.0,5271751.0,1760493,36.14736880202162,8.440784509091577,77.98041397067304
Low-income countries,2018,642186193.0,23029988.0,5138939.0,1662161,35.861854787650344,8.002257065031605,72.17376752432524
Low-income countries,2019,660718366.0,23529950.0,5195323.0,1647452,35.61267736880194,7.8631430081966265,70.01510840439525
Low-income countries,2020,679560744.0,23983862.0,5262413.0,1600037,35.29318344498134,7.743844897550469,66.71306731167816
Low-income countries,2021,698215207.0,24426752.0,5527022.0,1595737,34.984560283288126,7.915928992362951,65.327432808095
Low-income countries,2022,716865785.0,24848652.0,5495412.0,1664459,34.66290694847432,7.665886857747019,66.98387502066511
Lower-middle-income countries,2000,2271915140.0,65682530.0,20637706.0,6239111,28.910644083299697,9.083836643652104,94.98889582968256
Lower-middle-income countries,2001,2315757633.0,66365980.0,20696852.0,6084236,28.658430854020207,8.937399883764089,91.67703091252476
Lower-middle-income countries,2002,2358300843.0,66511692.0,20657222.0,5896671,28.203226147937226,8.759366753955742,88.65615687539568
Lower-middle-income countries,2003,2400690740.0,66588216.0,20650316.0,5696342,27.737107029454364,8.601822657090768,85.54579687192701
Lower-middle-income countries,2004,2444268136.0,66679524.0,20678532.0,5508136,27.27995468988105,8.46000964273913,82.60610858589811
Lower-middle-income countries,2005,2487466883.0,66633904.0,20695088.0,5313632,26.78785573202745,8.319744130639748,79.74366922880581
Lower-middle-income countries,2006,2531007317.0,66921508.0,20647200.0,5113777,26.440661609513633,8.157700636153475,76.41455120826028
Lower-middle-income countries,2007,2575224855.0,67324250.0,20669772.0,4945406,26.143056933177977,8.026395038813028,73.45653312142356
Lower-middle-income countries,2008,2618897859.0,67992900.0,20837740.0,4827715,25.962410013944726,7.956682971957021,71.00322239527951
Lower-middle-income countries,2009,2662972438.0,68641450.0,20754612.0,4661990,25.776252514108823,7.793776497209094,67.9179999839747
Lower-middle-income countries,2010,2707862950.0,68814780.0,20826864.0,4529365,25.41294787463302,7.691254832523928,65.81965385924362
Lower-middle-income countries,2011,2752879890.0,69026540.0,20772802.0,4365958,25.074301370990796,7.545843927102828,63.25042512633547
Lower-middle-income countries,2012,2797701842.0,69278110.0,20828554.0,4221139,24.76250648299069,7.44487982504606,60.93034293227688
Lower-middle-income countries,2013,2842798856.0,69259330.0,20919126.0,4077738,24.363077906064838,7.358637406177428,58.876370880284284
Lower-middle-income countries,2014,2887643098.0,68663790.0,20997304.0,3917437,23.77848912407388,7.271433237210951,57.05244350770617
Lower-middle-income countries,2015,2931203433.0,68931140.0,21128072.0,3789992,23.516327534268413,7.20798555369323,54.982291022606034
Lower-middle-income countries,2016,2974455448.0,68753336.0,21233492.0,3652580,23.11459599982551,7.13861490656289,53.12585850379682
Lower-middle-income countries,2017,3017492200.0,67869980.0,21346654.0,3506554,22.492180758578268,7.074302959258685,51.66575855776
Lower-middle-income countries,2018,3059616821.0,67587270.0,21569896.0,3378472,22.090109302611918,7.049868418800931,49.98680964625439
Lower-middle-income countries,2019,3101052514.0,66852236.0,21753954.0,3244494,21.557918061106395,7.015022771071976,48.532318350578436
Lower-middle-income countries,2020,3141910136.0,66148570.0,23534342.0,3119810,21.053616156003258,7.490456754425773,47.16368018235315
Lower-middle-income countries,2021,3180608692.0,66089570.0,27329482.0,3010798,20.77890630376231,8.592532010850707,45.55632605871092
Lower-middle-income countries,2022,3216231050.0,66264064.0,22178748.0,2906064,20.60301731120965,6.895881438617415,43.85580697253944
Luxembourg,2000,436142.0,5564.0,3876.0,42,12.75731298522041,8.88701386245764,7.548526240115025
Luxembourg,2001,441754.0,5418.0,3809.0,43,12.264744631627558,8.622445976720076,7.936507936507936
Luxembourg,2002,446392.0,5311.0,3837.0,42,11.89761465259234,8.59558415025359,7.908115232536246
Luxembourg,2003,451845.0,5240.0,4168.0,41,11.596897166063583,9.224402173311644,7.8244274809160315
Luxembourg,2004,458305.0,5381.0,3686.0,37,11.74108944916595,8.042679001974667,6.8760453447314624
Luxembourg,2005,465369.0,5291.0,3734.0,23,11.369472397172997,8.023740300707612,4.347004347004347
Luxembourg,2006,472869.0,5427.0,3864.0,28,11.476751489313108,8.171396306376607,5.159388243965358
Luxembourg,2007,480277.0,5387.0,3943.0,21,11.216443843865102,8.209845568286635,3.8982736216818266
Luxembourg,2008,488995.0,5477.0,3686.0,17,11.200523522735406,7.5379093855765404,3.1038889903231697
Luxembourg,2009,498196.0,5550.0,3768.0,29,11.140193819300034,7.563288344346402,5.225225225225226
Luxembourg,2010,507418.0,5757.0,3858.0,26,11.34567555742997,7.603198940518468,4.51624109779399
Luxembourg,2011,518583.0,5524.0,3910.0,38,10.652103906221377,7.539776660630989,6.879073135409123
Luxembourg,2012,530951.0,5905.0,3989.0,28,11.12155358969095,7.512934338573616,4.741744284504657
Luxembourg,2013,543358.0,5996.0,3913.0,35,11.035081842910198,7.2015135509185475,5.837224816544363
Luxembourg,2014,556285.0,5955.0,3937.0,25,10.704944407992306,7.077307495258725,4.198152812762385
Luxembourg,2015,569540.0,5992.0,4097.0,32,10.520771148646276,7.193524598799031,5.34045393858478
Luxembourg,2016,583511.0,5967.0,4069.0,33,10.226028301094582,6.973304702053603,5.530417295123177
Luxembourg,2017,596506.0,6058.0,4383.0,35,10.155807317948184,7.347788622411175,5.7774843182568505
Luxembourg,2018,608109.0,6153.0,4411.0,37,10.118251826563988,7.253633805781529,6.013326832439461
Luxembourg,2019,620167.0,6138.0,4410.0,45,9.897334105168445,7.110987846821904,7.331378299120235
Luxembourg,2020,630597.0,6389.0,4718.0,43,10.131668878856068,7.481798993652047,6.730317733604633
Luxembourg,2021,640276.0,6581.0,4593.0,35,10.278379948647146,7.17346894151897,5.318340677708554
Luxembourg,2022,653315.0,6716.0,4550.0,36,10.279880302763598,6.964481146154611,5.360333531864205
Macao,2000,437316.0,3849.0,1818.0,31,8.801415909776912,4.157176961282002,8.05404001039231
Macao,2001,445121.0,3478.0,1833.0,27,7.813605738664318,4.117981402809573,7.7630822311673375
Macao,2002,456026.0,3336.0,1866.0,24,7.315372369119304,4.0918719546692515,7.194244604316547
Macao,2003,469062.0,3347.0,1927.0,22,7.135517266374167,4.1081989161347545,6.573050492978787
Macao,2004,482209.0,3425.0,1974.0,22,7.102729314467378,4.093660632630249,6.423357664233576
Macao,2005,495416.0,3752.0,2048.0,22,7.573433235906793,4.133899591454455,5.863539445628998
Macao,2006,508752.0,4106.0,2108.0,23,8.07072994307639,4.143472654652955,5.601558694593278
Macao,2007,522281.0,4444.0,2162.0,23,8.508829538122198,4.139534082227766,5.175517551755176
Macao,2008,535935.0,4681.0,2216.0,23,8.734268148189614,4.134829783462547,4.913480025635548
Macao,2009,549492.0,4945.0,2247.0,23,8.999221098760309,4.089231508375009,4.651162790697675
Macao,2010,562809.0,5452.0,2322.0,24,9.687122984884748,4.125733597010709,4.402054292002934
Macao,2011,575644.0,6149.0,2373.0,25,10.681949260306716,4.122339501497453,4.065701740120345
Macao,2012,587450.0,6787.0,2418.0,27,11.553323687122308,4.116094986807388,3.9781936054221303
Macao,2013,598752.0,6717.0,2447.0,26,11.218334135000802,4.086833947945059,3.8707756438886407
Macao,2014,610308.0,7354.0,2477.0,28,12.049653617517713,4.058606474108155,3.807451726951319
Macao,2015,622185.0,7021.0,2513.0,26,11.284425050427123,4.038991618248592,3.7031761857285286
Macao,2016,634317.0,7154.0,2599.0,26,11.278272535656463,4.097320424961021,3.63433044450657
Macao,2017,646558.0,6513.0,2691.0,25,10.073342221424838,4.162039600468945,3.838476892369108
Macao,2018,658777.0,6001.0,2729.0,22,9.109304058884874,4.142524708664692,3.6660556573904346
Macao,2019,670982.0,6167.0,2897.0,22,9.19100661418637,4.3175524827789715,3.56737473650073
Macao,2020,683069.0,5708.0,2601.0,21,8.356403233055518,3.8078144374872815,3.679046951646811
Macao,2021,694404.0,5204.0,3063.0,17,7.494196462001947,4.4109768952943815,3.2667179093005383
Macao,2022,704360.0,4516.0,4062.0,15,6.411494122323812,5.766937361576466,3.321523472099203
Madagascar,2000,16516336.0,693681.0,172814.0,72167,41.99969048825357,10.463216539067744,104.03485175462497
Madagascar,2001,17032933.0,700327.0,170673.0,69471,41.116054410593875,10.020176795153247,99.19794610232077
Madagascar,2002,17549915.0,705543.0,170027.0,67238,40.202075052785155,9.688195071030258,95.29964863941673
Madagascar,2003,18071860.0,714080.0,169163.0,64943,39.51336497737366,9.360574949119792,90.94639256105759
Madagascar,2004,18606606.0,725220.0,168889.0,63115,38.976479643842616,9.076830024777221,87.02876368550233
Madagascar,2005,19159711.0,736608.0,168478.0,61305,38.44567384132255,8.793347665839011,83.22608497328295
Madagascar,2006,19730916.0,749906.0,168417.0,59811,38.00664905775282,8.53569089240459,79.75799633554072
Madagascar,2007,20318590.0,767102.0,169345.0,58824,37.75370239765653,8.334485808316423,76.6834136790153
Madagascar,2008,20923842.0,785413.0,169843.0,57991,37.53674874815056,8.117199508579734,73.83503965429652
Madagascar,2009,21547277.0,805777.0,171786.0,57586,37.39576931228944,7.972515506251672,71.46642309224512
Madagascar,2010,22183343.0,815149.0,173602.0,56993,36.745994505877675,7.825781713784077,69.9172789269201
Madagascar,2011,22822305.0,815913.0,175338.0,56157,35.750683377511606,7.682747207172983,68.8271911343489
Madagascar,2012,23462444.0,822622.0,178361.0,55749,35.06122380089645,7.601978719693482,67.76988701979768
Madagascar,2013,24109290.0,835927.0,181697.0,55739,34.67240221507975,7.536389499649306,66.67926744799486
Madagascar,2014,24764356.0,846452.0,185596.0,55823,34.18025487923045,7.4944811809360194,65.94939819387277
Madagascar,2015,25426703.0,858677.0,189709.0,56215,33.77067801515596,7.461014509037999,65.46699166275562
Madagascar,2016,26099950.0,877298.0,194494.0,56965,33.613014584319124,7.451891670290556,64.93232630189513
Madagascar,2017,26788379.0,899885.0,200374.0,58263,33.592364808635864,7.479885214405844,64.7449396311751
Madagascar,2018,27494930.0,925221.0,205948.0,59645,33.650603947709634,7.490399139041271,64.46567901074445
Madagascar,2019,28219559.0,948017.0,212167.0,61085,33.59432371001971,7.518437832426793,64.43449853747349
Madagascar,2020,28953560.0,964457.0,227843.0,62308,33.310480645557924,7.8692568375011565,64.6042280785976
Madagascar,2021,29691087.0,977163.0,235760.0,63241,32.91098773177284,7.94043006913152,64.71898751794735
Madagascar,2022,30437261.0,989140.0,235226.0,64157,32.49766790776608,7.728224954275617,64.86139474695189
Malawi,2000,11315947.0,504370.0,203933.0,82694,44.571612079837415,18.021735167193697,163.95503301147969
Malawi,2001,11593057.0,512168.0,201335.0,77941,44.178856362044975,17.366860181917502,152.17858202777214
Malawi,2002,11880443.0,522207.0,199339.0,73722,43.95517911242872,16.778751432080437,141.17390230310968
Malawi,2003,12181575.0,534862.0,193728.0,68653,43.907458600386235,15.903362249955363,128.35647325852275
Malawi,2004,12500736.0,549595.0,188453.0,64761,43.96501134013229,15.075352363252852,117.83404143050792
Malawi,2005,12840034.0,564999.0,183871.0,61562,44.00292086453977,14.320133420207455,108.95948488404404
Malawi,2006,13198699.0,577507.0,180381.0,58761,43.75484280685543,13.66657425856897,101.7494160243945
Malawi,2007,13576344.0,587503.0,177207.0,56237,43.27402134182811,13.05263036941315,95.72206439796904
Malawi,2008,13976415.0,594896.0,173106.0,53804,42.56427703384595,12.385579563858114,90.44269922810037
Malawi,2009,14395788.0,600959.0,166144.0,51334,41.74547444016263,11.541153565195597,85.42013681465791
Malawi,2010,14826466.0,603227.0,158768.0,48492,40.685824929555025,10.70841831087732,80.38764843085605
Malawi,2011,15265026.0,605872.0,151722.0,45505,39.69020426168943,9.939190408191903,75.10662318113397
Malawi,2012,15709577.0,605829.0,145130.0,42404,38.56431016570338,9.238313673245308,69.99334795792211
Malawi,2013,16161816.0,609651.0,139361.0,39629,37.721689196313086,8.62285525339479,65.00276387638174
Malawi,2014,16621534.0,606730.0,134316.0,36803,36.50264770989248,8.080842598523096,60.65795329059055
Malawi,2015,17085587.0,603052.0,130571.0,34405,35.29594856764359,7.6421723175211955,57.05146488196706
Malawi,2016,17557741.0,600917.0,126123.0,32121,34.225188764317686,7.18332728566847,53.45330553137954
Malawi,2017,18039714.0,607619.0,122949.0,30584,33.682296737076875,6.815462817204308,50.33417322368128
Malawi,2018,18528086.0,615627.0,121283.0,29452,33.22669162912996,6.545900099988741,47.84065676131814
Malawi,2019,19025748.0,625978.0,119877.0,28421,32.901623631302165,6.300777241451953,45.40255408337034
Malawi,2020,19533885.0,635555.0,120892.0,27477,32.536026499592886,6.1888354518315225,43.23307974919559
Malawi,2021,20047264.0,642826.0,125442.0,26526,32.06552275662155,6.257312718583444,41.264665710472194
Malawi,2022,20568731.0,652812.0,119362.0,26238,31.73807854261889,5.8030804136628555,40.19227587728167
Malaysia,2000,22967817.0,519149.0,101767.0,5353,22.603323598407282,4.43085209186402,10.311105289618203
Malaysia,2001,23526535.0,503496.0,102546.0,4931,21.40119656379488,4.358737910193745,9.793523682412571
Malaysia,2002,24102477.0,484203.0,103125.0,4556,20.089346003732313,4.27860588768532,9.409276687670253
Malaysia,2003,24679604.0,482490.0,105064.0,4355,19.550151615074537,4.257118550200401,9.026093805052954
Malaysia,2004,25256773.0,471853.0,106718.0,4174,18.682236246095258,4.225322055196838,8.845975335538823
Malaysia,2005,25836075.0,463500.0,108175.0,4020,17.940031525686468,4.186974995234377,8.673139158576051
Malaysia,2006,26417909.0,459539.0,110025.0,3948,17.394980049329416,4.1647883638330345,8.591218590805134
Malaysia,2007,26998383.0,461421.0,112729.0,3953,17.090690209113635,4.1753982081075005,8.567013638304282
Malaysia,2008,27570052.0,478520.0,116134.0,4003,17.35651423508378,4.212324300295117,8.365376577781493
Malaysia,2009,28124779.0,486290.0,120128.0,4023,17.290446975601125,4.271251340321643,8.272841308684118
Malaysia,2010,28655772.0,484452.0,124184.0,3979,16.90591340550867,4.333646987420196,8.2134040111301
Malaysia,2011,29162034.0,501172.0,128339.0,4063,17.185769689453075,4.40089329845785,8.10699719856656
Malaysia,2012,29662835.0,504320.0,132822.0,4077,17.001746461523318,4.477724398224242,8.084152918781728
Malaysia,2013,30174269.0,505751.0,139008.0,4108,16.76100256148707,4.606839025661235,8.122574152102517
Malaysia,2014,30696133.0,513359.0,145789.0,4168,16.723898088400905,4.749425603544264,8.119074565752232
Malaysia,2015,31232796.0,510212.0,151911.0,4168,16.33577730280696,4.863829674423001,8.169153214742108
Malaysia,2016,31789692.0,501915.0,156255.0,4142,15.788608458364429,4.915272535512455,8.25239333353257
Malaysia,2017,32355642.0,495979.0,159558.0,4120,15.32898033672149,4.931381055582207,8.30680331223701
Malaysia,2018,32910963.0,487355.0,162775.0,4055,14.808287439051846,4.945920300174747,8.320423510582636
Malaysia,2019,33440590.0,475958.0,166533.0,3953,14.232942660401626,4.979965963519184,8.305354674151921
Malaysia,2020,33889554.0,453893.0,170581.0,3746,13.393301074425471,5.033438917490622,8.253046422835338
Malaysia,2021,34282404.0,424571.0,212600.0,3515,12.384516558407048,6.201432081600812,8.278945099877289
Malaysia,2022,34695494.0,430022.0,192461.0,3455,12.394174298253255,5.547146842757161,8.034472654887425
Maldives,2000,282025.0,5617.0,1244.0,226,19.916674053718644,4.410956475489762,40.235000890154886
Maldives,2001,286778.0,5479.0,1204.0,195,19.105370704865784,4.198369470461472,35.590436210987406
Maldives,2002,291631.0,5443.0,1187.0,171,18.663996625873107,4.0702120144977725,31.416498254638984
Maldives,2003,296497.0,5470.0,1151.0,153,18.448753275749837,3.8819954333433393,27.97074954296161
Maldives,2004,301416.0,5524.0,1234.0,153,18.3268306924649,4.094009607983651,27.697320782042
Maldives,2005,306429.0,5614.0,1123.0,124,18.32072029736089,3.66479673921202,22.087638047737798
Maldives,2006,313866.0,5906.0,1147.0,116,18.816947359701274,3.6544257740564445,19.641043007111413
Maldives,2007,324489.0,6475.0,1150.0,113,19.95445146060421,3.544033850145922,17.45173745173745
Maldives,2008,336178.0,7027.0,1171.0,111,20.902617065959106,3.4832737418867383,15.796214600825389
Maldives,2009,348282.0,7407.0,1182.0,107,21.267248953434287,3.3938015745861114,14.445794518698529
Maldives,2010,360802.0,7536.0,1187.0,102,20.886802179588805,3.2898930715461665,13.535031847133759
Maldives,2011,373683.0,7623.0,1193.0,97,20.39964354814107,3.192545553316581,12.724649088285451
Maldives,2012,386821.0,7649.0,1202.0,92,19.774003996680637,3.1073804162648875,12.027716041312589
Maldives,2013,400077.0,7523.0,1217.0,86,18.803880253051286,3.0419144314719415,11.43160973016084
Maldives,2014,413623.0,7346.0,1222.0,78,17.760134228512438,2.954381163523305,10.618023414102913
Maldives,2015,428165.0,7135.0,1227.0,70,16.66413648943748,2.865717655576705,9.810791871058164
Maldives,2016,443316.0,6877.0,1225.0,63,15.512636584287506,2.7632659322018602,9.160971353787989
Maldives,2017,458297.0,6573.0,1234.0,56,14.34222785660827,2.6925770842925005,8.519701810436635
Maldives,2018,473106.0,6337.0,1247.0,50,13.394461283517858,2.635772955743533,7.890168849613381
Maldives,2019,487737.0,6144.0,1257.0,44,12.596952865991303,2.577208618579275,7.161458333333333
Maldives,2020,502127.0,6081.0,1490.0,43,12.110482009531452,2.9673767791813623,7.071205393849696
Maldives,2021,516163.0,6036.0,1603.0,37,11.69398038991559,3.1056081121661183,6.129887342611001
Maldives,2022,524116.0,5973.0,1219.0,35,11.396332109685643,2.3258210014576925,5.859701992298677
Mali,2000,11559291.0,544335.0,185183.0,97394,47.09069094289607,16.020273215718856,178.9229059310902
Mali,2001,11912162.0,561537.0,185061.0,97590,47.13980551977047,15.535467029410782,173.79086329128802
Mali,2002,12288051.0,581816.0,185077.0,97790,47.34811077851158,15.061542306424347,168.07719278947297
Mali,2003,12684951.0,603368.0,185612.0,98055,47.56565476681778,14.632456995695135,162.5127616976704
Mali,2004,13102415.0,625950.0,186241.0,98265,47.77363562366174,14.214249815778237,156.9853822190271
Mali,2005,13538648.0,648384.0,187422.0,98477,47.89134040562987,13.843479792073774,151.88067564899814
Mali,2006,13990143.0,665964.0,188296.0,98305,47.60237261334641,13.459190517209151,147.61308419073706
Mali,2007,14457776.0,685214.0,189413.0,98030,47.394149694946165,13.1011159669371,143.0647943562157
Mali,2008,14940786.0,705248.0,190581.0,97681,47.20287138842628,12.755754616925776,138.5058872907119
Mali,2009,15435536.0,725696.0,191964.0,97466,47.01462910001959,12.43649718415998,134.30692741864362
Mali,2010,15945201.0,747705.0,193249.0,97237,46.89216523517013,12.119571274140727,130.04727800402566
Mali,2011,16469054.0,765429.0,194536.0,96868,46.476804314321875,11.812214593503672,126.55386717775261
Mali,2012,16957039.0,784755.0,196004.0,96410,46.27901132974926,11.558857651975678,122.85362947671565
Mali,2013,17459619.0,793729.0,195854.0,95314,45.460843103162794,11.217541459524403,120.08380694166397
Mali,2014,18020267.0,810613.0,196181.0,94368,44.983406738645996,10.886686640103612,116.41560152625236
Mali,2015,18593022.0,826908.0,196904.0,93492,44.47410431720029,10.590209595836544,113.06215443555995
Mali,2016,19191298.0,842699.0,197047.0,92484,43.910474424397975,10.267518122015508,109.74737124406224
Mali,2017,19813016.0,860760.0,198779.0,91774,43.44416821749905,10.032748169183328,106.619731400158
Mali,2018,20442031.0,870518.0,199805.0,90654,42.58471186155622,9.774224488750653,104.13799599778523
Mali,2019,21068405.0,866734.0,199617.0,88583,41.139042086954376,9.47470869294567,102.20321344264792
Mali,2020,21713837.0,889380.0,206316.0,87420,40.95913587266958,9.501591082220981,98.29319301086149
Mali,2021,22388637.0,911381.0,207688.0,86441,40.70730165485286,9.2764914630578,94.84617300558163
Mali,2022,23072641.0,930870.0,204388.0,86121,40.345186318289265,8.858457079100742,92.5166779464372
Malta,2000,399905.0,4490.0,3138.0,31,11.227666570810568,7.846863630112153,6.904231625835189
Malta,2001,402788.0,4059.0,2887.0,26,10.077261487432596,7.167542230652353,6.405518600640552
Malta,2002,405571.0,4003.0,3115.0,28,9.870035086335069,7.680529426413624,6.994753934549088
Malta,2003,408236.0,4099.0,3110.0,26,10.040760736436766,7.618142447015942,6.343010490363503
Malta,2004,410800.0,3954.0,3075.0,31,9.625121713729309,7.48539435248296,7.8401618614061706
Malta,2005,413324.0,3936.0,3055.0,28,9.522795676031395,7.391295932488798,7.113821138211382
Malta,2006,415463.0,3911.0,3148.0,18,9.413593990319233,7.577088693818703,4.602403477371516
Malta,2007,417201.0,3923.0,3118.0,27,9.403141411453952,7.473615835053128,6.88248789191945
Malta,2008,418969.0,4133.0,3191.0,42,9.864691659764803,7.616315288243283,10.162109847568352
Malta,2009,420800.0,4139.0,3135.0,26,9.836026615969581,7.45009505703422,6.281710558105823
Malta,2010,422654.0,4047.0,2910.0,26,9.575208089832344,6.885064378900945,6.424511984185817
Malta,2011,424635.0,4262.0,3184.0,31,10.036855181508825,7.498204340198052,7.273580478648522
Malta,2012,426616.0,4213.0,3226.0,26,9.87539145273501,7.561835467961821,6.171374317588417
Malta,2013,428457.0,4067.0,3121.0,30,9.49220108435619,7.284278235622245,7.376444553725104
Malta,2014,434494.0,4113.0,3045.0,23,9.466183652708668,7.008152011305104,5.5920252856795525
Malta,2015,444978.0,4231.0,3098.0,28,9.508335243540131,6.962141948590717,6.617820846135665
Malta,2016,455276.0,4361.0,3136.0,35,9.57880494469289,6.888129398430842,8.025682182985554
Malta,2017,467902.0,4205.0,3159.0,32,8.98692461241884,6.751413757581716,7.609988109393579
Malta,2018,484560.0,4286.0,3364.0,28,8.84513785702493,6.9423807165263325,6.532897806812879
Malta,2019,504017.0,4241.0,3527.0,35,8.414398720678072,6.99777983679122,8.25277057297807
Malta,2020,518212.0,4393.0,3926.0,20,8.477225537038896,7.5760499563885055,4.552697473252903
Malta,2021,524383.0,4345.0,4008.0,19,8.285928414918104,7.643268374451498,4.372842347525892
Malta,2022,528194.0,4285.0,4110.0,37,8.112549555655686,7.781231895856447,8.634772462077013
Marshall Islands,2000,50721.0,1935.0,344.0,79,38.149878748447385,6.782200666390647,40.82687338501292
Marshall Islands,2001,51137.0,1934.0,335.0,79,37.81997379588165,6.551029587187359,40.847983453981385
Marshall Islands,2002,51441.0,1934.0,336.0,78,37.596469742034564,6.53175482591707,40.33092037228542
Marshall Islands,2003,51657.0,1941.0,340.0,78,37.57477205412626,6.581876609172038,40.1854714064915
Marshall Islands,2004,51803.0,1938.0,341.0,76,37.410960755168624,6.582630349593653,39.21568627450981
Marshall Islands,2005,51928.0,1930.0,346.0,76,37.16684640271144,6.663071945771068,39.37823834196892
Marshall Islands,2006,52011.0,1900.0,347.0,73,36.53073388321701,6.671665609198055,38.421052631578945
Marshall Islands,2007,52050.0,1852.0,346.0,71,35.58117195004803,6.64745437079731,38.33693304535637
Marshall Islands,2008,52049.0,1786.0,345.0,69,34.31381966992642,6.628369421122404,38.63381858902576
Marshall Islands,2009,52036.0,1706.0,339.0,65,32.784995003459144,6.5147205780613415,38.10082063305978
Marshall Islands,2010,52064.0,1610.0,341.0,61,30.923478795328826,6.549631223110018,37.88819875776397
Marshall Islands,2011,51927.0,1517.0,332.0,58,29.214089009571126,6.393591002753866,38.233355306526036
Marshall Islands,2012,51438.0,1425.0,330.0,55,27.703254403359384,6.415490493409542,38.59649122807018
Marshall Islands,2013,50696.0,1338.0,323.0,50,26.392614801956764,6.371311346062806,37.36920777279522
Marshall Islands,2014,49815.0,1279.0,317.0,47,25.674997490715647,6.363545116932651,36.74745895230649
Marshall Islands,2015,48823.0,1228.0,316.0,44,25.152079962312843,6.472359338836204,35.83061889250815
Marshall Islands,2016,47730.0,1179.0,312.0,41,24.70144563167819,6.536769327467002,34.77523324851569
Marshall Islands,2017,46544.0,1135.0,308.0,37,24.385527672739773,6.6173942935716745,32.59911894273128
Marshall Islands,2018,45307.0,1090.0,306.0,35,24.058092568477278,6.753923234820227,32.11009174311927
Marshall Islands,2019,44030.0,1045.0,303.0,33,23.73381785146491,6.8816715875539405,31.578947368421055
Marshall Islands,2020,42728.0,1001.0,312.0,30,23.427260812581913,7.3020033701554015,29.970029970029973
Marshall Islands,2021,41387.0,959.0,309.0,29,23.17152729117839,7.4661125474182715,30.239833159541188
Marshall Islands,2022,40094.0,881.0,277.0,26,21.973362597894948,6.9087644036514195,29.511918274687854
Martinique,2000,421388.0,5816.0,2792.0,42,13.802006701662126,6.62572261193959,7.2214580467675376
Martinique,2001,417157.0,5675.0,2903.0,41,13.60399082359879,6.959010636283222,7.224669603524229
Martinique,2002,412479.0,5471.0,2866.0,41,13.263705546221747,6.948232516079607,7.494059586912813
Martinique,2003,408417.0,5320.0,2764.0,41,13.025902447743361,6.767592925857641,7.706766917293233
Martinique,2004,405104.0,5286.0,2845.0,41,13.048501125636873,7.022887949761048,7.756337495270526
Martinique,2005,401849.0,5322.0,2752.0,43,13.243780624065257,6.848343532023223,8.07966929725667
Martinique,2006,400459.0,5338.0,2765.0,44,13.32970416447127,6.904576997894916,8.242787560884226
Martinique,2007,400812.0,5375.0,2944.0,48,13.410277137411054,7.34508946837919,8.930232558139535
Martinique,2008,400699.0,5383.0,2852.0,47,13.434024042984884,7.117562060299626,8.73119078580717
Martinique,2009,399527.0,5221.0,2799.0,48,13.06795285425015,7.0057843399820285,9.19364106493009
Martinique,2010,397389.0,5035.0,2913.0,48,12.670204761581221,7.330348852132294,9.533267130089374
Martinique,2011,394576.0,4822.0,2891.0,44,12.220712866469324,7.326852114674993,9.124844462878473
Martinique,2012,391741.0,4645.0,2934.0,41,11.857324099341147,7.489642391273827,8.82669537136706
Martinique,2013,389470.0,4460.0,2995.0,39,11.451459675969907,7.689937607517909,8.74439461883408
Martinique,2014,387027.0,4323.0,3088.0,38,11.169763349843809,7.978771506897452,8.790191996298867
Martinique,2015,383737.0,4148.0,3154.0,36,10.809486705738564,8.219170942598707,8.678881388621022
Martinique,2016,378892.0,4028.0,3310.0,34,10.630997751338112,8.735998648691448,8.440913604766633
Martinique,2017,371510.0,3916.0,3342.0,34,10.540766062824687,8.995720169039863,8.682328907048008
Martinique,2018,364100.0,3827.0,3409.0,32,10.510848667948366,9.36281241417193,8.361640972040762
Martinique,2019,359621.0,3807.0,3506.0,32,10.586144858058901,9.749152580077359,8.405568689256633
Martinique,2020,356625.0,3825.0,4006.0,32,10.725552050473185,11.233087977567472,8.366013071895425
Martinique,2021,353286.0,3829.0,5227.0,32,10.838244368585226,14.79537824878427,8.35727343954035
Martinique,2022,349462.0,3819.0,3855.0,32,10.928226817221901,11.03124230960734,8.379156847342237
Mauritania,2000,2613450.0,99085.0,23156.0,9414,37.913486005089055,8.860318735770724,95.00933541908464
Mauritania,2001,2678766.0,101747.0,22978.0,9172,37.982787596975626,8.577830239744719,90.14516398517893
Mauritania,2002,2738659.0,103671.0,22679.0,8880,37.854658064403054,8.281060183104213,85.65558352866279
Mauritania,2003,2802050.0,106230.0,22423.0,8554,37.911529059081744,8.00235541835442,80.52339263861433
Mauritania,2004,2868671.0,109792.0,22215.0,8269,38.27277509341433,7.744004105036792,75.31514135820461
Mauritania,2005,2939060.0,112966.0,22024.0,8025,38.43609861656448,7.493552360278456,71.03907370359224
Mauritania,2006,3013659.0,116815.0,21825.0,7793,38.76185062742666,7.242027050837536,66.71232290373668
Mauritania,2007,3093065.0,120757.0,21860.0,7628,39.04120993254264,7.067423413345662,63.16818072658313
Mauritania,2008,3183276.0,124382.0,21947.0,7489,39.07358331479897,6.894469722386623,60.20967664131466
Mauritania,2009,3284454.0,128109.0,22835.0,7411,39.004656481716594,6.952449326432948,57.84917531164867
Mauritania,2010,3390968.0,132040.0,23920.0,7372,38.93873371851342,7.054032948703733,55.83156619206301
Mauritania,2011,3502813.0,136404.0,25239.0,7383,38.94127377053814,7.205351812957186,54.12597871030175
Mauritania,2012,3619035.0,140200.0,26709.0,7382,38.7396087631095,7.380144154450012,52.65335235378031
Mauritania,2013,3734324.0,143806.0,28250.0,7368,38.50924558233297,7.564956870373326,51.235692530214315
Mauritania,2014,3848511.0,146731.0,27943.0,7285,38.126693674514634,7.260730188896433,49.64867683039031
Mauritania,2015,3965959.0,149827.0,27735.0,7221,37.778252372250954,6.993264428603523,48.19558557536359
Mauritania,2016,4086655.0,152849.0,27507.0,7143,37.40198279522005,6.730932755517655,46.73239602483497
Mauritania,2017,4210603.0,155985.0,27428.0,7074,37.045762804044934,6.514031363203798,45.350514472545434
Mauritania,2018,4337685.0,158852.0,27260.0,6977,36.621377532024574,6.284458184492419,43.92138594414927
Mauritania,2019,4467714.0,161780.0,27316.0,6891,36.210912336823704,6.1140887711254575,42.594881938434916
Mauritania,2020,4600136.0,164387.0,29484.0,6797,35.73524782745554,6.409375722804717,41.347551813707895
Mauritania,2021,4734874.0,167340.0,29782.0,6697,35.34201754893583,6.289924504854828,40.02031791562089
Mauritania,2022,4875644.0,169886.0,27440.0,6594,34.84380730012281,5.6279744788585875,38.814263682704876
Mauritius,2000,1216632.0,20154.0,7761.0,377,16.565403507387607,6.379085869843963,18.7059640766101
Mauritius,2001,1225807.0,19357.0,7868.0,333,15.791229777607732,6.418628707455579,17.203078989512836
Mauritius,2002,1234090.0,19546.0,8085.0,319,15.838391041172038,6.551386041536679,16.320474777448073
Mauritius,2003,1242094.0,19030.0,8171.0,302,15.32090163868435,6.578407109284805,15.869679453494483
Mauritius,2004,1249799.0,18957.0,8274.0,289,15.168039020674524,6.620264538537796,15.245028221765049
Mauritius,2005,1257215.0,18421.0,8428.0,283,14.652227343771749,6.703706207768759,15.362901036860105
Mauritius,2006,1263785.0,17268.0,8522.0,278,13.66371653406236,6.743235597827162,16.099142923326383
Mauritius,2007,1269522.0,16792.0,8664.0,271,13.227025604912715,6.824615879047389,16.138637446403052
Mauritius,2008,1274635.0,16048.0,8720.0,255,12.5902709403084,6.841174140047936,15.889830508474576
Mauritius,2009,1278976.0,15284.0,8873.0,231,11.950185148118495,6.937581315052042,15.113844543313268
Mauritius,2010,1282710.0,14941.0,8791.0,221,11.647995260035394,6.853458692923576,14.791513285589987
Mauritius,2011,1286270.0,14809.0,8760.0,219,11.513134878369238,6.810389731549364,14.78830440948072
Mauritius,2012,1289174.0,14764.0,8866.0,214,11.452294259735302,6.877271803495882,14.494716878894609
Mauritius,2013,1290988.0,14073.0,9058.0,210,10.90095337834279,7.016331677753783,14.922191430398636
Mauritius,2014,1292006.0,13524.0,9188.0,198,10.467443649642494,7.111422083179181,14.640638864241348
Mauritius,2015,1292283.0,12939.0,9401.0,187,10.012512739082695,7.274722332492186,14.45243063606152
Mauritius,2016,1291807.0,13198.0,9558.0,184,10.21669645697848,7.398938076663155,13.941506288831642
Mauritius,2017,1290654.0,13565.0,9698.0,192,10.51017546143273,7.514020023956847,14.154072981938814
Mauritius,2018,1288836.0,13207.0,10314.0,206,10.247230834644594,8.002569760621212,15.597789051260694
Mauritius,2019,1286269.0,13015.0,10745.0,199,10.118412245028063,8.353618100101924,15.290049942374184
Mauritius,2020,1283231.0,13324.0,10588.0,208,10.38316561866102,8.251047551064463,15.610927649354547
Mauritius,2021,1279628.0,12954.0,12670.0,191,10.123254570859656,9.90131506969213,14.744480469353096
Mauritius,2022,1276134.0,12128.0,12246.0,182,9.503704156460058,9.5961709350272,15.006596306068602
Mayotte,2000,156511.0,5812.0,391.0,61,37.13477008005827,2.4982269616832045,10.49552649690296
Mayotte,2001,162716.0,5812.0,393.0,58,35.71867548366479,2.4152511123675606,9.979353062629045
Mayotte,2002,168093.0,5802.0,400.0,54,34.51660687833521,2.379635082960028,9.307135470527404
Mayotte,2003,171702.0,5709.0,413.0,51,33.24946709997554,2.4053301650534067,8.933263268523385
Mayotte,2004,175053.0,5543.0,413.0,48,31.664695834975692,2.3592854735422986,8.659570629622948
Mayotte,2005,179615.0,6064.0,415.0,47,33.7611001308354,2.310497452885338,7.75065963060686
Mayotte,2006,185005.0,6558.0,412.0,48,35.447690602956676,2.2269668387340884,7.319304666056725
Mayotte,2007,190773.0,7050.0,416.0,49,36.95491500369549,2.1806020768138046,6.950354609929079
Mayotte,2008,196422.0,7403.0,420.0,50,37.68926087709116,2.138253352475792,6.75401864109145
Mayotte,2009,201909.0,7519.0,425.0,50,37.23954850947704,2.104908646964722,6.6498204548477196
Mayotte,2010,207439.0,7585.0,437.0,51,36.564966086415765,2.106643398782293,6.723796967699406
Mayotte,2011,212996.0,7610.0,456.0,53,35.728370485830716,2.1408852748408425,6.964520367936925
Mayotte,2012,219008.0,7646.0,493.0,58,34.91196668614845,2.2510593220338984,7.585665707559508
Mayotte,2013,226642.0,7935.0,527.0,66,35.01116297950071,2.3252530422428324,8.31758034026465
Mayotte,2014,235785.0,8442.0,560.0,77,35.80380431325148,2.3750450622389043,9.12106135986733
Mayotte,2015,245594.0,9033.0,614.0,88,36.78021450035424,2.500061076410662,9.742056902468725
Mayotte,2016,255880.0,9430.0,661.0,96,36.85321244333281,2.5832421447553537,10.180275715800637
Mayotte,2017,265170.0,9643.0,690.0,102,36.365350529848776,2.602104310442358,10.577621072280412
Mayotte,2018,269704.0,9856.0,728.0,105,36.5437664995699,2.6992554800818676,10.65340909090909
Mayotte,2019,274918.0,9651.0,745.0,102,35.10501313118821,2.709898951687412,10.568852968604288
Mayotte,2020,284381.0,9101.0,895.0,112,32.00284125873388,3.1471863450793127,12.306339962641468
Mayotte,2021,294431.0,10503.0,1043.0,122,35.67219484361361,3.5424258994467293,11.615728839379225
Mayotte,2022,305279.0,10894.0,897.0,121,35.685389430651966,2.9382957884427032,11.107031393427576
Mexico,2000,98625553.0,2385977.0,540567.0,66928,24.192280067621017,5.4810034880108605,28.050563773246765
Mexico,2001,100099101.0,2380261.0,543803.0,64012,23.779044728883232,5.432646193295982,26.89284914553488
Mexico,2002,101548627.0,2374140.0,553391.0,61210,23.37934120960592,5.44951730366576,25.78196736502481
Mexico,2003,102978517.0,2351177.0,563140.0,58280,22.83172324184859,5.468519225228306,24.78758511162707
Mexico,2004,104394131.0,2335226.0,575925.0,55625,22.36932265856976,5.516833125417749,23.81996432036985
Mexico,2005,105811504.0,2318498.0,585859.0,53204,21.91158723157361,5.536817622401435,22.947615223304055
Mexico,2006,107253666.0,2303997.0,597892.0,50857,21.48175522503818,5.574560034153052,22.07337943582392
Mexico,2007,108774356.0,2296268.0,611318.0,48847,21.110380097308965,5.62005625664196,21.272342775320652
Mexico,2008,110374286.0,2297950.0,627177.0,47137,20.819613727784386,5.682274583411575,20.512630823124958
Mexico,2009,111999720.0,2303532.0,642292.0,45610,20.567301418253546,5.734764336910842,19.800028825299584
Mexico,2010,113623898.0,2310124.0,651368.0,44196,20.331321497173068,5.732667259840003,19.1314405633637
Mexico,2011,115243503.0,2315793.0,656666.0,42843,20.09478139518199,5.698073929599311,18.500358192636387
Mexico,2012,116818208.0,2319451.0,662847.0,41517,19.85521811805228,5.6741753819747,17.8994943199921
Mexico,2013,118343572.0,2314458.0,671786.0,40118,19.557107841902894,5.676573629195509,17.33364787781848
Mexico,2014,119784265.0,2270937.0,683362.0,38277,18.958558538552623,5.704939626252246,16.855157144385778
Mexico,2015,121072310.0,2206765.0,698389.0,36172,18.22683485596335,5.7683627247221105,16.391414581978598
Mexico,2016,122251344.0,2162620.0,717395.0,34306,17.689948668376196,5.868197244522727,15.863165974604877
Mexico,2017,123400052.0,2124252.0,740091.0,32584,17.21435255148839,5.997493420829353,15.33904640315744
Mexico,2018,124573713.0,2122316.0,756310.0,31321,17.036627944131357,6.0711845363395405,14.757934256727085
Mexico,2019,125762978.0,2122565.0,765037.0,30194,16.87750269399632,6.083165428859358,14.225241629820523
Mexico,2020,126799053.0,2100438.0,1068730.0,29075,16.565092169891837,8.428532979658769,13.842350976320176
Mexico,2021,127648151.0,2087487.0,1150760.0,27958,16.353444868935078,9.015093371779432,13.393137298579584
Mexico,2022,128613116.0,2063075.0,838627.0,28309,16.040937846494597,6.520540253452844,13.721750299916387
Micronesia (country),2000,112067.0,3602.0,772.0,140,32.14148678915292,6.88873620245032,38.86729594669628
Micronesia (country),2001,112378.0,3533.0,750.0,130,31.43853779209454,6.673904144939401,36.79592414378715
Micronesia (country),2002,112464.0,3427.0,803.0,141,30.471973253663396,7.140062597809076,41.14385760140064
Micronesia (country),2003,112298.0,3323.0,761.0,119,29.59090990044346,6.776612228178596,35.811014143845924
Micronesia (country),2004,111939.0,3242.0,767.0,115,28.962202628217156,6.851946149241997,35.471930906847625
Micronesia (country),2005,111420.0,3163.0,770.0,110,28.38808113444624,6.910788009334051,34.777110338286434
Micronesia (country),2006,110739.0,3074.0,779.0,107,27.75896477302486,7.0345587372109195,34.80806766428107
Micronesia (country),2007,109896.0,2977.0,779.0,101,27.08924801630633,7.088520055325034,33.92677191803829
Micronesia (country),2008,108947.0,2877.0,778.0,98,26.407335676980548,7.141086950535581,34.0632603406326
Micronesia (country),2009,107968.0,2788.0,774.0,94,25.82246591582691,7.1687907528156485,33.71592539454806
Micronesia (country),2010,107559.0,2711.0,764.0,90,25.204771334802295,7.103078310508652,33.198081888602
Micronesia (country),2011,107712.0,2665.0,771.0,87,24.741904337492574,7.157976827094474,32.645403377110696
Micronesia (country),2012,107908.0,2629.0,781.0,85,24.363346554472326,7.237646884382992,32.33168505135033
Micronesia (country),2013,108133.0,2598.0,787.0,81,24.025968020863196,7.27807422341006,31.17782909930716
Micronesia (country),2014,108407.0,2578.0,800.0,78,23.780752165450572,7.379597258479619,30.25601241272304
Micronesia (country),2015,108727.0,2563.0,813.0,77,23.572801604017403,7.477443505293073,30.042918454935624
Micronesia (country),2016,109088.0,2547.0,816.0,73,23.348122616603106,7.4801994719859195,28.661170003926188
Micronesia (country),2017,109495.0,2537.0,825.0,71,23.17000776291155,7.5345906205762825,27.985810011824988
Micronesia (country),2018,109925.0,2534.0,838.0,68,23.05208096429384,7.623379576984307,26.835043409629044
Micronesia (country),2019,110293.0,2525.0,843.0,66,22.893565321461924,7.64327745187818,26.138613861386137
Micronesia (country),2020,110930.0,2517.0,888.0,63,22.689984675020284,8.005048228612639,25.029797377830754
Micronesia (country),2021,111635.0,2532.0,887.0,62,22.68105880772159,7.945536794016213,24.48657187993681
Micronesia (country),2022,112122.0,2524.0,848.0,59,22.511193164588573,7.563190096502025,23.375594294770206
Moldova,2000,4234969.0,49582.0,50051.0,1520,11.707759844286935,11.818504456585162,30.656286555604854
Moldova,2001,4189769.0,48937.0,49972.0,1382,11.680118880062361,11.927149205600596,28.240390706418456
Moldova,2002,4142937.0,48403.0,50183.0,1259,11.683257553759567,12.11290444435916,26.010784455508954
Moldova,2003,4095418.0,49826.0,50276.0,1187,12.166279486001184,12.276158379926054,23.82290370489303
Moldova,2004,4046672.0,52540.0,50148.0,1154,12.983508423712127,12.392405413633721,21.964217738865624
Moldova,2005,3988668.0,52326.0,49560.0,1085,13.11866517845055,12.425200593280763,20.735389672438174
Moldova,2006,3921320.0,52146.0,48875.0,1022,13.298073097834402,12.463915212224455,19.59881870133855
Moldova,2007,3851397.0,52729.0,48055.0,981,13.690876323578172,12.477290707761366,18.6045629539722
Moldova,2008,3779503.0,53882.0,47018.0,954,14.256371803382613,12.440260002439473,17.70535614862106
Moldova,2009,3706212.0,55412.0,45719.0,941,14.951114507211136,12.335775719251894,16.98188118097163
Moldova,2010,3631990.0,53699.0,44241.0,890,14.785007667972653,12.180925608275352,16.573865435110523
Moldova,2011,3557278.0,50741.0,43348.0,830,14.26399623532375,12.18572177940549,16.357580654697383
Moldova,2012,3482629.0,49632.0,42840.0,798,14.251302679671017,12.301051877762461,16.078336557059963
Moldova,2013,3408741.0,47022.0,42806.0,755,13.794535871161816,12.557715590594887,16.056314065756453
Moldova,2014,3342715.0,51128.0,42650.0,795,15.295351233952042,12.759089542482684,15.54920982631826
Moldova,2015,3287168.0,50054.0,43047.0,776,15.227089093103851,13.095466979478992,15.503256482998362
Moldova,2016,3237798.0,48179.0,42884.0,744,14.880174736039741,13.244804030393496,15.442412669420287
Moldova,2017,3193500.0,43948.0,42322.0,682,13.761703460153436,13.25254423046814,15.518339856193682
Moldova,2018,3153779.0,41867.0,42988.0,640,13.275185103331589,13.630631696133433,15.286502495999235
Moldova,2019,3112561.0,39334.0,43324.0,596,12.637182050408008,13.919084638019946,15.152285554482127
Moldova,2020,3069135.0,37065.0,45289.0,552,12.076692618604264,14.756274976499894,14.892755969243222
Moldova,2021,3023780.0,34837.0,50500.0,512,11.521010126398085,16.700950465973055,14.697017538823664
Moldova,2022,3039986.0,32056.0,39735.0,466,10.54478540361699,13.070783878609967,14.537060144746693
Monaco,2000,32477.0,397.0,358.0,3,12.224035471256581,11.023185639067647,7.556675062972292
Monaco,2001,32466.0,408.0,351.0,3,12.56699316207725,10.81131029384587,7.352941176470588
Monaco,2002,32441.0,368.0,338.0,2,11.343670047162542,10.41891433679603,5.434782608695652
Monaco,2003,32396.0,344.0,326.0,2,10.61859488825781,10.06297073712804,5.813953488372093
Monaco,2004,32329.0,351.0,315.0,2,10.857125181725385,9.743573881035601,5.698005698005698
Monaco,2005,32235.0,346.0,315.0,2,10.733674577322786,9.771986970684038,5.780346820809248
Monaco,2006,32083.0,355.0,324.0,2,11.06505002649378,10.09880622136334,5.633802816901409
Monaco,2007,31859.0,366.0,341.0,2,11.488119526664365,10.70341190872281,5.46448087431694
Monaco,2008,31862.0,388.0,344.0,2,12.177515535747913,10.796560165714643,5.154639175257732
Monaco,2009,32390.0,383.0,356.0,2,11.82463723371411,10.991046619326953,5.221932114882507
Monaco,2010,33188.0,376.0,390.0,2,11.329396167289381,11.751235386284199,5.319148936170213
Monaco,2011,33968.0,347.0,435.0,2,10.215496938294866,12.8061705134244,5.763688760806916
Monaco,2012,34738.0,357.0,500.0,2,10.276930162933963,14.393459611952329,5.602240896358543
Monaco,2013,35476.0,359.0,571.0,2,10.11951742022776,16.095388431615742,5.571030640668524
Monaco,2014,36155.0,386.0,647.0,2,10.67625501313788,17.895173558290693,5.181347150259067
Monaco,2015,36785.0,389.0,710.0,2,10.574962620633409,19.301345657197228,5.141388174807197
Monaco,2016,37301.0,401.0,774.0,2,10.750382027291494,20.75011393796413,4.987531172069826
Monaco,2017,37700.0,377.0,792.0,2,10.0,21.007957559681696,5.305039787798409
Monaco,2018,38179.0,389.0,807.0,2,10.188847272060558,21.137274417873698,5.141388174807197
Monaco,2019,38131.0,380.0,850.0,2,9.965644750990009,22.29157378510923,5.263157894736842
Monaco,2020,38074.0,371.0,811.0,1,9.744182381677785,21.300625098492407,2.6954177897574128
Monaco,2021,38548.0,335.0,937.0,1,8.690463837293763,24.30735706132614,2.985074626865672
Monaco,2022,38950.0,338.0,909.0,1,8.677792041078305,23.337612323491655,2.9585798816568047
Mongolia,2000,2455182.0,51054.0,17381.0,3185,20.79438510057503,7.0793122465055545,62.38492576487641
Mongolia,2001,2477704.0,50190.0,17344.0,2904,20.25665696951694,7.000029059161223,57.86013150029887
Mongolia,2002,2500074.0,48562.0,17488.0,2615,19.42422504293873,6.994992948208733,53.84868827478275
Mongolia,2003,2521809.0,47027.0,17719.0,2357,18.64812124946814,7.026305322885277,50.12014374720905
Mongolia,2004,2542801.0,46781.0,17975.0,2145,18.397428662329457,7.068976298184561,45.85194844060623
Mongolia,2005,2563466.0,47594.0,17983.0,1987,18.566269262006987,7.015111571598765,41.748959952935245
Mongolia,2006,2584761.0,51590.0,17746.0,1927,19.959292174402197,6.86562510034777,37.3522000387672
Mongolia,2007,2607976.0,57086.0,17357.0,1910,21.88900511354399,6.65535265661954,33.458290999544545
Mongolia,2008,2634431.0,62960.0,17270.0,1919,23.898898851402826,6.555495285319677,30.479669631512074
Mongolia,2009,2665333.0,66143.0,17736.0,1859,24.81603612006455,6.6543279957888934,28.105770829868618
Mongolia,2010,2701739.0,64164.0,18320.0,1700,23.74914823378572,6.780817836215859,26.49460756810673
Mongolia,2011,2745183.0,66823.0,18824.0,1656,24.34191090357182,6.857102058405578,24.78188647621328
Mongolia,2012,2795463.0,71536.0,18819.0,1632,25.5900364268817,6.731979639866455,22.813688212927758
Mongolia,2013,2851887.0,76956.0,18683.0,1636,26.984238856588636,6.5511010779880126,21.258901190290555
Mongolia,2014,2913041.0,78252.0,18642.0,1582,26.862649718970655,6.399497981662462,20.216735674487552
Mongolia,2015,2976528.0,78749.0,18622.0,1515,26.456663602694146,6.256282487515656,19.23833953447028
Mongolia,2016,3040815.0,77152.0,18637.0,1421,25.372145296573454,6.128948982427408,18.418187474077147
Mongolia,2017,3104371.0,74893.0,18766.0,1325,24.125015985524925,6.045024901984975,17.69190712082571
Mongolia,2018,3167714.0,74921.0,19014.0,1250,23.651440755068165,6.002435825961561,16.684240733572697
Mongolia,2019,3232118.0,76120.0,19684.0,1204,23.551120348947656,6.09012418482246,15.81713084603258
Mongolia,2020,3290786.0,73521.0,21273.0,1117,22.341471004191703,6.464413061195715,15.192938072115451
Mongolia,2021,3339676.0,70193.0,24665.0,1017,21.017907126320036,7.385446971502624,14.488624221788498
Mongolia,2022,3386015.0,67247.0,20081.0,923,19.86021916618798,5.9305703016672995,13.725519354023227
Montenegro,2000,634198.0,9161.0,5611.0,130,14.44501559449888,8.847394662234823,14.190590546883527
Montenegro,2001,634001.0,8940.0,5655.0,119,14.100924131034493,8.919544290939603,13.31096196868009
Montenegro,2002,633767.0,8757.0,5625.0,108,13.817380835543663,8.875501564455076,12.332990750256936
Montenegro,2003,633563.0,8723.0,5734.0,103,13.76816512327898,9.050402248868698,11.807864266880662
Montenegro,2004,633756.0,8399.0,5822.0,92,13.252734490876616,9.186500798414533,10.953684962495535
Montenegro,2005,634059.0,8231.0,5972.0,87,12.981441790117325,9.418681857682014,10.569797108492285
Montenegro,2006,633876.0,8376.0,6021.0,83,13.213940896957766,9.498703216401946,9.909264565425024
Montenegro,2007,633388.0,8653.0,6187.0,81,13.66145237989984,9.768104226793056,9.360915289494972
Montenegro,2008,632855.0,9023.0,6164.0,78,14.257610353082459,9.739987832915913,8.644574975063726
Montenegro,2009,632445.0,9237.0,6145.0,67,14.605222588525484,9.716259911929102,7.253437263180686
Montenegro,2010,632088.0,8064.0,6128.0,58,12.757717279872422,9.694852615458606,7.192460317460317
Montenegro,2011,632689.0,7713.0,6174.0,51,12.190823611600646,9.758348888632487,6.6122131466355505
Montenegro,2012,633546.0,7936.0,6186.0,51,12.526320109352755,9.764089742496992,6.426411290322581
Montenegro,2013,633199.0,7947.0,6309.0,46,12.550556775989856,9.963692298945514,5.788347804202844
Montenegro,2014,631377.0,7931.0,6393.0,43,12.561433184927548,10.125487624667988,5.4217627033161016
Montenegro,2015,628145.0,7746.0,6524.0,31,12.33154765221406,10.386136958823203,4.002065582235993
Montenegro,2016,624246.0,7754.0,6631.0,38,12.421385159055886,10.622414881312816,4.900696414753676
Montenegro,2017,620112.0,7521.0,6696.0,25,12.128454214722503,10.798049384627292,3.3240260603643135
Montenegro,2018,615798.0,7263.0,6716.0,25,11.794452076817398,10.906173777764787,3.4421038138510256
Montenegro,2019,611671.0,7220.0,6885.0,29,11.803731090733416,11.256051047049803,4.016620498614959
Montenegro,2020,607934.0,7114.0,7519.0,30,11.701928169834225,12.36811890764458,4.217036828788305
Montenegro,2021,603854.0,7033.0,9135.0,24,11.646855034495093,15.127828912286745,3.4124840039812314
Montenegro,2022,614649.0,7032.0,7333.0,34,11.440675897951515,11.930386285506037,4.835039817974971
Montserrat,2000,5053.0,44.0,82.0,1,8.707698396991885,16.22798337621215,22.727272727272727
Montserrat,2001,4616.0,44.0,71.0,1,9.532062391681109,15.381282495667245,22.727272727272727
Montserrat,2002,4500.0,39.0,63.0,0,8.666666666666666,14.0,0.0
Montserrat,2003,4515.0,44.0,62.0,0,9.745293466223698,13.732004429678849,0.0
Montserrat,2004,4541.0,45.0,58.0,0,9.90971151728694,12.772517066725392,0.0
Montserrat,2005,4574.0,45.0,57.0,0,9.838216003498031,12.461740271097508,0.0
Montserrat,2006,4606.0,46.0,53.0,0,9.98697351280938,11.506730351715156,0.0
Montserrat,2007,4649.0,46.0,51.0,0,9.894600989460098,10.97010109701011,0.0
Montserrat,2008,4700.0,46.0,51.0,0,9.787234042553191,10.851063829787234,0.0
Montserrat,2009,4759.0,46.0,51.0,0,9.665896196679975,10.71653708762345,0.0
Montserrat,2010,4819.0,46.0,52.0,0,9.54554886905997,10.79062046067649,0.0
Montserrat,2011,4846.0,46.0,53.0,0,9.49236483697895,10.936855138258357,0.0
Montserrat,2012,4822.0,46.0,52.0,0,9.53961012028204,10.783907092492742,0.0
Montserrat,2013,4774.0,44.0,52.0,0,9.216589861751151,10.892333472978635,0.0
Montserrat,2014,4738.0,44.0,48.0,0,9.286618826509077,10.130856901646263,0.0
Montserrat,2015,4693.0,45.0,47.0,0,9.588749200937565,10.014915832090347,0.0
Montserrat,2016,4665.0,48.0,45.0,0,10.289389067524116,9.64630225080386,0.0
Montserrat,2017,4624.0,50.0,51.0,0,10.813148788927334,11.029411764705882,0.0
Montserrat,2018,4595.0,52.0,53.0,0,11.31664853101197,11.534276387377584,0.0
Montserrat,2019,4564.0,55.0,55.0,0,12.050832602979842,12.050832602979842,0.0
Montserrat,2020,4532.0,58.0,55.0,0,12.797881729920565,12.135922330097086,0.0
Montserrat,2021,4505.0,56.0,56.0,0,12.430632630410654,12.430632630410654,0.0
Montserrat,2022,4476.0,44.0,57.0,0,9.830205540661305,12.734584450402144,0.0
More developed regions,2000,1190682023.0,13099041.0,12198093.0,118977,11.001292324038053,10.244626830987269,9.082878662644083
More developed regions,2001,1194372829.0,12996603.0,12206889.0,114502,10.881529355353411,10.22033380499817,8.810148313370808
More developed regions,2002,1198902477.0,13041931.0,12403154.0,110895,10.878225085191811,10.345423616970308,8.502958649298176
More developed regions,2003,1203759603.0,13225512.0,12577203.0,108337,10.986838208425905,10.448268050078434,8.191516517470173
More developed regions,2004,1208237105.0,13366831.0,12283453.0,105813,11.063085999167356,10.16642590197559,7.916087216184598
More developed regions,2005,1212671953.0,13363375.0,12469434.0,103113,11.019777415434296,10.282611030256096,7.716089685427521
More developed regions,2006,1217068975.0,13670716.0,12222064.0,102103,11.232490746878172,10.042211453134774,7.46873828700706
More developed regions,2007,1222224054.0,13956258.0,12197691.0,101378,11.41873943187834,9.979914042830645,7.263981505644279
More developed regions,2008,1227883255.0,14222021.0,12298304.0,98713,11.582551469846374,10.015857737224374,6.940856014767522
More developed regions,2009,1233191443.0,14134804.0,12179113.0,95024,11.461970548233847,9.876092693581883,6.722696685429809
More developed regions,2010,1238205990.0,14030408.0,12320017.0,93556,11.331238996832829,9.9498929091758,6.668088340695438
More developed regions,2011,1243105217.0,13838773.0,12231069.0,86926,11.13242291219505,9.839126111559068,6.281337225489572
More developed regions,2012,1247815744.0,13914855.0,12358033.0,88135,11.15136995739012,9.90373222923528,6.333878434234492
More developed regions,2013,1252414796.0,13717318.0,12353576.0,84384,10.952695579620093,9.863805537474663,6.15163984679804
More developed regions,2014,1257121129.0,13764719.0,12348415.0,81577,10.949397542104315,9.82277261525528,5.926528540103143
More developed regions,2015,1262289092.0,13685909.0,12655670.0,78485,10.842135202416848,10.025967965823158,5.734730517351825
More developed regions,2016,1267865997.0,13607493.0,12580868.0,76162,10.732595583600938,9.922868844001343,5.597063323861346
More developed regions,2017,1273176412.0,13161331.0,12741549.0,71621,10.337397768252087,10.007685407856897,5.441774847847835
More developed regions,2018,1277976166.0,12845131.0,12889895.0,67796,10.05115067224188,10.086177929549901,5.277953179301948
More developed regions,2019,1282374733.0,12502448.0,12895516.0,64854,9.749449734362475,10.05596544298101,5.187304118361459
More developed regions,2020,1284376624.0,12146303.0,14525902.0,59981,9.456963614124449,11.309690419902877,4.938210416782786
More developed regions,2021,1284098923.0,12129629.0,15109324.0,61166,9.446023809179692,11.766479769876732,5.042693391529123
More developed regions,2022,1283776667.0,11775972.0,14199055.0,59595,9.172913250961898,11.060377840626385,5.060728744939271
Morocco,2000,28423439.0,644893.0,183547.0,33833,22.68877457087441,6.457592974586925,52.46296672471247
Morocco,2001,28814646.0,636432.0,183827.0,31943,22.087101122116856,6.379637632889885,50.19075093647082
Morocco,2002,29198146.0,630693.0,184541.0,30296,21.600446822890742,6.320298555942559,48.03604923473068
Morocco,2003,29571415.0,638403.0,185750.0,29045,21.588517154150384,6.281403848953458,45.49634008612115
Morocco,2004,29953021.0,649571.0,187816.0,28058,21.686326731450563,6.270352496330838,43.19466232328722
Morocco,2005,30358145.0,662341.0,188078.0,26930,21.81757152816814,6.195306070249022,40.65881471930622
Morocco,2006,30771179.0,672603.0,189409.0,25925,21.858213492567184,6.155402755286042,38.544282437039385
Morocco,2007,31186468.0,683664.0,190147.0,24779,21.921815577192007,6.09709954971496,36.24441245992183
Morocco,2008,31606769.0,690897.0,191139.0,23664,21.859146691014192,6.0474071234551054,34.25112571048941
Morocco,2009,32030779.0,701896.0,192522.0,22712,21.91317295155388,6.010531308027194,32.35807014144545
Morocco,2010,32467009.0,710089.0,194274.0,21816,21.871093823271494,5.983735674573534,30.72290938178172
Morocco,2011,32912585.0,707816.0,194528.0,20598,21.50593762234112,5.910444287496713,29.100783254405098
Morocco,2012,33355246.0,699725.0,195014.0,19355,20.97795950897799,5.846576577489491,27.660866769087853
Morocco,2013,33787573.0,687270.0,194975.0,17955,20.3409105472003,5.7706127634559605,26.12510367104631
Morocco,2014,34204784.0,676799.0,195522.0,16724,19.786676623948274,5.7162179419112835,24.710438401947993
Morocco,2015,34607590.0,674422.0,196775.0,15751,19.48769041704435,5.685891447511948,23.35481345507709
Morocco,2016,35023459.0,673304.0,198656.0,14945,19.224371870294135,5.672083959496977,22.19651153119542
Morocco,2017,35446395.0,670575.0,199580.0,14151,18.91800280395228,5.630473846494121,21.102784923386643
Morocco,2018,35839760.0,665650.0,201291.0,13432,18.57294803313415,5.616415958142577,20.17877262825809
Morocco,2019,36210907.0,661124.0,203826.0,12816,18.25759294016027,5.62885652104765,19.385168289156045
Morocco,2020,36584208.0,653031.0,237014.0,12198,17.850078919297637,6.478587701010229,18.679051989874907
Morocco,2021,36954443.0,645134.0,237302.0,11578,17.457549015148192,6.421474137764707,17.946659143681778
Morocco,2022,37329068.0,635906.0,207991.0,10959,17.035142693624174,5.5718240809012425,17.23367919157863
Mozambique,2000,18129652.0,790145.0,283984.0,133499,43.58302078826444,15.664062387959792,168.95506520955016
Mozambique,2001,18537735.0,798466.0,278877.0,127997,43.07246813054561,15.043747253912088,160.30363221477182
Mozambique,2002,18958338.0,805208.0,275343.0,123026,42.472499435340794,14.52358323815094,152.78785108940795
Mozambique,2003,19392477.0,813926.0,272917.0,118129,41.971224202044944,14.073344008607048,145.13481569577576
Mozambique,2004,19840312.0,826112.0,271139.0,113700,41.6380548854272,13.666065332037116,137.63266966222497
Mozambique,2005,20304577.0,839720.0,269591.0,109601,41.35619274412858,13.277351210025207,130.52088791501927
Mozambique,2006,20787088.0,854709.0,268694.0,105997,41.11730320283438,12.926004835309303,124.01530813411347
Mozambique,2007,21287638.0,878497.0,267588.0,103211,41.26794151610432,12.570112287704253,117.48588782887136
Mozambique,2008,21819037.0,922442.0,267533.0,102040,42.276934586984744,12.261448568972133,110.61942105845138
Mozambique,2009,22391751.0,960777.0,267121.0,101255,42.90763147553758,11.929437764826877,105.38865938714187
Mozambique,2010,22999234.0,984504.0,265480.0,99707,42.80594736329045,11.542993127510247,101.27637876534783
Mozambique,2011,23649045.0,1003989.0,262694.0,97701,42.45368047631522,11.108017258202182,97.3128191643534
Mozambique,2012,24337849.0,1022644.0,259557.0,95518,42.01866812469746,10.664746913336508,93.40298285620412
Mozambique,2013,25051613.0,1040984.0,256342.0,93397,41.55357181990637,10.232554686199249,89.71991884601492
Mozambique,2014,25788473.0,1051953.0,252180.0,90761,40.79159708292926,9.778787600180902,86.27856947981516
Mozambique,2015,26547576.0,1073209.0,248787.0,88740,40.42587541702489,9.371364074821747,82.68659692566872
Mozambique,2016,27337107.0,1096020.0,245602.0,86948,40.09275743772009,8.984198657158565,79.3306691483732
Mozambique,2017,28166397.0,1119768.0,243156.0,85475,39.755457540415975,8.632840046953822,76.33277607504411
Mozambique,2018,29018647.0,1144727.0,241564.0,84422,39.44797977658986,8.324440488214353,73.7485880913091
Mozambique,2019,29884378.0,1169000.0,241404.0,83730,39.11742784139593,8.07793289189422,71.62532078699743
Mozambique,2020,30783685.0,1192444.0,246483.0,82788,38.73623317026535,8.006936141660754,69.42715968213183
Mozambique,2021,31707798.0,1217662.0,266430.0,81846,38.4026036749698,8.402664858657166,67.21569696681017
Mozambique,2022,32656242.0,1240622.0,236918.0,81122,37.99034806270728,7.254907040436557,65.38816819305154
Myanmar,2000,45290850.0,1049124.0,452147.0,93604,23.16414904997367,9.98318644936008,89.22110255794358
Myanmar,2001,45771140.0,1055461.0,453963.0,91236,23.05953052513003,9.918105601040306,86.44184863296701
Myanmar,2002,46232656.0,1058373.0,455495.0,88790,22.89232528626519,9.852235181989112,83.89291865911167
Myanmar,2003,46667191.0,1038439.0,456276.0,85234,22.252014268439684,9.77723300294633,82.07896660275664
Myanmar,2004,47068779.0,1013424.0,456954.0,81099,21.530705098596247,9.708218689930327,80.02474778572444
Myanmar,2005,47438362.0,994616.0,457142.0,77015,20.966491212323056,9.636546894262494,77.43189331360043
Myanmar,2006,47785141.0,984324.0,457144.0,73410,20.598955646065793,9.56665587739921,74.57910200299901
Myanmar,2007,48125047.0,980431.0,456705.0,70179,20.372572311461848,9.4899647578526,71.5797440105423
Myanmar,2008,48390790.0,967497.0,594207.0,99785,19.993411969509072,12.279340758851014,103.13727070988334
Myanmar,2009,48660458.0,957663.0,452550.0,63121,19.680517598087548,9.300159073718543,65.91149496221531
Myanmar,2010,49024376.0,949345.0,451594.0,60122,19.364754382595304,9.211621581884081,63.32998014420468
Myanmar,2011,49419825.0,943237.0,450936.0,57314,19.08620680061089,9.124597264356966,60.76309559527457
Myanmar,2012,49837451.0,937884.0,450678.0,54665,18.818859736626578,9.042958477150046,58.285459609077456
Myanmar,2013,50262658.0,939101.0,451484.0,52385,18.68387063811866,8.982493524317794,55.78207242884418
Myanmar,2014,50681635.0,940171.0,452077.0,50340,18.550526240915474,8.919937172508346,53.543451138144015
Myanmar,2015,51089060.0,950670.0,454923.0,48835,18.60809339612042,8.904509106254842,51.36903447042612
Myanmar,2016,51495701.0,955836.0,456297.0,47232,18.561471762468095,8.860875590372098,49.41433467666001
Myanmar,2017,51894939.0,951790.0,459518.0,45528,18.340709486140835,8.854774836521148,47.83408104728985
Myanmar,2018,52272250.0,943745.0,461395.0,43576,18.054417018590172,8.826767548747185,46.17348966087238
Myanmar,2019,52640718.0,935659.0,465707.0,41819,17.774434611625168,8.846896807144613,44.69470180909926
Myanmar,2020,53016525.0,925479.0,476824.0,40003,17.456425142915347,8.99387502292917,43.22410341023406
Myanmar,2021,53387103.0,918313.0,524224.0,38838,17.20102699710078,9.819300365483402,42.292769458779304
Myanmar,2022,53756791.0,909108.0,493467.0,37382,16.911500539531833,9.179621603529124,41.119426954773246
Namibia,2000,1818650.0,57491.0,22216.0,4369,31.611909933192205,12.21565446897424,75.99450348750239
Namibia,2001,1857059.0,56604.0,23661.0,4345,30.480453232772895,12.741113771829543,76.76135962122818
Namibia,2002,1889976.0,56012.0,24072.0,4217,29.63635517064767,12.736669671995834,75.28743840605584
Namibia,2003,1917469.0,55660.0,24545.0,4095,29.02784869012224,12.800728460277584,73.57168523176429
Namibia,2004,1942087.0,56160.0,24690.0,3966,28.917345103489183,12.713127681715598,70.61965811965811
Namibia,2005,1966581.0,57653.0,24743.0,3842,29.316361746604894,12.58173449250247,66.64007076821675
Namibia,2006,1991890.0,59226.0,24537.0,3712,29.73356962482868,12.318451320103017,62.67517644277851
Namibia,2007,2018607.0,60516.0,24080.0,3579,29.979089540460325,11.929018377524699,59.1413840967678
Namibia,2008,2047059.0,61954.0,23808.0,3464,30.264882448429674,11.63034382497036,55.91245117345127
Namibia,2009,2077400.0,63602.0,23663.0,3388,30.616154808895736,11.390680658515452,53.26876513317191
Namibia,2010,2109815.0,65416.0,23365.0,3274,31.005562099046596,11.074430696530264,50.04891769597652
Namibia,2011,2146331.0,66840.0,23284.0,3314,31.14151545125146,10.848280158093043,49.58108916816278
Namibia,2012,2194656.0,68806.0,22603.0,3247,31.35161045740198,10.299108379627604,47.19065197802517
Namibia,2013,2252505.0,70227.0,22424.0,3259,31.177289284596483,9.955138834320014,46.40665271191992
Namibia,2014,2312143.0,71703.0,22118.0,3261,31.011490206271844,9.566017326782989,45.479268649847285
Namibia,2015,2374305.0,72815.0,21970.0,3252,30.667921770791875,9.253234104295784,44.66112751493511
Namibia,2016,2439219.0,73932.0,21706.0,3242,30.309701588910222,8.898749968739994,43.85110642211762
Namibia,2017,2506854.0,74332.0,21359.0,3215,29.651507427237487,8.52024090752792,43.25189689501157
Namibia,2018,2577327.0,74916.0,20942.0,3195,29.067324402375018,8.125472631140713,42.64776549735704
Namibia,2019,2650499.0,75237.0,20468.0,3163,28.385975621948923,7.722319457581383,42.04048539947101
Namibia,2020,2728760.0,75551.0,20516.0,3118,27.686934724930005,7.518433281050734,41.27013540522296
Namibia,2021,2810552.0,75946.0,25790.0,3094,27.02173807849846,9.176133371665069,40.739472783293394
Namibia,2022,2889668.0,76123.0,21591.0,3035,26.34316468189425,7.471792607316827,39.8696845894145
Nauru,2000,10187.0,287.0,79.0,13,28.17316187297536,7.75498183959949,45.29616724738676
Nauru,2001,10147.0,283.0,77.0,11,27.89001675372031,7.588449788114714,38.869257950530034
Nauru,2002,10105.0,280.0,74.0,11,27.709054923305295,7.3231073725878275,39.285714285714285
Nauru,2003,10086.0,280.0,72.0,11,27.76125322228832,7.138607971445568,39.285714285714285
Nauru,2004,10084.0,283.0,73.0,11,28.064260214200715,7.2391907973026575,38.869257950530034
Nauru,2005,10071.0,286.0,72.0,11,28.398371561910437,7.149240393208221,38.46153846153847
Nauru,2006,10061.0,292.0,75.0,11,29.02295994433953,7.45452738296392,37.671232876712324
Nauru,2007,10042.0,305.0,75.0,11,30.37243576976698,7.468631746664011,36.0655737704918
Nauru,2008,10032.0,323.0,75.0,11,32.196969696969695,7.476076555023924,34.05572755417956
Nauru,2009,10041.0,343.0,76.0,12,34.15994422866248,7.568967234339209,34.98542274052478
Nauru,2010,10067.0,363.0,75.0,12,36.05840866196484,7.450084434290256,33.057851239669425
Nauru,2011,10116.0,372.0,71.0,14,36.773428232502965,7.018584420719653,37.634408602150536
Nauru,2012,10289.0,371.0,66.0,13,36.05792594032462,6.414617552726212,35.04043126684636
Nauru,2013,10539.0,372.0,69.0,13,35.29746655280387,6.54711073156846,34.946236559139784
Nauru,2014,10766.0,373.0,71.0,12,34.646108118149726,6.594835593535203,32.171581769437
Nauru,2015,10975.0,375.0,72.0,12,34.16856492027335,6.5603644646924835,32.0
Nauru,2016,11173.0,374.0,74.0,11,33.473552313613176,6.623109281303142,29.41176470588235
Nauru,2017,11351.0,365.0,76.0,11,32.15575720200863,6.6954453352127565,30.136986301369863
Nauru,2018,11499.0,352.0,77.0,10,30.61135750934864,6.696234455170015,28.409090909090907
Nauru,2019,11609.0,343.0,77.0,10,29.54604186407098,6.632784908260832,29.154518950437318
Nauru,2020,11665.0,334.0,76.0,8,28.632661808829834,6.515216459494213,23.952095808383234
Nauru,2021,11727.0,325.0,80.0,8,27.713822802080667,6.821864074358318,24.615384615384617
Nauru,2022,11822.0,314.0,78.0,8,26.560649636271357,6.597868380984605,25.477707006369428
Nepal,2000,24546509.0,759927.0,205423.0,60684,30.95865892783369,8.368725670929418,79.85503870766534
Nepal,2001,24946755.0,742840.0,200715.0,56180,29.777019095269104,8.045735808124142,75.62866835388509
Nepal,2002,25328989.0,725448.0,200413.0,52165,28.64101682068716,7.912396345546994,71.90729039159251
Nepal,2003,25688762.0,712403.0,195832.0,48467,27.732087673201224,7.623255647741997,68.03312170218263
Nepal,2004,26016652.0,698220.0,193353.0,45079,26.837427044801924,7.431894003886434,64.5627452665349
Nepal,2005,26309462.0,679767.0,190671.0,41806,25.83735843781222,7.247240555508128,61.50048472491309
Nepal,2006,26565430.0,662426.0,187100.0,38866,24.935640040458598,7.042987822896148,58.67221395295474
Nepal,2007,26788498.0,652335.0,187548.0,36472,24.351309282065756,7.00106441204729,55.90992358220853
Nepal,2008,26990036.0,640452.0,188085.0,34138,23.729201398619846,6.968682813168534,53.30297977053706
Nepal,2009,27173035.0,631403.0,190088.0,32172,23.236381213949784,6.995464437446903,50.95319471082652
Nepal,2010,27341955.0,624784.0,192149.0,30317,22.850743481949262,7.027624762018663,48.52396988399191
Nepal,2011,27464499.0,622163.0,192204.0,28727,22.65335333442638,6.998270749450045,46.17278751709761
Nepal,2012,27534916.0,623697.0,193558.0,27350,22.651131385329087,7.029547502523704,43.85142144342526
Nepal,2013,27589997.0,619613.0,194814.0,25987,22.457885733006783,7.061037375248717,41.9406952404162
Nepal,2014,27672373.0,619578.0,196401.0,24835,22.389767585165174,7.097367471882516,40.08373441277773
Nepal,2015,27823631.0,616049.0,205492.0,24778,22.14121514190581,7.385520602972344,40.22082659009267
Nepal,2016,27955471.0,613425.0,197509.0,22257,21.942932029297594,7.065128682682542,36.28316420100257
Nepal,2017,28011258.0,604268.0,198048.0,20973,21.57232638391321,7.070300091484645,34.70810964671305
Nepal,2018,28079688.0,593089.0,198515.0,19593,21.121637818767788,7.0697010593565,33.035514062813505
Nepal,2019,28414066.0,586696.0,199575.0,18541,20.648083241588868,7.023809967922226,31.60239715286963
Nepal,2020,28966580.0,584195.0,210632.0,17711,20.1678969350196,7.271552250904318,30.316931846386908
Nepal,2021,29475016.0,579915.0,228750.0,16694,19.674798480177245,7.760810036540777,28.786977401860614
Nepal,2022,29715435.0,583699.0,204695.0,16030,19.642956598145037,6.888507605559199,27.462784757212194
Netherlands,2000,16058757.0,208618.0,140610.0,1298,12.990918288383092,8.755970340668334,6.221898398028934
Netherlands,2001,16182705.0,204850.0,140384.0,1297,12.658575930291011,8.674940314366479,6.331462045399073
Netherlands,2002,16288060.0,203847.0,142560.0,1239,12.515118436449768,8.752423554431896,6.078087977748017
Netherlands,2003,16366914.0,201574.0,141893.0,1155,12.315944227482346,8.66950238756066,5.729905642592795
Netherlands,2004,16425562.0,195452.0,136529.0,1043,11.89925799799118,8.31198348038259,5.336348566399934
Netherlands,2005,16465707.0,189568.0,136474.0,1119,11.5128976848671,8.288377778130025,5.902895003376097
Netherlands,2006,16493851.0,186520.0,135429.0,995,11.308456709109352,8.210878102391007,5.334548573879476
Netherlands,2007,16531360.0,182610.0,132982.0,885,11.046278104160818,8.044226246358438,4.846393954328898
Netherlands,2008,16597259.0,185160.0,135097.0,856,11.156058961301984,8.139717528056892,4.62302873190754
Netherlands,2009,16684148.0,185665.0,134193.0,851,11.128227824399545,8.043143707428154,4.583524089085181
Netherlands,2010,16771232.0,185182.0,136031.0,836,11.041645598844498,8.110972407990063,4.5144776490155625
Netherlands,2011,16851061.0,181222.0,135660.0,753,10.754337664554178,8.050531654950392,4.1551246537396125
Netherlands,2012,16915191.0,177354.0,140720.0,776,10.484894908960827,8.31914933742102,4.375429931098255
Netherlands,2013,16967066.0,173286.0,141020.0,741,10.213079857177428,8.311395735715298,4.276167722724282
Netherlands,2014,17030085.0,176448.0,139228.0,741,10.36095826885186,8.175414274209436,4.199537540805223
Netherlands,2015,17107429.0,172414.0,147135.0,661,10.07831159199901,8.600649460535537,3.8337953994455205
Netherlands,2016,17204693.0,173884.0,148977.0,706,10.106777261297252,8.659090865498152,4.060178049734305
Netherlands,2017,17315376.0,171568.0,150189.0,697,9.908418968204906,8.673735990486144,4.062529142963723
Netherlands,2018,17421285.0,170390.0,153486.0,681,9.780564407275353,8.810257107899904,3.996713422149187
Netherlands,2019,17537505.0,171329.0,151972.0,723,9.769291583951082,8.66554278958153,4.219951088257096
Netherlands,2020,17636732.0,171111.0,168611.0,739,9.701967461999196,9.560217845346859,4.318833973268814
Netherlands,2021,17730565.0,182048.0,170891.0,696,10.267467505970622,9.638215138660275,3.8231675162594483
Netherlands,2022,17904421.0,172487.0,166817.0,695,9.633765872685858,9.317084311187722,4.0292891638210415
New Caledonia,2000,223110.0,4730.0,1151.0,104,21.200304782394333,5.158890233517099,21.987315010570825
New Caledonia,2001,227714.0,4623.0,1168.0,100,20.301782059952398,5.129241065547133,21.630975556997623
New Caledonia,2002,232239.0,4535.0,1185.0,96,19.527297310098646,5.102502163719271,21.168687982359426
New Caledonia,2003,236684.0,4427.0,1210.0,91,18.70426391306552,5.1123016342465055,20.555681048113847
New Caledonia,2004,240865.0,4425.0,1242.0,87,18.371286820418078,5.156415419425819,19.66101694915254
New Caledonia,2005,244391.0,4425.0,1274.0,84,18.1062314078669,5.212957923982471,18.983050847457626
New Caledonia,2006,247557.0,4463.0,1290.0,81,18.02817128984436,5.21092112119633,18.14922697736948
New Caledonia,2007,250730.0,4422.0,1335.0,78,17.63650141586567,5.324452598412635,17.639077340569877
New Caledonia,2008,253831.0,4403.0,1376.0,75,17.346187029953,5.4209296736805195,17.03384056325233
New Caledonia,2009,257261.0,4377.0,1424.0,73,17.013849747921373,5.53523464497145,16.67809001599269
New Caledonia,2010,261580.0,4388.0,1451.0,71,16.774982796849912,5.547060172796085,16.18049225159526
New Caledonia,2011,266550.0,4487.0,1467.0,71,16.833614706434066,5.50365785030951,15.82349008246044
New Caledonia,2012,271640.0,4560.0,1485.0,70,16.786923869827714,5.466794286555736,15.350877192982455
New Caledonia,2013,276832.0,4551.0,1521.0,68,16.43957345971564,5.4943070165298815,14.941771039332014
New Caledonia,2014,281233.0,4508.0,1562.0,67,16.029413333428153,5.554113493082249,14.862466725820763
New Caledonia,2015,283179.0,4456.0,1610.0,65,15.735630113814937,5.685449839147677,14.587073608617594
New Caledonia,2016,283432.0,4442.0,1650.0,63,15.672189449321177,5.821502159248074,14.182800540297164
New Caledonia,2017,283554.0,4346.0,1680.0,59,15.326886589503234,5.924797393089147,13.575701794753796
New Caledonia,2018,283551.0,4318.0,1717.0,56,15.228301081639634,6.055348067896075,12.968967114404817
New Caledonia,2019,283616.0,4306.0,1780.0,55,15.182500282071533,6.276091616834029,12.772875058058522
New Caledonia,2020,284187.0,4235.0,2104.0,53,14.902159493572894,7.403575814516498,12.514757969303423
New Caledonia,2021,285227.0,4206.0,1901.0,52,14.746149558071291,6.664866930550053,12.363290537327627
New Caledonia,2022,287130.0,4163.0,1951.0,50,14.498659143941769,6.794831609375544,12.010569300984866
New Zealand,2000,3857576.0,56573.0,26863.0,433,14.665427200915808,6.963699483820928,7.653827797712689
New Zealand,2001,3891763.0,55577.0,28096.0,373,14.280674337054954,7.219350201952174,6.7114093959731544
New Zealand,2002,3951116.0,53577.0,28330.0,370,13.559966348748048,7.170126111205037,6.905948448028072
New Zealand,2003,4022585.0,55356.0,28334.0,353,13.76130025841592,7.04372934319598,6.376905845798106
New Zealand,2004,4083912.0,57350.0,28713.0,383,14.042907878524316,7.03075874308751,6.678291194420226
New Zealand,2005,4135002.0,57243.0,27423.0,360,13.843524138561481,6.631919404150228,6.288978565064724
New Zealand,2006,4181943.0,58877.0,28587.0,362,14.078862385259674,6.835817704832419,6.148411094315268
New Zealand,2007,4223270.0,63621.0,28855.0,403,15.064393230837716,6.8323834374785415,6.33438644472737
New Zealand,2008,4261819.0,64045.0,29556.0,376,15.027620835141052,6.93506692799483,5.870872043094699
New Zealand,2009,4304304.0,62332.0,29371.0,373,14.481319163330472,6.823635133577925,5.984085221074247
New Zealand,2010,4347766.0,63378.0,28833.0,386,14.577141456094925,6.6316816498404005,6.090441478115435
New Zealand,2011,4382699.0,61336.0,30550.0,340,13.995029090521617,6.9705904968604955,5.543237250554324
New Zealand,2012,4411682.0,60876.0,30497.0,318,13.798818681854224,6.912782924970567,5.223733491030948
New Zealand,2013,4453857.0,58405.0,29815.0,303,13.113353212732244,6.694197860416264,5.187911993836145
New Zealand,2014,4522976.0,56707.0,31392.0,375,12.537541653990647,6.9405630275287775,6.612940201386072
New Zealand,2015,4614035.0,59854.0,31898.0,304,12.972159942436502,6.913254884282413,5.079025629030641
New Zealand,2016,4714768.0,58552.0,31403.0,245,12.418850726059055,6.660561028665674,4.184314797103429
New Zealand,2017,4812749.0,58574.0,33627.0,274,12.170591069677641,6.987067058764128,4.677843411752654
New Zealand,2018,4900840.0,57387.0,33626.0,263,11.709625288726015,6.861272761404168,4.582919476536498
New Zealand,2019,4989410.0,58824.0,34371.0,326,11.789770734415491,6.888790458190447,5.541955664354686
New Zealand,2020,5069895.0,57391.0,32749.0,257,11.319958302883984,6.459502612973247,4.47805405028663
New Zealand,2021,5107694.0,58853.0,35077.0,323,11.522420881125612,6.867482664388274,5.488250386556335
New Zealand,2022,5131731.0,58955.0,41114.0,365,11.488326258722447,8.01172158088567,6.191162751250954
Nicaragua,2000,5022636.0,140057.0,30866.0,5414,27.885158311293115,6.145378641812785,38.65569018328252
Nicaragua,2001,5087827.0,137546.0,30440.0,5045,27.034331159451767,5.982907830789058,36.67863841914705
Nicaragua,2002,5149914.0,135342.0,29526.0,4702,26.280438857813937,5.733299624032556,34.74161753188219
Nicaragua,2003,5210970.0,135094.0,28953.0,4438,25.9249237665924,5.556163247917374,32.85119990525116
Nicaragua,2004,5272909.0,135380.0,28479.0,4220,25.674632351895323,5.40100350679293,31.171517210814006
Nicaragua,2005,5342108.0,136819.0,27834.0,4041,25.611425302521027,5.210302749401547,29.53537154927313
Nicaragua,2006,5418857.0,137789.0,27719.0,3871,25.427687056513946,5.115285382138706,28.093679466430558
Nicaragua,2007,5497247.0,138398.0,28055.0,3769,25.175874396766236,5.103463606419723,27.23305250075868
Nicaragua,2008,5576597.0,138818.0,28421.0,3573,24.892958913832217,5.096477296100113,25.73873705139103
Nicaragua,2009,5656602.0,139213.0,28998.0,3419,24.610711519035636,5.1263992057422465,24.559487978852548
Nicaragua,2010,5737451.0,139679.0,29201.0,3324,24.34513166212661,5.089542376919646,23.797421230106174
Nicaragua,2011,5819051.0,139419.0,29385.0,3158,23.959061365848143,5.049792483344793,22.651145109346647
Nicaragua,2012,5901290.0,139361.0,29293.0,3029,23.615345119456933,4.963829942266861,21.734918664475714
Nicaragua,2013,5983852.0,138841.0,29816.0,2913,23.20261263146214,4.98274355716017,20.980834191629274
Nicaragua,2014,6066493.0,138535.0,30116.0,2786,22.836093274977816,4.964317934595821,20.110441404699174
Nicaragua,2015,6149417.0,138051.0,30701.0,2675,22.449445207570086,4.992505793638649,19.376896943883057
Nicaragua,2016,6232664.0,137493.0,30905.0,2569,22.06006933792677,4.958553838294508,18.68458757900402
Nicaragua,2017,6316235.0,136727.0,31261.0,2476,21.646914657228557,4.94930920081346,18.109078675023955
Nicaragua,2018,6400074.0,135740.0,30926.0,2369,21.20912976943704,4.832131628478046,17.452482687490793
Nicaragua,2019,6483660.0,134914.0,32095.0,2277,20.808308887264293,4.95013618851081,16.87741820715419
Nicaragua,2020,6565267.0,134259.0,43752.0,2185,20.4498918322743,6.664161564183147,16.274514185268774
Nicaragua,2021,6644745.0,133188.0,43972.0,2097,20.044110044854996,6.617560192302338,15.744661681232543
Nicaragua,2022,6730662.0,132560.0,31572.0,2017,19.69494233999568,4.6907718735541915,15.215751357875678
Niger,2000,11509634.0,614503.0,203712.0,134131,53.390316321092406,17.69925959417997,218.2755820557426
Niger,2001,11920648.0,631976.0,203549.0,131697,53.01523876889914,17.075330133059882,208.38924262946696
Niger,2002,12349150.0,649336.0,202566.0,128678,52.581432730187906,16.403234230696043,198.1685906834058
Niger,2003,12796979.0,667720.0,200421.0,125113,52.17793980907525,15.6615870042453,187.37344994908045
Niger,2004,13265843.0,686849.0,198530.0,121702,51.775752208133326,14.96550200390582,177.18887266342384
Niger,2005,13756192.0,707304.0,196139.0,118252,51.41713637029783,14.258233673970238,167.18695214504652
Niger,2006,14268583.0,727220.0,193865.0,115113,50.96651853936723,13.58684320650481,158.29185115920905
Niger,2007,14803604.0,748968.0,192157.0,112566,50.593625714386846,12.980420173357784,150.29480565257794
Niger,2008,15361921.0,770730.0,191015.0,110708,50.171459676169405,12.434317296645387,143.64044477313715
Niger,2009,15943673.0,794002.0,191320.0,109855,49.800444351812786,11.999744350000153,138.35607466983708
Niger,2010,16548833.0,816735.0,192042.0,109442,49.35302688715271,11.604564503128408,133.99940005019988
Niger,2011,17176286.0,838594.0,193421.0,109586,48.82277810232084,11.260932660296877,130.678254316153
Niger,2012,17836770.0,860043.0,196024.0,110461,48.21741828817661,10.989882136732154,128.43660142574268
Niger,2013,18519899.0,885168.0,199104.0,111719,47.7955090359834,10.75081456977708,126.21219926612801
Niger,2014,19215917.0,906992.0,202368.0,113160,47.2000373440414,10.531269467910379,124.76405525076296
Niger,2015,19939496.0,928715.0,207093.0,114869,46.57665369275131,10.386069938778794,123.68595317185574
Niger,2016,20685758.0,949088.0,210085.0,116404,45.881229007900025,10.156021355369235,122.64826865369702
Niger,2017,21435449.0,965813.0,213441.0,117737,45.056812199268606,9.957384144367586,121.90455088096765
Niger,2018,22188074.0,980292.0,216759.0,118700,44.181031665930085,9.769166985832118,121.08637018357796
Niger,2019,22947765.0,995141.0,219688.0,119331,43.3654867914152,9.573394184575275,119.91366047625412
Niger,2020,23717615.0,1010377.0,225947.0,119759,42.600278316348415,9.526548095160495,118.5290243146865
Niger,2021,24502145.0,1027422.0,233990.0,120330,41.931920654293734,9.54977615225116,117.11837978941466
Niger,2022,25311978.0,1061832.0,232185.0,121431,41.94978361627843,9.17292990693971,114.35989874104378
Nigeria,2000,126382490.0,5547161.0,2203966.0,967366,43.891847676050695,17.438855651601738,174.38938584980679
Nigeria,2001,129862594.0,5705335.0,2227031.0,966163,43.93362880153157,17.149133799067652,169.343780864752
Nigeria,2002,133471995.0,5848982.0,2242262.0,961805,43.82179197965835,16.79949415605873,164.43972643444621
Nigeria,2003,137202646.0,5997118.0,2245989.0,955898,43.70992961753813,16.369866511175008,159.39289505392424
Nigeria,2004,141057045.0,6132384.0,2254941.0,951687,43.47449643511248,15.986021825425311,155.1903794674306
Nigeria,2005,145017256.0,6289434.0,2275676.0,944732,43.370245538227536,15.692449731637453,150.2093829110855
Nigeria,2006,149077335.0,6435928.0,2300286.0,938338,43.1717403587876,15.430152410492179,145.79684545880565
Nigeria,2007,153267254.0,6574697.0,2309240.0,932411,42.89694522745217,15.06675391992082,141.8180944308156
Nigeria,2008,157595014.0,6745470.0,2332620.0,930504,42.80255973072854,14.801356596218204,137.94502088067992
Nigeria,2009,162049466.0,6886601.0,2358476.0,930098,42.496906469287595,14.554049810938594,135.0590806698399
Nigeria,2010,166642888.0,7022105.0,2392924.0,930912,42.13864200433204,14.35959271181138,132.56879525441445
Nigeria,2011,171379602.0,7162528.0,2434061.0,933320,41.79335181324554,14.202746252147325,130.30594784411315
Nigeria,2012,176200627.0,7244727.0,2470094.0,933704,41.11635198664759,14.018644780418404,128.8804947377589
Nigeria,2013,181049440.0,7321803.0,2510138.0,933036,40.44090387686369,13.864378702303636,127.4325463277283
Nigeria,2014,185896917.0,7415859.0,2553399.0,934264,39.892318386323744,13.735563995394285,125.98189906253613
Nigeria,2015,190671883.0,7426774.0,2603769.0,928185,38.95054626381384,13.655757519319197,124.97822069178353
Nigeria,2016,195443698.0,7382060.0,2620524.0,913578,37.77077529509292,13.408076222544663,123.75651240981516
Nigeria,2017,200254580.0,7347957.0,2641676.0,897371,36.69307838052942,13.191588427091157,122.1252383485641
Nigeria,2018,204938752.0,7314240.0,2654288.0,877160,35.68988260453543,12.95161590522421,119.92496828105176
Nigeria,2019,209485637.0,7266105.0,2656000.0,852060,34.685456740883865,12.6786735264337,117.26502713627177
Nigeria,2020,213996185.0,7218484.0,2693279.0,825599,33.73183498574986,12.585640253353114,114.37290710902732
Nigeria,2021,218529286.0,7330875.0,2689258.0,806738,33.54641903694318,12.306167512943778,110.04661790031886
Nigeria,2022,223150906.0,7406815.0,2667409.0,787808,33.191955761093794,11.953386377915939,106.36258634784316
Niue,2000,2068.0,40.0,19.0,1,19.342359767891683,9.18762088974855,25.0
Niue,2001,2007.0,38.0,21.0,1,18.933731938216244,10.46337817638266,26.31578947368421
Niue,2002,1965.0,37.0,21.0,1,18.829516539440203,10.68702290076336,27.027027027027028
Niue,2003,1928.0,37.0,22.0,1,19.19087136929461,11.410788381742737,27.027027027027028
Niue,2004,1891.0,36.0,22.0,1,19.037546271813856,11.634056054997355,27.777777777777775
Niue,2005,1849.0,36.0,21.0,1,19.46998377501352,11.357490535424553,27.777777777777775
Niue,2006,1818.0,35.0,20.0,1,19.251925192519252,11.001100110011002,28.57142857142857
Niue,2007,1810.0,34.0,18.0,1,18.784530386740332,9.944751381215468,29.41176470588235
Niue,2008,1805.0,34.0,18.0,1,18.836565096952906,9.972299168975068,29.41176470588235
Niue,2009,1801.0,33.0,18.0,1,18.323153803442533,9.994447529150472,30.303030303030305
Niue,2010,1786.0,31.0,17.0,1,17.357222844344903,9.518477043673013,32.25806451612903
Niue,2011,1776.0,29.0,17.0,1,16.32882882882883,9.572072072072071,34.48275862068965
Niue,2012,1784.0,28.0,15.0,1,15.695067264573991,8.408071748878923,35.714285714285715
Niue,2013,1786.0,28.0,16.0,1,15.677491601343785,8.958566629339305,35.714285714285715
Niue,2014,1792.0,27.0,15.0,1,15.066964285714286,8.370535714285714,37.03703703703704
Niue,2015,1803.0,27.0,18.0,1,14.975041597337771,9.983361064891847,37.03703703703704
Niue,2016,1806.0,27.0,18.0,1,14.950166112956811,9.966777408637872,37.03703703703704
Niue,2017,1803.0,26.0,18.0,1,14.420410427066,9.983361064891847,38.46153846153847
Niue,2018,1805.0,26.0,19.0,1,14.404432132963988,10.526315789473683,38.46153846153847
Niue,2019,1814.0,25.0,21.0,1,13.781697905181918,11.576626240352812,40.0
Niue,2020,1822.0,25.0,26.0,1,13.721185510428102,14.270032930845225,40.0
Niue,2021,1836.0,25.0,28.0,1,13.616557734204793,15.250544662309368,40.0
Niue,2022,1844.0,25.0,29.0,1,13.557483731019524,15.726681127982648,40.0
North Korea,2000,23665909.0,414658.0,253060.0,43039,17.521321492447214,10.693018383532195,103.79396997043347
North Korea,2001,23815364.0,402348.0,259004.0,41337,16.894471988754823,10.875500370265177,102.73941960690745
North Korea,2002,23943975.0,384303.0,264788.0,39366,16.050091933356928,11.058648365611809,102.43479754256407
North Korea,2003,24090382.0,369005.0,190234.0,12970,15.317523815105961,7.896678433741731,35.14857522255796
North Korea,2004,24254946.0,354091.0,198247.0,12261,14.598713186168297,8.173466970406778,34.62669200855147
North Korea,2005,24396434.0,339174.0,206416.0,11624,13.902605602113818,8.46090867214446,34.271494866941445
North Korea,2006,24524508.0,343867.0,214677.0,11413,14.0213618148833,8.753570102201438,33.19015782264655
North Korea,2007,24646384.0,341505.0,220979.0,11184,13.856190831076884,8.96598056737248,32.7491544779725
North Korea,2008,24764620.0,344804.0,222783.0,10729,13.923250185143159,8.996019321112135,31.116228350019142
North Korea,2009,24878338.0,333438.0,221920.0,10110,13.40274418652886,8.920210023676018,30.320479369477983
North Korea,2010,24987257.0,332183.0,219743.0,9602,13.294096266749088,8.794202580939556,28.90575375621269
North Korea,2011,25097877.0,333118.0,218316.0,9123,13.272756098055625,8.698584346397107,27.38669180290468
North Korea,2012,25211737.0,335720.0,216930.0,8649,13.316020232957372,8.604325834431798,25.762540212081497
North Korea,2013,25329456.0,338321.0,215809.0,8150,13.356820612333719,8.52008033650624,24.089548091900888
North Korea,2014,25451263.0,341330.0,214256.0,7702,13.411122269256342,8.418285567989297,22.564673483139483
North Korea,2015,25575355.0,343289.0,215940.0,7312,13.422648483276186,8.443284560468467,21.299837746039053
North Korea,2016,25698325.0,345838.0,220797.0,7105,13.45760861846054,8.591882934004454,20.54430108894916
North Korea,2017,25817710.0,347855.0,227686.0,6634,13.473503265781513,8.818985107509535,19.07116470943353
North Korea,2018,25931153.0,348168.0,235013.0,6408,13.426630123234396,9.062959907721805,18.404907975460123
North Korea,2019,26037633.0,349022.0,242830.0,6178,13.404521063800232,9.326116548305293,17.700889915248894
North Korea,2020,26136312.0,349983.0,254078.0,6109,13.390680368370258,9.721264423228495,17.455133535057417
North Korea,2021,26232530.0,348026.0,248321.0,6091,13.26696281296543,9.466147565637016,17.501565974955895
North Korea,2022,26328843.0,346185.0,249691.0,6164,13.148507893035786,9.48355383485708,17.805508615335732
North Macedonia,2000,2057254.0,29766.0,18013.0,460,14.468801616134908,8.755846385521671,15.453873546999933
North Macedonia,2001,2066300.0,27656.0,17566.0,407,13.384310119537336,8.501185694236074,14.716517211455018
North Macedonia,2002,2074482.0,28591.0,18549.0,391,13.782235758131428,8.941509253876388,13.675632191948514
North Macedonia,2003,2081417.0,28012.0,18461.0,414,13.4581393348858,8.86943846427698,14.779380265600457
North Macedonia,2004,2086581.0,24498.0,18184.0,372,11.740737598971716,8.71473477425511,15.184913054126868
North Macedonia,2005,2089809.0,23641.0,18628.0,340,11.31251707691947,8.91373326461892,14.381794340340932
North Macedonia,2006,2089232.0,24414.0,18704.0,317,11.685633763986,8.952572045612934,12.984353239944294
North Macedonia,2007,2081972.0,24555.0,19454.0,285,11.79410674110891,9.344025760192741,11.606597434331093
North Macedonia,2008,2070837.0,24707.0,18734.0,271,11.93092454886599,9.04658357948984,10.968551422673736
North Macedonia,2009,2060601.0,25389.0,18730.0,340,12.321162612267003,9.089581146471344,13.3916262948521
North Macedonia,2010,2051510.0,26063.0,18792.0,217,12.70430073458087,9.160082085878207,8.325979357710164
North Macedonia,2011,2040445.0,24390.0,19246.0,207,11.95327489836776,9.43225619901541,8.487084870848708
North Macedonia,2012,2027288.0,25148.0,19642.0,281,12.404749596505283,9.688805931865625,11.173850803244791
North Macedonia,2013,2013280.0,24529.0,18663.0,273,12.183600890089803,9.269947548279424,11.129683232092624
North Macedonia,2014,1997842.0,24809.0,19139.0,267,12.417898912927049,9.579836643738593,10.76222338667419
North Macedonia,2015,1980366.0,24296.0,19762.0,233,12.26843926829687,9.978963484527608,9.590055976292394
North Macedonia,2016,1961268.0,24258.0,19847.0,314,12.368528931283231,10.119473728220722,12.944183362189793
North Macedonia,2017,1940877.0,22977.0,19771.0,231,11.83846271556621,10.186632125580344,10.053531792662227
North Macedonia,2018,1919730.0,22543.0,18939.0,142,11.742797164184546,9.865449828882188,6.299072882934835
North Macedonia,2019,1897643.0,20958.0,19661.0,140,11.04422696998329,10.360747516787931,6.680026720106881
North Macedonia,2020,1872021.0,20045.0,24935.0,129,10.70767902710493,13.319829211317607,6.435520079820404
North Macedonia,2021,1851109.0,19383.0,27375.0,104,10.471020345101234,14.788432231705427,5.365526492287056
North Macedonia,2022,1840236.0,18639.0,21619.0,69,10.128592202304487,11.7479497194925,3.70191533880573
Northern America (UN),2000,312499985.0,4288161.0,2645716.0,35307,13.722115858661562,8.466291606381997,8.2335994380808
Northern America (UN),2001,315617767.0,4265692.0,2656479.0,34367,13.515373486562941,8.416760010851986,8.056606055945904
Northern America (UN),2002,318744894.0,4256465.0,2689614.0,34527,13.353829598914295,8.438139874955926,8.11166073255624
Northern America (UN),2003,321869947.0,4319824.0,2697254.0,34895,13.421023119005266,8.37994980624892,8.077875394923497
Northern America (UN),2004,325044560.0,4353504.0,2650942.0,34673,13.39356056289636,8.155626416267356,7.964389144927855
Northern America (UN),2005,328282608.0,4399943.0,2707074.0,35445,13.402912285868036,8.246169410229616,8.055786177230022
Northern America (UN),2006,331615162.0,4535742.0,2685842.0,35870,13.677728040673847,8.099273820296553,7.908298135123205
Northern America (UN),2007,335062239.0,4601611.0,2691262.0,36611,13.733600699779243,8.032125637410308,7.956126669551163
Northern America (UN),2008,338545415.0,4562952.0,2746044.0,35348,13.478108985761924,8.111301699359892,7.74673939151672
Northern America (UN),2009,341975945.0,4471020.0,2712500.0,33487,13.074077476414313,7.931844445959495,7.489789801879661
Northern America (UN),2010,345386049.0,4358462.0,2747528.0,31358,12.619102632023218,7.954947827090723,7.19473979582706
Northern America (UN),2011,348787110.0,4323035.0,2802077.0,30316,12.39448040381997,8.033774527963491,7.012665870158349
Northern America (UN),2012,352164286.0,4327062.0,2819277.0,29999,12.287055138805302,8.005573285191105,6.932879630566884
Northern America (UN),2013,355530257.0,4315054.0,2868792.0,29598,12.136952945751675,8.069051630674572,6.8592420859623076
Northern America (UN),2014,358875294.0,4371886.0,2895670.0,29114,12.182187163878716,8.068735988273408,6.659368519673203
Northern America (UN),2015,362214162.0,4368227.0,2977484.0,29404,12.059790748877456,8.220230770546182,6.731335161840262
Northern America (UN),2016,365658209.0,4337858.0,3004815.0,29181,11.863149501998464,8.217551051889554,6.727052844975562
Northern America (UN),2017,369138723.0,4251818.0,3079375.0,28069,11.518211813286248,8.34205356450778,6.601646636803363
Northern America (UN),2018,372477318.0,4191756.0,3109489.0,27199,11.253721495062955,8.348129804779147,6.488688750013122
Northern America (UN),2019,375699069.0,4146437.0,3132541.0,26535,11.036591096796144,8.337899288219957,6.3994701957367255
Northern America (UN),2020,377734350.0,4005657.0,3697452.0,24722,10.604428747345853,9.788498186622423,6.171771572054222
Northern America (UN),2021,378741971.0,4052371.0,3805244.0,26075,10.699556189403683,10.047061829331822,6.434504639382721
Northern America (UN),2022,380481768.0,4106409.0,3526220.0,25500,10.792656430255024,9.267776531147742,6.209805209369062
Northern Mariana Islands,2000,68374.0,1501.0,176.0,9,21.952789071869425,2.574077865855442,5.996002664890073
Northern Mariana Islands,2001,68003.0,1567.0,174.0,9,23.043101039660016,2.5587106451185977,5.74345883854499
Northern Mariana Islands,2002,66800.0,1415.0,164.0,8,21.182634730538922,2.4550898203592815,5.653710247349823
Northern Mariana Islands,2003,65438.0,1478.0,162.0,9,22.58626486139552,2.4756257831840824,6.089309878213802
Northern Mariana Islands,2004,63948.0,1463.0,158.0,10,22.877963345217992,2.4707574904609997,6.83526999316473
Northern Mariana Islands,2005,62372.0,1432.0,152.0,8,22.95902007310973,2.436990957480921,5.58659217877095
Northern Mariana Islands,2006,60688.0,1486.0,148.0,9,24.485895069865542,2.4387028737147376,6.056527590847914
Northern Mariana Islands,2007,58960.0,1428.0,147.0,8,24.21981004070556,2.493215739484396,5.602240896358543
Northern Mariana Islands,2008,57163.0,1300.0,143.0,8,22.741983450833583,2.501618179591694,6.153846153846154
Northern Mariana Islands,2009,55346.0,1141.0,143.0,7,20.615762656741225,2.583745889495176,6.134969325153374
Northern Mariana Islands,2010,54110.0,1118.0,150.0,7,20.661615228238773,2.772130844575864,6.2611806797853315
Northern Mariana Islands,2011,53633.0,1148.0,157.0,8,21.404732161169427,2.9273022206477353,6.968641114982578
Northern Mariana Islands,2012,53251.0,1159.0,165.0,8,21.76484948639462,3.0985333608758525,6.9025021570319245
Northern Mariana Islands,2013,52777.0,1202.0,170.0,8,22.77507247475226,3.2211001004225324,6.655574043261232
Northern Mariana Islands,2014,52199.0,1120.0,180.0,8,21.45634973850074,3.448341922259047,7.142857142857142
Northern Mariana Islands,2015,51538.0,1019.0,188.0,8,19.771818852109124,3.647793860840545,7.850834151128557
Northern Mariana Islands,2016,50795.0,933.0,190.0,7,18.36794960133871,3.740525642287627,7.502679528403001
Northern Mariana Islands,2017,49981.0,865.0,191.0,7,17.306576499069646,3.8214521518176907,8.092485549132947
Northern Mariana Islands,2018,49098.0,813.0,191.0,6,16.558719296101675,3.8901788260214265,7.380073800738007
Northern Mariana Islands,2019,48154.0,771.0,191.0,6,16.01113095485318,3.9664410017859373,7.782101167315175
Northern Mariana Islands,2020,47557.0,736.0,189.0,5,15.476165443572976,3.9741783543957774,6.793478260869565
Northern Mariana Islands,2021,47003.0,696.0,198.0,5,14.807565474544178,4.212497074654809,7.183908045977011
Northern Mariana Islands,2022,46101.0,636.0,199.0,4,13.795796186633696,4.316609184182555,6.289308176100629
Norway,2000,4490864.0,59170.0,44037.0,286,13.175638362684774,9.805908172681248,4.833530505323644
Norway,2001,4513650.0,56679.0,43948.0,272,12.557243029477252,9.736687603159305,4.7989555214453326
Norway,2002,4538016.0,55283.0,44482.0,258,12.182195919979128,9.80208090936656,4.666895790749416
Norway,2003,4564666.0,56304.0,42466.0,252,12.334746945340578,9.303199839813033,4.475703324808184
Norway,2004,4591739.0,56726.0,41225.0,230,12.353925168656145,8.97807998233349,4.0545781475866445
Norway,2005,4623120.0,56454.0,41199.0,222,12.211233971863157,8.911514302029797,3.932405144011053
Norway,2006,4660487.0,58056.0,41214.0,227,12.457067254988589,8.843281828701594,3.910017913738459
Norway,2007,4709017.0,57832.0,41817.0,215,12.281119392858425,8.880197289582942,3.7176649605754597
Norway,2008,4768097.0,59691.0,41641.0,203,12.51883088787833,8.733253539095367,3.4008476989830965
Norway,2009,4828625.0,61036.0,41358.0,227,12.640451474280981,8.565171244401874,3.7191165869323024
Norway,2010,4889160.0,60651.0,41440.0,199,12.405198438995654,8.475893609536199,3.281067088753689
Norway,2011,4952969.0,59454.0,41382.0,173,12.00370929032667,8.354988694659708,2.909812628250412
Norway,2012,5018453.0,59462.0,41895.0,181,11.848671293723385,8.348190169360956,3.043960848945545
Norway,2013,5080126.0,58331.0,41131.0,174,11.48219552034733,8.09645272577885,2.9829764619156194
Norway,2014,5137397.0,58538.0,40416.0,171,11.394486351745837,7.867019037072666,2.92117940483105
Norway,2015,5189777.0,58610.0,40757.0,169,11.293356149984865,7.853323948215887,2.8834669851561165
Norway,2016,5235974.0,58544.0,40644.0,151,11.181109761049234,7.762452601941874,2.579256627493851
Norway,2017,5276807.0,56370.0,40712.0,160,10.682596502013434,7.715271754301417,2.838389214120986
Norway,2018,5311751.0,54921.0,40811.0,142,10.339528340089737,7.683153822534226,2.5855319458859087
Norway,2019,5347733.0,54260.0,40591.0,141,10.146355474366427,7.590319112790411,2.5985993365278293
Norway,2020,5379275.0,53029.0,40593.0,113,9.858019900451268,7.5461841976846324,2.130909502347772
Norway,2021,5408082.0,56033.0,41912.0,123,10.360974556228992,7.749882490687086,2.195135009726411
Norway,2022,5456796.0,51078.0,45619.0,120,9.360437883329338,8.36003398331182,2.3493480559144837
Oceania (UN),2000,31352628.0,574233.0,215501.0,17310,18.3153067742838,6.8734589011166785,30.144558045253408
Oceania (UN),2001,31846890.0,575216.0,218475.0,17362,18.061920645940624,6.860167507722104,30.183444132291175
Oceania (UN),2002,32365688.0,582419.0,225700.0,17497,17.994951937990628,6.9734343357694115,30.041945746962238
Oceania (UN),2003,32894224.0,589771.0,226035.0,17467,17.92931792523818,6.871571130542553,29.616579994608077
Oceania (UN),2004,33418745.0,599684.0,228660.0,17488,17.94453980842189,6.84226771531965,29.162025333342225
Oceania (UN),2005,33955854.0,614254.0,228341.0,17589,18.08978210355128,6.724643120446919,28.634734165345282
Oceania (UN),2006,34540031.0,627216.0,234012.0,17503,18.159103563051232,6.775095251072589,27.905856993444047
Oceania (UN),2007,35189700.0,654921.0,240959.0,17498,18.611156105337642,6.847429787693558,26.717726260113817
Oceania (UN),2008,35890030.0,669517.0,245661.0,17370,18.65467930787464,6.844825707863716,25.94407610262323
Oceania (UN),2009,36593205.0,670575.0,245835.0,17311,18.325123475792843,6.7180505233143695,25.81515863251687
Oceania (UN),2010,37253763.0,678428.0,247424.0,17166,18.210992537854498,6.641584099839793,25.30261133090026
Oceania (UN),2011,37889767.0,680231.0,253978.0,16868,17.95289477499294,6.703076321371942,24.797458510417787
Oceania (UN),2012,38550173.0,689709.0,258465.0,16602,17.891203756725034,6.704639172436399,24.071021256790907
Oceania (UN),2013,39233594.0,688743.0,257705.0,16473,17.55493009383744,6.568478024215676,23.917484460822106
Oceania (UN),2014,39918439.0,683419.0,266245.0,16245,17.120383890762863,6.669724735478759,23.77019076145088
Oceania (UN),2015,40614682.0,693079.0,271188.0,15855,17.064740282836635,6.677092781373987,22.876180060281726
Oceania (UN),2016,41346915.0,697154.0,273457.0,15508,16.8610886688886,6.6137219669230465,22.2447264162581
Oceania (UN),2017,42093651.0,695909.0,282408.0,15291,16.532398199433924,6.709040277831923,21.972700453651267
Oceania (UN),2018,42815157.0,701837.0,279438.0,14947,16.392255667776716,6.526613927866713,21.29696781446404
Oceania (UN),2019,43504185.0,694705.0,287025.0,14677,15.96869358660552,6.597641123491912,21.126953167171678
Oceania (UN),2020,44078974.0,684199.0,287814.0,14210,15.522117189025316,6.529507696798931,20.768811413053804
Oceania (UN),2021,44558212.0,694461.0,305474.0,13976,15.585477262866831,6.855616199321463,20.124960220948335
Oceania (UN),2022,45049349.0,693814.0,339211.0,13827,15.401199249294368,7.5297647475438545,19.92897231822938
Oman,2000,2282139.0,54409.0,7199.0,912,23.841229653408494,3.1544967243450115,16.761932768475805
Oman,2001,2310223.0,53724.0,7071.0,847,23.254897903795435,3.060743486667737,15.765765765765764
Oman,2002,2337144.0,53361.0,6964.0,796,22.831712551729805,2.9797051443984626,14.917261670508424
Oman,2003,2363801.0,53151.0,6876.0,762,22.485395344193527,2.9088743087933375,14.336512953660327
Oman,2004,2404822.0,52390.0,6736.0,711,21.78539617485203,2.801038912651331,13.57129223134186
Oman,2005,2459808.0,51491.0,6801.0,682,20.932934603025927,2.764849939507474,13.245033112582782
Oman,2006,2514794.0,50825.0,6856.0,659,20.210402919682487,2.726267042151365,12.96606000983768
Oman,2007,2570175.0,51169.0,6959.0,670,19.908761076580387,2.7075977316719677,13.09386542633235
Oman,2008,2626536.0,54029.0,6887.0,665,20.570439544708314,2.62208475345474,12.308204852949343
Oman,2009,2684665.0,58852.0,6845.0,701,21.92154328379891,2.5496663457079376,11.911234962278257
Oman,2010,2757450.0,64393.0,6775.0,746,23.352372663148923,2.4569801809642966,11.585110182783843
Oman,2011,3076762.0,66403.0,6715.0,764,21.582104823187496,2.182489253312411,11.50550426938542
Oman,2012,3547104.0,73376.0,7808.0,829,20.686171028534826,2.201232329246619,11.29797208896642
Oman,2013,3833915.0,80308.0,8402.0,882,20.946734604183977,2.191493551630644,10.982716541315932
Oman,2014,4002444.0,84715.0,8454.0,922,21.165817685394224,2.1122094400321405,10.883550728914596
Oman,2015,4184898.0,87851.0,8604.0,952,20.99238738913111,2.0559640880136145,10.836530033807243
Oman,2016,4390880.0,90204.0,8861.0,971,20.54349014320592,2.018046496374303,10.7644893796284
Oman,2017,4537397.0,91449.0,9042.0,977,20.154507088535563,1.9927725081142338,10.683550394208794
Oman,2018,4597878.0,88598.0,9156.0,954,19.269323805459823,1.9913534025913695,10.76773742070927
Oman,2019,4591248.0,86580.0,9195.0,932,18.857617798036614,2.0027234425149762,10.764610764610765
Oman,2020,4522502.0,85276.0,11053.0,916,18.855934170952274,2.444001130347759,10.74159200712979
Oman,2021,4500429.0,82526.0,12539.0,876,18.337362949176622,2.786178828729439,10.614836536364297
Oman,2022,4730229.0,77354.0,10073.0,831,16.35311947899351,2.1294952104855813,10.742818729477467
Pakistan,2000,154879124.0,5659445.0,1378248.0,608092,36.541044744028895,8.898862315362784,107.44728502529841
Pakistan,2001,159270910.0,5687528.0,1383302.0,597870,35.70977273878827,8.685214393513544,105.11948248870159
Pakistan,2002,163222552.0,5693696.0,1386147.0,585736,34.883022782292976,8.492374264556286,102.87447731666742
Pakistan,2003,167110250.0,5731005.0,1390290.0,575686,34.294754510869325,8.319597391542409,100.45114251339861
Pakistan,2004,171285999.0,5688373.0,1393797.0,562394,33.20979550698712,8.137250027073142,98.86728595329456
Pakistan,2005,175453212.0,5770093.0,1475667.0,571468,32.88679035411447,8.4106012262688,99.03965152728041
Pakistan,2006,179682690.0,5958562.0,1420199.0,556272,33.16158056182262,7.903927751749487,93.35675285412823
Pakistan,2007,184493231.0,6136679.0,1446378.0,560285,33.26235313207778,7.839734781380678,91.30101150801597
Pakistan,2008,189499112.0,6363985.0,1478128.0,566756,33.583191672159394,7.800184309043095,89.05677810365675
Pakistan,2009,194376535.0,6532790.0,1504762.0,571810,33.60894358982168,7.741479700726222,87.52921799108803
Pakistan,2010,199239048.0,6679478.0,1532273.0,573563,33.524944367331045,7.690625986126976,85.86943470732292
Pakistan,2011,203746069.0,6732852.0,1543476.0,566239,33.045309944114805,7.5754884870932155,84.10091295635193
Pakistan,2012,207667129.0,6745039.0,1553679.0,555129,32.48005128438021,7.481583664596239,82.30182212437911
Pakistan,2013,211073979.0,6733732.0,1557087.0,541060,31.902236513957032,7.376972791136894,80.35068814737504
Pakistan,2014,214264649.0,6707146.0,1558204.0,524998,31.303091906682187,7.2723335709942525,78.27442551571114
Pakistan,2015,217290884.0,6670207.0,1556593.0,507804,30.69713223680382,7.163636924593671,76.13017107265186
Pakistan,2016,220138863.0,6594506.0,1549589.0,487897,29.95611910651142,7.039143288388838,73.9853750986048
Pakistan,2017,223273974.0,6639809.0,1549528.0,473606,29.7383921692548,6.940029651642247,71.32825658087454
Pakistan,2018,226928893.0,6658753.0,1554977.0,460389,29.342905224501315,6.852265392225749,69.14042313928749
Pakistan,2019,230800908.0,6689991.0,1562916.0,447895,28.98598215220193,6.771706461397457,66.95001532886965
Pakistan,2020,235001745.0,6726852.0,1715720.0,436047,28.62468957411359,7.300881957280786,64.82185129091587
Pakistan,2021,239477805.0,6797293.0,1731350.0,426030,28.383812019656688,7.229688780553171,62.67642133419878
Pakistan,2022,243700667.0,6855375.0,1587285.0,417327,28.1303087282892,6.513256691250665,60.875882063344456
Palau,2000,19206.0,276.0,188.0,7,14.37050921587004,9.788607726752057,25.36231884057971
Palau,2001,19379.0,280.0,191.0,7,14.448629960266267,9.856029722895919,25.0
Palau,2002,19527.0,282.0,196.0,7,14.44154247964357,10.037384134787729,24.822695035460995
Palau,2003,19683.0,281.0,197.0,6,14.276279022506731,10.0086368947823,21.352313167259787
Palau,2004,19841.0,278.0,199.0,6,14.011390554911548,10.0297364044151,21.58273381294964
Palau,2005,19837.0,276.0,202.0,6,13.913394162423755,10.182991379744921,21.73913043478261
Palau,2006,19616.0,271.0,195.0,6,13.815252854812398,9.940864600326265,22.14022140221402
Palau,2007,19324.0,265.0,187.0,6,13.713516870213205,9.677085489546677,22.641509433962263
Palau,2008,19031.0,260.0,181.0,5,13.661920025222006,9.51079817140455,19.230769230769234
Palau,2009,18736.0,255.0,178.0,5,13.610162254483347,9.500426985482493,19.607843137254903
Palau,2010,18420.0,251.0,169.0,4,13.626492942453854,9.174809989142236,15.936254980079681
Palau,2011,18099.0,249.0,159.0,4,13.757666169401624,8.785015746726339,16.064257028112447
Palau,2012,17791.0,249.0,148.0,4,13.995840593558542,8.318812882918328,16.064257028112447
Palau,2013,17670.0,247.0,153.0,4,13.978494623655914,8.65874363327674,16.194331983805668
Palau,2014,17740.0,237.0,158.0,4,13.359639233370913,8.90642615558061,16.877637130801688
Palau,2015,17791.0,224.0,165.0,5,12.5906357146872,9.27435220055084,22.321428571428573
Palau,2016,17824.0,227.0,169.0,5,12.735637342908438,9.481597845601435,22.026431718061676
Palau,2017,17838.0,222.0,171.0,4,12.445341405987218,9.58627648839556,18.01801801801802
Palau,2018,17843.0,214.0,178.0,4,11.993498851090063,9.975900913523512,18.69158878504673
Palau,2019,17821.0,212.0,186.0,4,11.89607766118624,10.43712474047472,18.867924528301884
Palau,2020,17817.0,207.0,195.0,4,11.618117528203403,10.944603468597407,19.32367149758454
Palau,2021,17809.0,202.0,201.0,4,11.342579594587006,11.286428210455387,19.801980198019802
Palau,2022,17784.0,197.0,200.0,4,11.077372919478183,11.246063877642825,20.30456852791878
Palestine,2000,3151800.0,121414.0,12795.0,3644,38.52211434735706,4.0595849990481625,30.01301332630504
Palestine,2001,3242286.0,123288.0,13770.0,3584,38.02502308556371,4.247003503083935,29.07014470183635
Palestine,2002,3322369.0,124385.0,13045.0,3567,37.4386469413843,3.9264151573771606,28.677091289142584
Palestine,2003,3398071.0,124384.0,13289.0,3395,36.604296967308805,3.910748186250376,27.294507332132753
Palestine,2004,3475178.0,125515.0,13564.0,3300,36.11757440913818,3.903109423459748,26.291678285463888
Palestine,2005,3557406.0,126494.0,12996.0,3213,35.557931818859025,3.653223725377424,25.40041424889718
Palestine,2006,3645096.0,127114.0,13620.0,3125,34.87260692173814,3.7365271038129033,24.584231477256637
Palestine,2007,3736694.0,127280.0,13806.0,3031,34.06219508474603,3.694709815681991,23.813639220615965
Palestine,2008,3829039.0,129753.0,14208.0,3199,33.886570494581015,3.710591613195896,24.654535925951617
Palestine,2009,3921245.0,133397.0,14648.0,3233,34.01904242147583,3.7355482761214867,24.23592734469291
Palestine,2010,4016918.0,138755.0,13910.0,2979,34.54265185398358,3.462853859600818,21.469496594717306
Palestine,2011,4115912.0,140283.0,14118.0,2923,34.08309021184127,3.430102490043519,20.83645202911258
Palestine,2012,4215318.0,140669.0,14432.0,2859,33.370910569499145,3.423703739551797,20.324307416701618
Palestine,2013,4315263.0,141971.0,14418.0,2768,32.899732878390026,3.341163678783889,19.49693951581661
Palestine,2014,4415887.0,144762.0,17023.0,3174,32.782088853270025,3.8549446577777013,21.9256434699714
Palestine,2015,4521564.0,148625.0,15005.0,2723,32.870263475204595,3.3185419912225065,18.321278385197644
Palestine,2016,4632743.0,149516.0,15116.0,2631,32.27375228887076,3.262861764617636,17.59677894004655
Palestine,2017,4742747.0,149076.0,15269.0,2528,31.43241669859261,3.219442234637437,16.95779334030964
Palestine,2018,4850593.0,148084.0,15607.0,2477,30.529050777915195,3.2175447414367686,16.72699278787715
Palestine,2019,4957773.0,147286.0,15540.0,2339,29.708096760380112,3.1344718687200888,15.880667544776829
Palestine,2020,5069692.0,146398.0,17189.0,2231,28.87709943720447,3.390541279430782,15.239279225126026
Palestine,2021,5185341.0,146355.0,19537.0,2209,28.22475898884953,3.7677367795097756,15.093437190393221
Palestine,2022,5305274.0,146294.0,15876.0,2117,27.575201582425336,2.9924938843874984,14.470860048942539
Panama,2000,3010376.0,70773.0,14537.0,1786,23.50968782637119,4.828964886778262,25.235612451075976
Panama,2001,3069545.0,71276.0,14615.0,1750,23.220379567655794,4.761291983013769,24.552444020427636
Panama,2002,3129343.0,71715.0,14711.0,1711,22.916950938264037,4.700986756645085,23.858328104301748
Panama,2003,3189813.0,72250.0,14792.0,1667,22.65023059345485,4.637262435133345,23.07266435986159
Panama,2004,3251158.0,73308.0,15025.0,1638,22.548273568986804,4.621430271921574,22.344082501227696
Panama,2005,3313024.0,73219.0,15201.0,1581,22.100353030946952,4.588255322026041,21.592755978639424
Panama,2006,3375024.0,73521.0,15449.0,1539,21.783845092657117,4.57744893073353,20.932794711715022
Panama,2007,3437490.0,74220.0,15765.0,1498,21.59133553843066,4.586195159840465,20.18323901913231
Panama,2008,3500646.0,75006.0,16045.0,1478,21.426331025759247,4.583439742264713,19.70509025944591
Panama,2009,3564383.0,75482.0,16315.0,1434,21.176736618932367,4.5772297758125315,18.99790678572375
Panama,2010,3628537.0,76140.0,16727.0,1417,20.983663663895392,4.609846888704731,18.610454426057263
Panama,2011,3693509.0,77488.0,17079.0,1400,20.97950756313305,4.624058043448656,18.06731364856494
Panama,2012,3759261.0,77938.0,17466.0,1387,20.732266261906265,4.646125927409669,17.796196977084346
Panama,2013,3825333.0,78114.0,17821.0,1368,20.420183027203123,4.6586793881735264,17.51286581150626
Panama,2014,3892100.0,78413.0,18187.0,1361,20.146707433005318,4.672798746178155,17.356815834109142
Panama,2015,3960034.0,78563.0,18665.0,1345,19.838971079541235,4.7133433702841945,17.120018329238956
Panama,2016,4029085.0,78547.0,19090.0,1328,19.494997003041632,4.738048465098156,16.907074745057102
Panama,2017,4098704.0,78206.0,19596.0,1314,19.080665498167228,4.781023464978198,16.80177991458456
Panama,2018,4167860.0,77189.0,19686.0,1341,18.52005585600284,4.723287250531448,17.372941740403427
Panama,2019,4234698.0,74406.0,19986.0,1340,17.570556389145107,4.719580947685053,18.009300325242588
Panama,2020,4293258.0,71775.0,25184.0,935,16.718072848172646,5.865941436550051,13.026819923371647
Panama,2021,4345410.0,71269.0,24520.0,987,16.400984026823707,5.6427356682108245,13.848938528673054
Panama,2022,4400775.0,71463.0,20912.0,1188,16.238730678119197,4.751890292050832,16.62398723815121
Papua New Guinea,2000,5537068.0,190600.0,43109.0,13349,34.42254998493788,7.785528369888179,70.03672612801678
Papua New Guinea,2001,5728444.0,195992.0,44561.0,13520,34.213828397379814,7.778901216455988,68.98240744520184
Papua New Guinea,2002,5924010.0,201313.0,46228.0,13676,33.982555735051086,7.80349796843692,67.9340132033202
Papua New Guinea,2003,6124005.0,206224.0,47614.0,13722,33.674694909622055,7.774977322846731,66.53929707502522
Papua New Guinea,2004,6328042.0,210128.0,49107.0,13750,33.20584787521954,7.76022030195122,65.43630548998705
Papua New Guinea,2005,6535905.0,214461.0,50578.0,13771,32.81274743130446,7.738484570996671,64.21214113521806
Papua New Guinea,2006,6747724.0,218370.0,51832.0,13753,32.36202310586503,7.681404870738637,62.98026285661949
Papua New Guinea,2007,6963353.0,222279.0,52966.0,13758,31.921259772411364,7.606393069545663,61.8951857800332
Papua New Guinea,2008,7183002.0,226613.0,53800.0,13656,31.548508548375736,7.4899046387568875,60.26132657879292
Papua New Guinea,2009,7406442.0,230148.0,54724.0,13584,31.07402987831404,7.388702969658036,59.02288961885396
Papua New Guinea,2010,7633524.0,234608.0,55611.0,13521,30.733904812508612,7.285101874311262,57.63230580372366
Papua New Guinea,2011,7859349.0,238169.0,56326.0,13393,30.303909395040225,7.166751342891122,56.23317896115783
Papua New Guinea,2012,8081396.0,240841.0,57183.0,13271,29.80190551236445,7.075881444245524,55.10274413409677
Papua New Guinea,2013,8302700.0,243715.0,57929.0,13081,29.353704216700592,6.977127922242162,53.673347967913344
Papua New Guinea,2014,8523440.0,246323.0,58731.0,12896,28.899481899327032,6.890527768131177,52.35402296984041
Papua New Guinea,2015,8743247.0,248091.0,59489.0,12673,28.37515627775356,6.803993985300884,51.08206263024455
Papua New Guinea,2016,8961717.0,249721.0,60440.0,12401,27.865307507478757,6.744243318551567,49.65941991262249
Papua New Guinea,2017,9178717.0,251143.0,61423.0,12120,27.361449318025603,6.691893867084039,48.25935821424447
Papua New Guinea,2018,9394518.0,253242.0,62574.0,11878,26.956359017035254,6.660692970091707,46.903752142219695
Papua New Guinea,2019,9609014.0,254314.0,63650.0,11543,26.466191016060545,6.623988683958625,45.388771361387896
Papua New Guinea,2020,9815743.0,256111.0,66981.0,11253,26.091860799533972,6.823833916597041,43.93798001647723
Papua New Guinea,2021,10012898.0,256149.0,72381.0,10890,25.58190445962797,7.228776324296922,42.51431783844559
Papua New Guinea,2022,10203177.0,256716.0,69852.0,10532,25.16039856997482,6.846102934409547,41.02588073980586
Paraguay,2000,5100875.0,137136.0,27156.0,4668,26.884799176611853,5.3237924865831845,34.039201960098005
Paraguay,2001,5187690.0,134531.0,27302.0,4472,25.932736921442878,5.262843385013368,33.24140904326884
Paraguay,2002,5261334.0,132104.0,27443.0,4284,25.10846108610478,5.215977544858395,32.42899533700721
Paraguay,2003,5326437.0,130026.0,27605.0,4105,24.411440518305202,5.182638976111048,31.570608955132048
Paraguay,2004,5388181.0,129795.0,27905.0,3974,24.088834432250884,5.178927730898424,30.617512230825533
Paraguay,2005,5448100.0,129227.0,28194.0,3846,23.719645380958497,5.1750151428938524,29.76158233186563
Paraguay,2006,5505145.0,128277.0,28475.0,3714,23.301293608070267,5.172434150235825,28.952968965597886
Paraguay,2007,5559385.0,127972.0,28830.0,3600,23.019092939236984,5.185825410544512,28.13115368986966
Paraguay,2008,5613577.0,129050.0,29233.0,3517,22.988907072976822,5.2075530450548735,27.25300271212708
Paraguay,2009,5671243.0,129913.0,29616.0,3432,22.90732384417314,5.222135605898036,26.417679523989133
Paraguay,2010,5737973.0,129358.0,29900.0,3325,22.54419809922424,5.210899389035117,25.70386060390544
Paraguay,2011,5814632.0,130732.0,30289.0,3262,22.483280111277896,5.209100077184592,24.95180980938102
Paraguay,2012,5897011.0,133029.0,30526.0,3204,22.55871661083895,5.176520783156077,24.084973953047832
Paraguay,2013,5982447.0,134448.0,31074.0,3140,22.47374694669255,5.1941956192842165,23.35475425443294
Paraguay,2014,6069819.0,137388.0,31814.0,3102,22.634612333580293,5.241342451891893,22.57839112586252
Paraguay,2015,6159106.0,139576.0,32762.0,3056,22.661730452439038,5.3192784797014365,21.89488164154296
Paraguay,2016,6249129.0,140526.0,33728.0,2983,22.487293829268044,5.397232158273576,21.227388525966724
Paraguay,2017,6338658.0,140500.0,34873.0,2895,22.165575110693776,5.501637728364584,20.604982206405694
Paraguay,2018,6427382.0,140351.0,35438.0,2801,21.83641800036158,5.513597915916621,19.957107537530902
Paraguay,2019,6515059.0,139557.0,36380.0,2717,21.42068091785508,5.583986269349211,19.468747536848745
Paraguay,2020,6603741.0,138917.0,40253.0,2596,21.03610665530341,6.095484362575697,18.687417666664267
Paraguay,2021,6684184.0,138291.0,59623.0,2500,20.68928682992569,8.920011777054611,18.07782140558677
Paraguay,2022,6760460.0,137617.0,42991.0,2401,20.356159196267708,6.359182659168163,17.446972394398948
Peru,2000,26598328.0,633999.0,149770.0,24254,23.836047138000556,5.630805064137866,38.255580844764744
Peru,2001,26964610.0,620939.0,150792.0,22098,23.02792437939952,5.592218837950929,35.588036828094225
Peru,2002,27288211.0,616690.0,152962.0,20299,22.59913630834942,5.60542426178103,32.91605182506608
Peru,2003,27580485.0,615873.0,156632.0,18799,22.3300279164779,5.679087949323589,30.524150271240988
Peru,2004,27852190.0,623654.0,164046.0,17670,22.3915605918242,5.8898779593274355,28.333017987537964
Peru,2005,28101175.0,620739.0,166530.0,16516,22.089432203457683,5.926086720573072,26.606995854940642
Peru,2006,28324488.0,618081.0,172169.0,15490,21.82143592498477,6.0784505619307225,25.061440167227275
Peru,2007,28530704.0,611857.0,176758.0,14615,21.44556264717478,6.195360619212201,23.886300230282565
Peru,2008,28719038.0,600453.0,186814.0,13583,20.907838208229677,6.504883624583805,22.621254286347142
Peru,2009,28896819.0,590770.0,194252.0,12764,20.444118779994433,6.722262405422549,21.605701034243445
Peru,2010,29086021.0,578360.0,195846.0,12000,19.884466149563735,6.733337640098658,20.748322843903452
Peru,2011,29304083.0,578746.0,195489.0,11408,19.749671061196487,6.671049901134937,19.711583319798322
Peru,2012,29550367.0,567669.0,191165.0,10825,19.210218269031987,6.469124393615822,19.069211107176894
Peru,2013,29817908.0,561167.0,188485.0,10335,18.81979782082633,6.321201339812304,18.416977477292857
Peru,2014,30115825.0,553109.0,184386.0,9888,18.366058376285554,6.122561809281334,17.87712729317368
Peru,2015,30457598.0,546658.0,183871.0,9511,17.948165183610342,6.036950123250034,17.398446560738158
Peru,2016,30866497.0,542161.0,186318.0,9207,17.5647077800892,6.036253482214065,16.982040390216188
Peru,2017,31324639.0,540470.0,191149.0,9042,17.253830123948116,6.1021932287870895,16.729883249764097
Peru,2018,31897590.0,540020.0,196902.0,8778,16.929805668704127,6.172942846152327,16.254953520239994
Peru,2019,32449302.0,546866.0,199893.0,8721,16.852935696428847,6.160163321848957,15.947233874477478
Peru,2020,32838577.0,545443.0,243508.0,8587,16.609824475646434,7.4153030443432435,15.743166563692267
Peru,2021,33155883.0,543689.0,308253.0,8448,16.397964729215627,9.297083114933178,15.538294870780907
Peru,2022,33475436.0,541718.0,213890.0,8263,16.182552484155842,6.389461215680656,15.253323685016928
Philippines,2000,79625401.0,2331835.0,429509.0,86760,29.285064448215465,5.39412040135283,37.2067491910877
Philippines,2001,81401488.0,2372487.0,441272.0,85788,29.145499158442902,5.42093284584675,36.159523740277606
Philippines,2002,83068889.0,2370297.0,450695.0,84009,28.534112211371937,5.42555709394404,35.44239392784955
Philippines,2003,84731836.0,2381067.0,458191.0,82721,28.10120861773844,5.407542449569959,34.7411475611564
Philippines,2004,86394510.0,2386999.0,462722.0,80662,27.62905883718769,5.355919027725257,33.7922219489828
Philippines,2005,88015959.0,2389958.0,471510.0,78765,27.153689253104655,5.357096660163641,32.95664610005699
Philippines,2006,89508992.0,2454272.0,493965.0,79108,27.41927872453306,5.51860756067949,32.23277615521018
Philippines,2007,91075180.0,2459027.0,494315.0,77832,26.999968597371975,5.427548976570785,31.651543476342468
Philippines,2008,92699091.0,2514010.0,506454.0,77578,27.120114910296156,5.463419269127462,30.858270253499388
Philippines,2009,94384256.0,2547176.0,521530.0,77121,26.987297542505395,5.525603761712123,30.277059771291814
Philippines,2010,96337127.0,2559111.0,528137.0,76382,26.564119978375523,5.482175111989794,29.84708361614639
Philippines,2011,98248614.0,2555164.0,536713.0,75369,26.007125148859608,5.462804798447335,29.496736804369505
Philippines,2012,100175511.0,2526446.0,546811.0,73886,25.22019578218074,5.458529679973382,29.245034328855635
Philippines,2013,102076334.0,2506971.0,562222.0,72648,24.559767203238316,5.507858462079957,28.978396638812335
Philippines,2014,103767127.0,2428538.0,576725.0,70433,23.403731703972106,5.557877688952495,29.00222273647767
Philippines,2015,105312988.0,2415119.0,587984.0,69271,22.932774445636277,5.583204988923114,28.682230565036342
Philippines,2016,106735721.0,2322601.0,604337.0,66795,21.760297098662967,5.661993888625158,28.758706295226773
Philippines,2017,108119691.0,2224168.0,601633.0,63894,20.571349949566542,5.564509058761553,28.727146510515393
Philippines,2018,109465284.0,2125551.0,629703.0,62445,19.4175808286397,5.752536119122479,29.378264741706975
Philippines,2019,110804685.0,2006034.0,653286.0,59933,18.104234491528945,5.895833736633068,29.87636301279041
Philippines,2020,112081270.0,1907237.0,653596.0,57271,17.0165541486102,5.8314471276066016,30.028255534052665
Philippines,2021,113100947.0,1821790.0,903858.0,53883,16.10764585375222,7.991604172863381,29.576954533727818
Philippines,2022,113964343.0,1829885.0,714114.0,52759,16.05664501571338,6.266117815464439,28.83186648341289
Poland,2000,38258077.0,377996.0,371398.0,3597,9.880162037417616,9.707701722697667,9.515973714007554
Poland,2001,38247359.0,368399.0,363871.0,3301,9.632011454699395,9.513624195594785,8.960393486410116
Poland,2002,38229407.0,355115.0,362438.0,3023,9.289053319608124,9.480607428726268,8.512735311096407
Poland,2003,38203527.0,351971.0,360913.0,2865,9.213049884111484,9.447112042822644,8.139875160169446
Poland,2004,38167568.0,356549.0,362259.0,2748,9.341674586130297,9.491278040036503,7.707215558029892
Poland,2005,38124377.0,364523.0,365074.0,2677,9.56141525932345,9.575867954511098,7.343843872677445
Poland,2006,38071169.0,374507.0,369635.0,2628,9.83702391696982,9.709053063224825,7.017225312210453
Poland,2007,38020420.0,388199.0,374527.0,2611,10.21027647774538,9.850680239723811,6.725931803018555
Poland,2008,37995902.0,411707.0,381006.0,2635,10.835563266796507,10.027555076860658,6.400182654169106
Poland,2009,38002153.0,416458.0,384166.0,2525,10.958800150086233,10.109058820956802,6.063036368613402
Poland,2010,38095356.0,422071.0,379306.0,2390,11.079329459475323,9.956751683853538,5.66255440435377
Poland,2011,38208644.0,397843.0,379591.0,2199,10.412382077730893,9.934689124272507,5.5273059975920145
Poland,2012,38247867.0,392217.0,382605.0,2123,10.254611061056032,10.003302929284919,5.412819944061578
Poland,2013,38259267.0,378663.0,382521.0,2018,9.89728841381096,9.998126728355773,5.329276956026863
Poland,2014,38265113.0,382547.0,384903.0,1937,9.997278722265893,10.058849166341153,5.063430114469594
Poland,2015,38266314.0,379618.0,384261.0,1851,9.920422437342673,10.041756308172246,4.87595424874479
Poland,2016,38263260.0,392402.0,392076.0,1853,10.255320639171885,10.246800716927936,4.722198153933976
Poland,2017,38254964.0,409081.0,398801.0,1911,10.693540320675769,10.42481702505327,4.67144648614822
Poland,2018,38241070.0,392611.0,408897.0,1741,10.266736783254235,10.69261398805002,4.4344147260265245
Poland,2019,38225884.0,382207.0,403767.0,1673,9.998643850852474,10.56265958427541,4.377209208622553
Poland,2020,38171005.0,359575.0,459375.0,1484,9.420108273282299,12.034658243868611,4.127094486546618
Poland,2021,38040303.0,334752.0,502538.0,1567,8.799929905921097,13.21067290131732,4.681077334862824
Poland,2022,38385734.0,310232.0,421549.0,1267,8.081960865982138,10.981918438761651,4.084040331107042
Portugal,2000,10283196.0,118781.0,102805.0,871,11.550980842920819,9.997378246996362,7.332822589471379
Portugal,2001,10354329.0,112747.0,102641.0,717,10.888875561130035,9.91285867003067,6.359370981046059
Portugal,2002,10413045.0,113502.0,103908.0,748,10.899981705639416,9.97863737264172,6.590192243308488
Portugal,2003,10454246.0,112019.0,106122.0,584,10.715167789240851,10.15109076254758,5.213401297994091
Portugal,2004,10481386.0,109261.0,99540.0,558,10.424289306776794,9.496835628417845,5.107037277711168
Portugal,2005,10502993.0,108826.0,104799.0,480,10.36142745215578,9.978012934027472,4.410710675757631
Portugal,2006,10524123.0,105207.0,99276.0,459,9.996747472449723,9.433185073948678,4.362827568507798
Portugal,2007,10546822.0,102562.0,100895.0,437,9.724445904178529,9.566388813616083,4.260837347165617
Portugal,2008,10564086.0,103785.0,101491.0,421,9.82432365658515,9.607172830664195,4.056462879992292
Portugal,2009,10576265.0,99740.0,101665.0,446,9.430550388062326,9.612561712476003,4.471626228193302
Portugal,2010,10578659.0,100745.0,102923.0,331,9.523418800057739,9.729305009264408,3.285522854732245
Portugal,2011,10557050.0,96535.0,100424.0,362,9.144126436836046,9.51250586101231,3.7499352566426682
Portugal,2012,10513155.0,89706.0,105029.0,358,8.532738269339697,9.990245554260353,3.990814438276147
Portugal,2013,10458287.0,83046.0,103996.0,309,7.940688565919064,9.943884691632578,3.720829419839607
Portugal,2014,10406203.0,82184.0,102636.0,292,7.897597231189897,9.862963465156312,3.5530030176190013
Portugal,2015,10370264.0,84792.0,106551.0,309,8.176455295641462,10.274666103003742,3.644211718086612
Portugal,2016,10346377.0,86453.0,108493.0,332,8.355871818705232,10.48608609564488,3.8402368917215135
Portugal,2017,10330838.0,85621.0,107842.0,277,8.287904621096565,10.43884339295612,3.235187629203116
Portugal,2018,10325355.0,86023.0,111263.0,348,8.331238974350034,10.775706985377258,4.0454297106587775
Portugal,2019,10343218.0,85246.0,109808.0,306,8.241729024758058,10.616425178314913,3.5896112427562583
Portugal,2020,10370519.0,83378.0,121308.0,251,8.03990619948722,11.697389494199857,3.010386432871981
Portugal,2021,10390957.0,77859.0,122741.0,240,7.492957578402066,11.812290244296074,3.0824952799291028
Portugal,2022,10417074.0,84319.0,125515.0,345,8.094307480200294,12.048968837122594,4.091604501950925
Puerto Rico,2000,3809868.0,59510.0,32665.0,745,15.619963736276427,8.573787858267005,12.518904385817509
Puerto Rico,2001,3813009.0,56273.0,32521.0,650,14.758160812104036,8.52895967462967,11.55083254846907
Puerto Rico,2002,3810715.0,53110.0,31285.0,585,13.937017068975246,8.209745415230476,11.014874788175485
Puerto Rico,2003,3806043.0,51122.0,32070.0,557,13.431797801548749,8.426074009148083,10.895504870701458
Puerto Rico,2004,3798659.0,51318.0,33494.0,503,13.509504275061278,8.817322112882469,9.80162905803032
Puerto Rico,2005,3788412.0,50776.0,35250.0,545,13.402977289692885,9.304690197370297,10.733417362533482
Puerto Rico,2006,3776220.0,48948.0,34244.0,498,12.962168517724074,9.068327586846106,10.174062270164256
Puerto Rico,2007,3763089.0,46776.0,35471.0,460,12.430213582511602,9.426032708766654,9.834102958782282
Puerto Rico,2008,3749130.0,43242.0,35963.0,417,11.533875859199334,9.592358760565784,9.643402247814626
Puerto Rico,2009,3735014.0,42066.0,36984.0,381,11.26260838647459,9.90197091630714,9.057195835116246
Puerto Rico,2010,3714834.0,42286.0,37915.0,381,11.383011999997846,10.206377996971062,9.010074256255026
Puerto Rico,2011,3683711.0,41048.0,38173.0,387,11.143110846643507,10.362647884158122,9.427986747222764
Puerto Rico,2012,3646423.0,38873.0,36682.0,382,10.660584358973164,10.059721540808622,9.826872122038434
Puerto Rico,2013,3606773.0,36333.0,34075.0,276,10.073547739211755,9.447503349947446,7.596399966972174
Puerto Rico,2014,3565367.0,34596.0,35072.0,257,9.703348911907245,9.83685550463669,7.428604462943693
Puerto Rico,2015,3521811.0,31678.0,33473.0,233,8.994804093689298,9.504485050447057,7.355262327167119
Puerto Rico,2016,3476008.0,28840.0,34514.0,229,8.296873885215454,9.929206146821295,7.9403606102635225
Puerto Rico,2017,3371878.0,25131.0,36485.0,301,7.453116631147391,10.820379622275777,11.977239266244878
Puerto Rico,2018,3290068.0,20210.0,32769.0,149,6.1427301806528005,9.959976511123783,7.372587827808015
Puerto Rico,2019,3288027.0,19478.0,31919.0,143,5.923917291433433,9.707645344761463,7.341616182359585
Puerto Rico,2020,3275800.0,18771.0,33992.0,122,5.73020330911533,10.376701874351303,6.499387352831495
Puerto Rico,2021,3253210.0,18841.0,33993.0,122,5.791510538821656,10.449064155096043,6.475240167719335
Puerto Rico,2022,3240972.0,18619.0,37233.0,117,5.744881473829456,11.488220200606484,6.283903539395242
Qatar,2000,644993.0,11170.0,1193.0,139,17.318017404840052,1.8496324766315293,12.444046553267682
Qatar,2001,677934.0,11925.0,1244.0,142,17.59020789634389,1.8349868866290817,11.907756813417192
Qatar,2002,711215.0,12341.0,1280.0,142,17.35199623180051,1.799737069662479,11.506360910785187
Qatar,2003,744690.0,12601.0,1309.0,140,16.92113496891324,1.7577784044367455,11.110229346877233
Qatar,2004,773341.0,12573.0,1336.0,135,16.25802847644183,1.7275690801341195,10.73729420186113
Qatar,2005,825419.0,12741.0,1350.0,135,15.435796849842323,1.6355329838542607,10.595714622086179
Qatar,2006,972841.0,11647.0,1421.0,126,11.972151667127516,1.4606703459249764,10.818236455739676
Qatar,2007,1208601.0,13032.0,1678.0,131,10.782714891018625,1.3883821045986229,10.052179251074278
Qatar,2008,1426942.0,16019.0,1959.0,153,11.226104494786753,1.3728658908350866,9.55115799987515
Qatar,2009,1586052.0,17414.0,2039.0,163,10.979463472824346,1.2855820616221916,9.36028482829907
Qatar,2010,1709238.0,19183.0,2034.0,173,11.223129839144695,1.190003966679889,9.01840170984726
Qatar,2011,1810960.0,20518.0,2081.0,181,11.329902372222467,1.1491142819278173,8.821522565552199
Qatar,2012,1907122.0,21736.0,2157.0,186,11.397278202443262,1.1310236052019746,8.557232241442769
Qatar,2013,2032650.0,23105.0,2248.0,191,11.366934789560426,1.1059454406808844,8.266608959099761
Qatar,2014,2218378.0,24693.0,2324.0,195,11.131105699749998,1.0476122644562829,7.896974851172398
Qatar,2015,2427340.0,25720.0,2354.0,196,10.595961010818426,0.9697858561223397,7.620528771384137
Qatar,2016,2599382.0,25913.0,2389.0,191,9.968907994284796,0.9190646084338508,7.37081773627137
Qatar,2017,2706716.0,27151.0,2439.0,190,10.030974804892718,0.901091950540803,6.997900629811057
Qatar,2018,2761144.0,27393.0,2423.0,181,9.920887863870917,0.8775348189011511,6.607527470521666
Qatar,2019,2797927.0,27920.0,2351.0,174,9.9788164594716,0.8402649533029275,6.232091690544413
Qatar,2020,2803375.0,28163.0,2952.0,168,10.046105141124537,1.0530164533820843,5.965273585910592
Qatar,2021,2814988.0,26896.0,2965.0,156,9.554570037243499,1.0532904580765532,5.800118976799524
Qatar,2022,2892466.0,29212.0,2694.0,155,10.099340839270022,0.9313851917360482,5.306038614268109
Reunion,2000,763148.0,14812.0,3929.0,113,19.40907923495836,5.148411579405305,7.628949500405077
Reunion,2001,772242.0,14869.0,4013.0,111,19.254327011480857,5.196557555792096,7.465196045463716
Reunion,2002,781307.0,14904.0,4085.0,110,19.075728234867984,5.228418534583717,7.380568974771873
Reunion,2003,790570.0,15287.0,4147.0,116,19.336681128805797,5.245582301377486,7.588146791391378
Reunion,2004,797012.0,15634.0,4217.0,120,19.61576488183365,5.291011929556895,7.675578866572854
Reunion,2005,800227.0,15869.0,4170.0,123,19.830623060706525,5.2110213726855,7.750960993131263
Reunion,2006,806686.0,15288.0,4031.0,118,18.951611903516362,4.996987675501993,7.71847200418629
Reunion,2007,818729.0,15276.0,3897.0,118,18.658188484834422,4.759816740337768,7.7245352186436245
Reunion,2008,830496.0,15418.0,3845.0,120,18.56480946326051,4.629763418487265,7.783110649889739
Reunion,2009,838473.0,14885.0,3819.0,117,17.752509621657463,4.554708380591862,7.860262008733625
Reunion,2010,844480.0,13749.0,3805.0,110,16.281025009473286,4.505731337627889,8.000581860498945
Reunion,2011,846790.0,13703.0,3783.0,108,16.182288406806883,4.467459464566185,7.881485806027877
Reunion,2012,845062.0,13879.0,3815.0,106,16.423647022348657,4.514461660801219,7.637437855753297
Reunion,2013,847600.0,13625.0,3874.0,101,16.07479943369514,4.570552147239264,7.412844036697248
Reunion,2014,858677.0,13582.0,3995.0,100,15.81735623523164,4.652506122791224,7.362685907819172
Reunion,2015,865016.0,13404.0,4167.0,97,15.495667132168654,4.81725193522432,7.236645777379887
Reunion,2016,862861.0,13230.0,4230.0,95,15.33271291668067,4.902295966557765,7.180650037792895
Reunion,2017,858761.0,12962.0,4334.0,89,15.09383868154236,5.046805805107591,6.86622434809443
Reunion,2018,856946.0,12076.0,4472.0,81,14.09190310708026,5.218531856149629,6.707519046041736
Reunion,2019,857327.0,11883.0,4676.0,78,13.860522297793025,5.454161597616779,6.563998990154002
Reunion,2020,861452.0,11836.0,4667.0,78,13.739593152027043,5.417597266011339,6.590064210882055
Reunion,2021,868085.0,12172.0,5430.0,88,14.02166838500838,6.255147825385763,7.229707525468288
Reunion,2022,871543.0,12124.0,5584.0,80,13.910960216535502,6.407027536220244,6.598482349059716
Romania,2000,22046264.0,228113.0,256414.0,5086,10.347013897683524,11.630723464075365,22.295967349515372
Romania,2001,21919916.0,220102.0,260886.0,4740,10.041188114042043,11.901779185650163,21.535469918492335
Romania,2002,21770020.0,217678.0,278960.0,4433,9.998980248984614,12.813952398757559,20.364942713549368
Romania,2003,21593448.0,220146.0,298262.0,4293,10.195036938982604,13.812615752704247,19.500694993322615
Romania,2004,21403215.0,223352.0,301142.0,4406,10.435441591368399,14.069942296052252,19.726709409362797
Romania,2005,21213395.0,229483.0,282750.0,4094,10.817834674742068,13.328842460153124,17.840101445422974
Romania,2006,21035732.0,229474.0,267555.0,3832,10.908771798385718,12.719072481052715,16.69905958845011
Romania,2007,20870714.0,228535.0,254623.0,3288,10.950032662993705,12.200013856737245,14.38729297481786
Romania,2008,20718745.0,242417.0,242833.0,3311,11.700370847751637,11.72044928396966,13.658283041205857
Romania,2009,20576922.0,242503.0,243401.0,3105,11.78519314015964,11.82883426393899,12.803965311769339
Romania,2010,20432575.0,225478.0,252962.0,2773,11.035221943391862,12.380328960006265,12.298317352468978
Romania,2011,20282009.0,204154.0,252672.0,2387,10.065768139635479,12.45793747552326,11.692153962205001
Romania,2012,20158451.0,202782.0,261029.0,2315,10.059403869870755,12.948861993414077,11.416200648972788
Romania,2013,20062913.0,192935.0,253244.0,2107,9.616499857224122,12.622494051586626,10.920776427294166
Romania,2014,19968179.0,200990.0,259813.0,2056,10.065514737222657,13.011351711140009,10.229364645007214
Romania,2015,19871018.0,204558.0,268851.0,1876,10.294288898535545,13.529805065850175,9.170993067980719
Romania,2016,19777049.0,208708.0,263525.0,1712,10.553040547151397,13.324788748816873,8.20284799816011
Romania,2017,19689405.0,213626.0,267945.0,1687,10.8497945976529,13.60858796901176,7.896978832164624
Romania,2018,19597874.0,206794.0,269433.0,1530,10.551858839382271,13.748072877700917,7.3986672727448575
Romania,2019,19501542.0,196640.0,265726.0,1396,10.083305207352321,13.625896864976113,7.0992676973148905
Romania,2020,19392467.0,193180.0,301133.0,1304,9.96160003778787,15.528349229626123,6.7501811781757945
Romania,2021,19248159.0,187162.0,336900.0,1245,9.723631231433613,17.50297262195309,6.651991323024974
Romania,2022,19166776.0,183845.0,268227.0,1245,9.591858328182058,13.994372345145578,6.772009029345372
Russia,2000,146717784.0,1268072.0,2286159.0,24935,8.642933156624013,15.582016969394795,19.66370994706925
Russia,2001,146117290.0,1315495.0,2308425.0,24605,9.003007104771791,15.798438364138836,18.70398595205607
Russia,2002,145939502.0,1403587.0,2384782.0,23786,9.617594830493529,16.340894461870917,16.946580439972728
Russia,2003,145794230.0,1486835.0,2411911.0,22701,10.198174509375303,16.543254146614718,15.268002165674066
Russia,2004,145180091.0,1513809.0,2335314.0,21751,10.427111524540924,16.085635323096746,14.368391256756963
Russia,2005,144597886.0,1472805.0,2340784.0,20307,10.185522352657355,16.18823113361422,13.787976004970108
Russia,2006,144102948.0,1499536.0,2193337.0,19526,10.406005018023643,15.22062546562198,13.021361274420887
Russia,2007,143859767.0,1632575.0,2099223.0,19418,11.348377896371819,14.592147921385136,11.89409368635438
Russia,2008,143811837.0,1739291.0,2095041.0,18469,12.094213079275248,14.567931567413327,10.618694629018375
Russia,2009,143869128.0,1788518.0,2029235.0,18067,12.431562106917058,14.104728569703987,10.101659586316716
Russia,2010,143934468.0,1815200.0,2101577.0,20840,12.611294745606035,14.600929361825967,11.48082855883649
Russia,2011,144043751.0,1824538.0,1936517.0,17204,12.66655434431168,13.44395009541233,9.429236332704498
Russia,2012,144291025.0,1928586.0,1917404.0,20249,13.365945664326661,13.28844950682137,10.499402152665217
Russia,2013,144604105.0,1922462.0,1883361.0,18793,13.294657160666357,13.024256814839385,9.775485809342396
Russia,2014,144925639.0,1939723.0,1890305.0,17523,13.384263912060447,13.043275248211948,9.033764099306964
Russia,2015,145307612.0,1934705.0,1869623.0,15533,13.314546797452016,12.86665560232316,8.028614181490202
Russia,2016,145778668.0,1886740.0,1842111.0,13999,12.942497183469943,12.636354998112617,7.419676267000223
Russia,2017,146186798.0,1695524.0,1768167.0,11723,11.598338722762094,12.095257740032038,6.91408673660768
Russia,2018,146430146.0,1612827.0,1790070.0,10430,11.014309853928575,12.224736838000558,6.466905625959883
Russia,2019,146533063.0,1496027.0,1789415.0,9251,10.209484258170459,12.211680854579557,6.183711924985311
Russia,2020,146371295.0,1458020.0,2158768.0,8660,9.961106103488392,14.748574848640917,5.939561871579265
Russia,2021,145836172.0,1421809.0,2439514.0,8445,9.74935765593189,16.727770391559645,5.93961636197267
Russia,2022,145579889.0,1334912.0,1909498.0,6816,9.16961820186578,13.116495781913942,5.105954549813021
Rwanda,2000,8213936.0,345904.0,124624.0,60076,42.11184503994187,15.1722633339242,173.67824598732597
Rwanda,2001,8287091.0,348997.0,118152.0,55051,42.11333023856019,14.257355204618845,157.74061095081046
Rwanda,2002,8400185.0,350995.0,111958.0,50461,41.78419880038356,13.328039799123472,143.7655807062779
Rwanda,2003,8586878.0,355510.0,104273.0,46083,41.40154314525023,12.143295852112956,129.62504570898145
Rwanda,2004,8816849.0,362771.0,97502.0,41879,41.145198244860495,11.058599279629265,115.44197303533082
Rwanda,2005,9054532.0,367960.0,92836.0,37876,40.6382129965414,10.252987122912591,102.93510164148277
Rwanda,2006,9299251.0,370673.0,88526.0,34254,39.86052210011322,9.519691424610434,92.41029155077386
Rwanda,2007,9549940.0,370848.0,85067.0,31010,38.832495282692875,8.907595230964802,83.61916472517042
Rwanda,2008,9804268.0,369065.0,81731.0,28028,37.64329983635698,8.336267429654105,75.94326202701421
Rwanda,2009,10060438.0,365340.0,78309.0,25432,36.314522290182595,7.783855931521073,69.61186839656212
Rwanda,2010,10317560.0,362647.0,75804.0,23252,35.14852348811153,7.347085938923544,64.11744754540916
Rwanda,2011,10573742.0,357390.0,74472.0,21304,33.79976549456191,7.0431073502644574,59.60994991465906
Rwanda,2012,10829904.0,355787.0,73191.0,19810,32.85227643753814,6.758231651914921,55.679381202798304
Rwanda,2013,11093340.0,359521.0,73196.0,18717,32.40872451398767,6.598193150124309,52.06093663513397
Rwanda,2014,11364758.0,366405.0,73619.0,18024,32.240457737859444,6.477832612009864,49.19146845703524
Rwanda,2015,11640026.0,373619.0,74505.0,17509,32.097780537603605,6.400758898648508,46.86324838940203
Rwanda,2016,11919183.0,381065.0,75520.0,17171,31.970731550979625,6.336004741264564,45.060553973731515
Rwanda,2017,12202062.0,386390.0,76062.0,16829,31.665959409155597,6.233536594060905,43.554439814695
Rwanda,2018,12488000.0,390011.0,77508.0,16576,31.230861627162074,6.206598334401025,42.50136534610562
Rwanda,2019,12776102.0,391867.0,78347.0,16180,30.671874723605058,6.132308586766136,41.289519148078305
Rwanda,2020,13065838.0,392254.0,79560.0,15825,30.021342680048534,6.089161674896015,40.343756851427905
Rwanda,2021,13355260.0,392497.0,82606.0,15316,29.388944880144603,6.185278309819501,39.02195430793102
Rwanda,2022,13651025.0,393949.0,81816.0,14902,28.858565565589398,5.993396100292835,37.827231443664026
Saint Barthelemy,2000,7103.0,86.0,25.0,1,12.10756018583697,3.519639588906096,11.627906976744185
Saint Barthelemy,2001,7297.0,87.0,26.0,1,11.922707962176238,3.563108126627381,11.494252873563218
Saint Barthelemy,2002,7489.0,88.0,28.0,1,11.750567498998532,3.7388169314995325,11.363636363636363
Saint Barthelemy,2003,7684.0,88.0,30.0,1,11.452368558042686,3.9042165538781886,11.363636363636363
Saint Barthelemy,2004,7869.0,88.0,31.0,1,11.1831236497649,3.939509467530817,11.363636363636363
Saint Barthelemy,2005,8054.0,88.0,30.0,1,10.926247827166625,3.724857213806804,11.363636363636363
Saint Barthelemy,2006,8245.0,88.0,31.0,1,10.673135233474833,3.759854457246816,11.363636363636363
Saint Barthelemy,2007,8433.0,87.0,32.0,1,10.31661330487371,3.7946163879995254,11.494252873563218
Saint Barthelemy,2008,8627.0,85.0,34.0,1,9.852787759360147,3.9411151037440595,11.76470588235294
Saint Barthelemy,2009,8821.0,83.0,37.0,1,9.40936401768507,4.19453576691985,12.048192771084338
Saint Barthelemy,2010,8989.0,82.0,39.0,1,9.122260540660807,4.338636110802091,12.195121951219512
Saint Barthelemy,2011,9112.0,82.0,38.0,1,8.999122036874452,4.170324846356453,12.195121951219512
Saint Barthelemy,2012,9227.0,84.0,38.0,1,9.103717351251762,4.118348325566273,11.904761904761903
Saint Barthelemy,2013,9343.0,75.0,35.0,1,8.027400192657604,3.7461200899068823,13.333333333333334
Saint Barthelemy,2014,9471.0,66.0,33.0,0,6.968641114982578,3.484320557491289,0.0
Saint Barthelemy,2015,9617.0,76.0,34.0,0,7.902672351045024,3.5354060517833004,0.0
Saint Barthelemy,2016,9776.0,72.0,37.0,0,7.364975450081833,3.7847790507364976,0.0
Saint Barthelemy,2017,9954.0,63.0,43.0,0,6.329113924050633,4.3198714084790035,0.0
Saint Barthelemy,2018,10135.0,57.0,40.0,0,5.624074987666502,3.9467192895905283,0.0
Saint Barthelemy,2019,10325.0,58.0,49.0,0,5.6174334140435835,4.745762711864407,0.0
Saint Barthelemy,2020,10566.0,54.0,54.0,0,5.110732538330494,5.110732538330494,0.0
Saint Barthelemy,2021,10790.0,51.0,64.0,0,4.726598702502317,5.9314179796107505,0.0
Saint Barthelemy,2022,10948.0,52.0,64.0,0,4.7497259773474605,5.845816587504567,0.0
Saint Helena,2000,6045.0,74.0,50.0,1,12.241521918941274,8.271298593879239,13.513513513513514
Saint Helena,2001,5963.0,71.0,50.0,1,11.90675834311588,8.385041086701325,14.084507042253522
Saint Helena,2002,5879.0,67.0,50.0,1,11.396496002721552,8.504847763225039,14.925373134328359
Saint Helena,2003,5775.0,63.0,48.0,1,10.90909090909091,8.311688311688311,15.873015873015872
Saint Helena,2004,5678.0,59.0,43.0,1,10.39098274040155,7.5730891158858755,16.949152542372882
Saint Helena,2005,5570.0,56.0,46.0,1,10.053859964093357,8.258527827648114,17.857142857142858
Saint Helena,2006,5457.0,52.0,52.0,1,9.529045262964999,9.529045262964999,19.230769230769234
Saint Helena,2007,5346.0,49.0,58.0,1,9.16573138795361,10.849233071455293,20.408163265306122
Saint Helena,2008,5295.0,45.0,60.0,1,8.4985835694051,11.3314447592068,22.22222222222222
Saint Helena,2009,5320.0,46.0,63.0,1,8.646616541353383,11.842105263157896,21.73913043478261
Saint Helena,2010,5352.0,47.0,60.0,1,8.781763826606877,11.210762331838565,21.27659574468085
Saint Helena,2011,5385.0,48.0,61.0,1,8.913649025069638,11.327762302692664,20.833333333333332
Saint Helena,2012,5428.0,48.0,62.0,1,8.843036109064112,11.422254974207812,20.833333333333332
Saint Helena,2013,5462.0,49.0,64.0,1,8.971072867081654,11.717319663127059,20.408163265306122
Saint Helena,2014,5493.0,49.0,76.0,1,8.920444201711268,13.835791006735846,20.408163265306122
Saint Helena,2015,5529.0,49.0,75.0,1,8.862362090793996,13.564839934888768,20.408163265306122
Saint Helena,2016,5544.0,48.0,73.0,1,8.658008658008658,13.167388167388168,20.833333333333332
Saint Helena,2017,5528.0,48.0,69.0,1,8.683068017366137,12.481910274963822,20.833333333333332
Saint Helena,2018,5507.0,46.0,72.0,1,8.35300526602506,13.074269112039223,21.73913043478261
Saint Helena,2019,5485.0,45.0,74.0,1,8.204193254329992,13.49134001823154,22.22222222222222
Saint Helena,2020,5451.0,43.0,75.0,1,7.888460832874701,13.75894331315355,23.25581395348837
Saint Helena,2021,5415.0,41.0,83.0,1,7.571560480147738,15.327793167128346,24.390243902439025
Saint Helena,2022,5369.0,40.0,82.0,0,7.450176941702366,15.27286273048985,0.0
Saint Kitts and Nevis,2000,45272.0,802.0,419.0,19,17.715144018377806,9.255168757731047,23.69077306733167
Saint Kitts and Nevis,2001,45785.0,791.0,416.0,18,17.276400567871573,9.085945178551928,22.756005056890015
Saint Kitts and Nevis,2002,46048.0,780.0,407.0,17,16.93884642112578,8.83860319666435,21.794871794871792
Saint Kitts and Nevis,2003,46200.0,774.0,399.0,16,16.753246753246753,8.636363636363637,20.671834625322997
Saint Kitts and Nevis,2004,46337.0,765.0,390.0,15,16.509484860910288,8.41660012516995,19.607843137254903
Saint Kitts and Nevis,2005,46459.0,758.0,392.0,14,16.315460944058202,8.437547084526141,18.469656992084435
Saint Kitts and Nevis,2006,46592.0,751.0,394.0,14,16.118646978021978,8.456387362637361,18.64181091877497
Saint Kitts and Nevis,2007,46734.0,742.0,398.0,14,15.877091624941157,8.516283647879487,18.867924528301884
Saint Kitts and Nevis,2008,46857.0,730.0,400.0,13,15.579315790596922,8.536611392107902,17.80821917808219
Saint Kitts and Nevis,2009,46941.0,717.0,413.0,13,15.274493513133509,8.798278690270765,18.13110181311018
Saint Kitts and Nevis,2010,46871.0,700.0,423.0,13,14.934607753194939,9.024770113716372,18.571428571428573
Saint Kitts and Nevis,2011,46917.0,689.0,433.0,12,14.685508451094487,9.229064091906984,17.41654571843251
Saint Kitts and Nevis,2012,47056.0,679.0,428.0,11,14.429615776946616,9.095545732743965,16.200294550810018
Saint Kitts and Nevis,2013,47092.0,666.0,437.0,11,14.142529516690733,9.279707805996773,16.516516516516514
Saint Kitts and Nevis,2014,47112.0,657.0,439.0,12,13.945491594498217,9.318220410935643,18.2648401826484
Saint Kitts and Nevis,2015,47108.0,647.0,448.0,12,13.734397554555489,9.51006198522544,18.54714064914992
Saint Kitts and Nevis,2016,47099.0,641.0,456.0,11,13.609630777723519,9.681734219410178,17.160686427457097
Saint Kitts and Nevis,2017,47075.0,629.0,454.0,10,13.361656930430165,9.644184811471057,15.898251192368837
Saint Kitts and Nevis,2018,47032.0,616.0,462.0,10,13.09746555536656,9.82309916652492,16.233766233766232
Saint Kitts and Nevis,2019,46976.0,604.0,467.0,10,12.857629427792917,9.94124659400545,16.55629139072848
Saint Kitts and Nevis,2020,46896.0,589.0,486.0,9,12.559706584783351,10.363357215967246,15.280135823429541
Saint Kitts and Nevis,2021,46786.0,574.0,594.0,9,12.268627367161116,12.696105672637113,15.679442508710801
Saint Kitts and Nevis,2022,46732.0,559.0,544.0,8,11.961824873748181,11.640845673200376,14.311270125223613
Saint Lucia,2000,158624.0,2987.0,1014.0,56,18.830693968125885,6.392475287472261,18.747907599598257
Saint Lucia,2001,160247.0,2890.0,1030.0,54,18.034658995176198,6.427577427346534,18.685121107266433
Saint Lucia,2002,161655.0,2801.0,1029.0,53,17.327023599641212,6.365407812934953,18.921813637986432
Saint Lucia,2003,162985.0,2709.0,1011.0,50,16.62116145657576,6.203024818234807,18.45699520118125
Saint Lucia,2004,164250.0,2632.0,1018.0,49,16.024353120243532,6.197869101978691,18.617021276595743
Saint Lucia,2005,165460.0,2586.0,1033.0,48,15.629155082799468,6.24320077360087,18.561484918793504
Saint Lucia,2006,166657.0,2550.0,1039.0,47,15.300887451472185,6.234361592972393,18.43137254901961
Saint Lucia,2007,167766.0,2478.0,1051.0,45,14.770573298522942,6.264678182706866,18.159806295399516
Saint Lucia,2008,168816.0,2456.0,1089.0,44,14.548384039427543,6.450810349729884,17.915309446254074
Saint Lucia,2009,169880.0,2480.0,1129.0,44,14.598540145985401,6.6458676712973865,17.741935483870968
Saint Lucia,2010,170921.0,2357.0,1180.0,46,13.789996548112871,6.903774258283066,19.51633432329232
Saint Lucia,2011,171814.0,2129.0,1196.0,39,12.391306878368468,6.961015982399571,18.318459370596525
Saint Lucia,2012,172595.0,2148.0,1232.0,39,12.445319968712882,7.138097859150034,18.156424581005588
Saint Lucia,2013,173380.0,2166.0,1274.0,40,12.49279040258392,7.3480216864690275,18.467220683287167
Saint Lucia,2014,174145.0,2158.0,1303.0,38,12.391972207068822,7.482270521691693,17.608897126969417
Saint Lucia,2015,174919.0,2153.0,1308.0,38,12.308554245107736,7.477746842824393,17.649790989317232
Saint Lucia,2016,175651.0,2144.0,1381.0,38,12.206022168960041,7.862181257151966,17.723880597014926
Saint Lucia,2017,176352.0,2134.0,1410.0,37,12.100798403193613,7.9953728905824715,17.338331771321464
Saint Lucia,2018,177032.0,2121.0,1432.0,37,11.98088481178544,8.088933074246464,17.444601603017446
Saint Lucia,2019,177675.0,2106.0,1499.0,37,11.853102574926128,8.436752497537638,17.568850902184234
Saint Lucia,2020,178261.0,2088.0,1525.0,37,11.713162161100858,8.554871789118204,17.720306513409962
Saint Lucia,2021,178540.0,2066.0,2083.0,36,11.571636608043015,11.666853366192449,17.424975798644727
Saint Lucia,2022,178794.0,2041.0,1514.0,36,11.415371880488161,8.467845677148002,17.638412542871144
Saint Martin (French part),2000,30020.0,779.0,100.0,10,25.949367088607595,3.331112591605596,12.836970474967908
Saint Martin (French part),2001,30827.0,788.0,107.0,10,25.562007331235606,3.470983228987576,12.690355329949238
Saint Martin (French part),2002,31629.0,794.0,108.0,9,25.103544215751366,3.4145878782130326,11.335012594458437
Saint Martin (French part),2003,32420.0,795.0,112.0,9,24.521900061690314,3.454657618753856,11.320754716981131
Saint Martin (French part),2004,33196.0,791.0,110.0,9,23.828172068923966,3.3136522472587058,11.378002528445007
Saint Martin (French part),2005,33952.0,785.0,110.0,9,23.120876531573987,3.2398680490103677,11.464968152866241
Saint Martin (French part),2006,34680.0,773.0,111.0,8,22.28950403690888,3.2006920415224913,10.34928848641656
Saint Martin (French part),2007,35361.0,756.0,116.0,8,21.379485874268262,3.280450213512061,10.582010582010582
Saint Martin (French part),2008,35978.0,737.0,120.0,8,20.484740674856855,3.335371615987548,10.854816824966077
Saint Martin (French part),2009,36523.0,715.0,126.0,7,19.576705089943324,3.449880896969033,9.790209790209792
Saint Martin (French part),2010,36875.0,699.0,130.0,7,18.955932203389832,3.5254237288135593,10.014306151645208
Saint Martin (French part),2011,37094.0,707.0,130.0,7,19.05968620262037,3.5046099099584835,9.900990099009901
Saint Martin (French part),2012,37299.0,807.0,132.0,7,21.635968792729027,3.5389688731601385,8.674101610904586
Saint Martin (French part),2013,37439.0,785.0,138.0,7,20.967440369667994,3.6859958866422713,8.9171974522293
Saint Martin (French part),2014,37472.0,773.0,142.0,7,20.62873612297182,3.7894961571306576,9.055627425614489
Saint Martin (French part),2015,37386.0,748.0,147.0,6,20.007489434547693,3.9319531375381156,8.02139037433155
Saint Martin (French part),2016,37201.0,724.0,150.0,6,19.461842423590763,4.032149673395877,8.287292817679557
Saint Martin (French part),2017,36863.0,706.0,168.0,10,19.151995225564928,4.557415294468709,14.164305949008499
Saint Martin (French part),2018,36036.0,699.0,156.0,6,19.397269397269397,4.329004329004329,8.583690987124463
Saint Martin (French part),2019,34290.0,650.0,230.0,5,18.955963837853602,6.707494896471275,7.6923076923076925
Saint Martin (French part),2020,31811.0,559.0,396.0,5,17.57253780138946,12.448524095438685,8.944543828264758
Saint Martin (French part),2021,29986.0,526.0,262.0,4,17.541519375708663,8.737410791702795,7.604562737642586
Saint Martin (French part),2022,28899.0,500.0,257.0,4,17.301636734835114,8.893041281705248,8.0
Saint Pierre and Miquelon,2000,6317.0,84.0,62.0,1,13.297451321829984,9.81478549944594,11.904761904761903
Saint Pierre and Miquelon,2001,6299.0,81.0,60.0,1,12.859183997459915,9.525321479599937,12.345679012345679
Saint Pierre and Miquelon,2002,6273.0,78.0,61.0,1,12.434241989478718,9.724214889207715,12.82051282051282
Saint Pierre and Miquelon,2003,6234.0,76.0,58.0,1,12.191209496310554,9.30381777350016,13.157894736842104
Saint Pierre and Miquelon,2004,6191.0,73.0,57.0,1,11.791309966079794,9.206913261185592,13.698630136986301
Saint Pierre and Miquelon,2005,6139.0,70.0,57.0,1,11.402508551881414,9.284899820817722,14.285714285714285
Saint Pierre and Miquelon,2006,6094.0,67.0,58.0,1,10.99442074171316,9.517558254020347,14.925373134328359
Saint Pierre and Miquelon,2007,6074.0,66.0,61.0,1,10.865986170563056,10.042805400065854,15.151515151515152
Saint Pierre and Miquelon,2008,6063.0,66.0,64.0,1,10.885700148441366,10.555830446973445,15.151515151515152
Saint Pierre and Miquelon,2009,6054.0,66.0,62.0,1,10.901883052527255,10.241162867525603,15.151515151515152
Saint Pierre and Miquelon,2010,6047.0,65.0,61.0,1,10.749131800893005,10.087646766991897,15.384615384615385
Saint Pierre and Miquelon,2011,6036.0,60.0,62.0,1,9.940357852882704,10.27170311464546,16.666666666666668
Saint Pierre and Miquelon,2012,6019.0,54.0,62.0,0,8.971589965110484,10.30071440438611,0.0
Saint Pierre and Miquelon,2013,5999.0,50.0,61.0,0,8.33472245374229,10.168361393565593,0.0
Saint Pierre and Miquelon,2014,5984.0,46.0,67.0,0,7.68716577540107,11.196524064171122,0.0
Saint Pierre and Miquelon,2015,5971.0,44.0,72.0,0,7.368949924635739,12.058281694858483,0.0
Saint Pierre and Miquelon,2016,5957.0,44.0,70.0,0,7.386268255833473,11.750881316098708,0.0
Saint Pierre and Miquelon,2017,5946.0,44.0,69.0,0,7.399932727884291,11.60443995963673,0.0
Saint Pierre and Miquelon,2018,5932.0,43.0,71.0,0,7.2488199595414695,11.968981793661497,0.0
Saint Pierre and Miquelon,2019,5899.0,39.0,72.0,0,6.611290049160875,12.205458552297,0.0
Saint Pierre and Miquelon,2020,5852.0,36.0,79.0,0,6.1517429938482575,13.499658236500341,0.0
Saint Pierre and Miquelon,2021,5802.0,34.0,79.0,0,5.860048259220958,13.615994484660462,0.0
Saint Pierre and Miquelon,2022,5760.0,31.0,77.0,0,5.381944444444445,13.368055555555555,0.0
Saint Vincent and the Grenadines,2000,113561.0,2178.0,900.0,51,19.179119592113487,7.9252560297989625,23.415977961432507
Saint Vincent and the Grenadines,2001,113506.0,2146.0,914.0,50,18.90648952478283,8.052437756594365,23.29916123019571
Saint Vincent and the Grenadines,2002,113365.0,2067.0,893.0,39,18.23314074008733,7.877210779341066,18.867924528301884
Saint Vincent and the Grenadines,2003,113149.0,1994.0,929.0,48,17.622780581357326,8.210412818495966,24.072216649949848
Saint Vincent and the Grenadines,2004,112856.0,1931.0,933.0,47,17.110299851137732,8.267172325795704,24.339720352149147
Saint Vincent and the Grenadines,2005,112465.0,1899.0,948.0,46,16.885253189881297,8.429289112168231,24.223275408109533
Saint Vincent and the Grenadines,2006,112027.0,1846.0,966.0,46,16.478170441054388,8.62292126005338,24.918743228602384
Saint Vincent and the Grenadines,2007,111544.0,1850.0,985.0,47,16.585383346482107,8.830595997991825,25.405405405405407
Saint Vincent and the Grenadines,2008,111047.0,1902.0,998.0,46,17.12788278836889,8.987185606094716,24.185068349106203
Saint Vincent and the Grenadines,2009,110521.0,1899.0,1022.0,45,17.1822549560717,9.247111408691561,23.696682464454973
Saint Vincent and the Grenadines,2010,109974.0,1845.0,1053.0,42,16.776692672813574,9.574990452288722,22.764227642276424
Saint Vincent and the Grenadines,2011,109367.0,1760.0,1085.0,38,16.092605630583265,9.920725630217524,21.59090909090909
Saint Vincent and the Grenadines,2012,108753.0,1762.0,1124.0,36,16.20185190293601,10.335347070885401,20.43132803632236
Saint Vincent and the Grenadines,2013,108156.0,1732.0,1153.0,32,16.013905839713004,10.66052738636784,18.475750577367204
Saint Vincent and the Grenadines,2014,107555.0,1733.0,1156.0,32,16.11268653247176,10.747989400771699,18.465089440276977
Saint Vincent and the Grenadines,2015,106975.0,1699.0,1161.0,31,15.882215470904418,10.853003038093012,18.246027074749854
Saint Vincent and the Grenadines,2016,106365.0,1610.0,1163.0,25,15.136558078315236,10.934047854087341,15.527950310559007
Saint Vincent and the Grenadines,2017,105674.0,1493.0,1153.0,25,14.128357022541023,10.910914699926188,16.744809109176156
Saint Vincent and the Grenadines,2018,104939.0,1435.0,1164.0,23,13.67461096446507,11.092158301489437,16.027874564459932
Saint Vincent and the Grenadines,2019,104183.0,1381.0,1173.0,21,13.255521534223433,11.259034583377327,15.206372194062274
Saint Vincent and the Grenadines,2020,103540.0,1329.0,1338.0,25,12.835619084411821,12.922542012748696,18.811136192626037
Saint Vincent and the Grenadines,2021,102848.0,1300.0,1306.0,25,12.640012445550715,12.69835096453018,19.230769230769234
Saint Vincent and the Grenadines,2022,102063.0,1265.0,1172.0,21,12.394305477989086,11.483103573283168,16.600790513833992
Samoa,2000,181695.0,5824.0,968.0,123,32.05371639285616,5.327609455406037,21.119505494505496
Samoa,2001,183174.0,5725.0,961.0,118,31.25443567318506,5.246377761035955,20.611353711790393
Samoa,2002,184482.0,5637.0,967.0,113,30.55582658470745,5.241703797660477,20.046123824729463
Samoa,2003,185447.0,5595.0,976.0,111,30.170345166004303,5.262959228243109,19.839142091152816
Samoa,2004,186265.0,5545.0,1000.0,109,29.769414543795133,5.368695138646553,19.657348963029758
Samoa,2005,186993.0,5520.0,1022.0,109,29.519821597599908,5.465445230570128,19.746376811594203
Samoa,2006,187724.0,5505.0,1038.0,105,29.324966440092904,5.52939421704204,19.07356948228883
Samoa,2007,188766.0,5536.0,1060.0,105,29.327315300424864,5.615418030789443,18.966763005780347
Samoa,2008,190117.0,5659.0,1083.0,108,29.765881010114825,5.696492160090891,19.084643930022974
Samoa,2009,191530.0,5771.0,1248.0,146,30.131049966062758,6.515950503837519,25.298908334777337
Samoa,2010,193035.0,5894.0,1116.0,112,30.533322972517936,5.781334991063797,19.002375296912113
Samoa,2011,194726.0,5994.0,1136.0,114,30.781713792713866,5.833838316403562,19.01901901901902
Samoa,2012,196518.0,6031.0,1167.0,118,30.689300725633274,5.938387323298629,19.565577847786436
Samoa,2013,198284.0,6054.0,1176.0,113,30.531964253293257,5.930887010550523,18.66534522629666
Samoa,2014,200051.0,6051.0,1201.0,113,30.247286941829834,6.003469115375579,18.674599239795075
Samoa,2015,201794.0,6016.0,1222.0,111,29.812581147110418,6.055680545506804,18.450797872340427
Samoa,2016,203509.0,5958.0,1239.0,109,29.276346500646163,6.0881828322088944,18.294729775092314
Samoa,2017,205423.0,5915.0,1252.0,107,28.794244071988043,6.094741095203556,18.08960270498732
Samoa,2018,207595.0,5914.0,1278.0,105,28.488162046292057,6.156217635299502,17.754480892796753
Samoa,2019,209794.0,5865.0,1372.0,118,27.955994928358294,6.539748515210158,20.11935208866155
Samoa,2020,211957.0,5819.0,1375.0,103,27.453681642974754,6.487164849474185,17.700635848083863
Samoa,2021,213792.0,5749.0,1368.0,96,26.89062266127825,6.398742703188145,16.698556270655764
Samoa,2022,215270.0,5619.0,1327.0,91,26.102104334092072,6.164351744321085,16.19505250044492
San Marino,2000,26823.0,322.0,208.0,1,12.004622898258956,7.754539015024419,3.105590062111801
San Marino,2001,27173.0,348.0,209.0,1,12.8068303094984,7.6914584330033495,2.8735632183908044
San Marino,2002,27515.0,328.0,213.0,1,11.920770488824276,7.741232055242595,3.048780487804878
San Marino,2003,27871.0,297.0,214.0,1,10.65623766639159,7.678231853898318,3.3670033670033668
San Marino,2004,28230.0,297.0,214.0,1,10.520722635494156,7.580588026921714,3.3670033670033668
San Marino,2005,28600.0,273.0,220.0,1,9.545454545454547,7.6923076923076925,3.663003663003663
San Marino,2006,28966.0,282.0,218.0,1,9.735552026513844,7.526065041773113,3.5460992907801416
San Marino,2007,29334.0,283.0,218.0,1,9.647508011181564,7.431649280698166,3.5335689045936394
San Marino,2008,29721.0,338.0,217.0,1,11.372430268160558,7.301234817132667,2.9585798816568047
San Marino,2009,30115.0,298.0,221.0,1,9.89540096297526,7.338535613481653,3.3557046979865772
San Marino,2010,30648.0,316.0,220.0,1,10.310623858000522,7.178282432785173,3.1645569620253164
San Marino,2011,32194.0,313.0,223.0,1,9.722308504690314,6.9267565384854315,3.1948881789137378
San Marino,2012,33494.0,293.0,255.0,1,8.747835433211918,7.613303875320953,3.4129692832764507
San Marino,2013,33641.0,329.0,256.0,1,9.779733063820933,7.609761897684374,3.0395136778115504
San Marino,2014,33753.0,270.0,259.0,0,7.999288952093147,7.673391994785649,0.0
San Marino,2015,33927.0,250.0,250.0,0,7.368762342676924,7.368762342676924,0.0
San Marino,2016,34188.0,230.0,253.0,0,6.727506727506728,7.4002574002574,0.0
San Marino,2017,34405.0,211.0,260.0,0,6.132829530591485,7.5570411277430605,0.0
San Marino,2018,34557.0,213.0,261.0,0,6.163729490407153,7.552738953034118,0.0
San Marino,2019,34674.0,212.0,264.0,0,6.1140912499279,7.613774009344177,0.0
San Marino,2020,34796.0,212.0,350.0,0,6.092654328083688,10.058627428440051,0.0
San Marino,2021,34599.0,212.0,339.0,0,6.1273447209456915,9.797971039625423,0.0
San Marino,2022,34113.0,205.0,259.0,0,6.0094392167208985,7.59241344941811,0.0
Sao Tome and Principe,2000,144029.0,5724.0,1393.0,427,39.74199640350207,9.671663345576238,74.59818308874914
Sao Tome and Principe,2001,146386.0,5850.0,1381.0,405,39.96283797630921,9.433962264150942,69.23076923076924
Sao Tome and Principe,2002,149932.0,5973.0,1380.0,398,39.838059920497294,9.204172558226396,66.6331826552821
Sao Tome and Principe,2003,153824.0,6084.0,1385.0,379,39.55169544414395,9.003796546702725,62.29454306377384
Sao Tome and Principe,2004,157721.0,6183.0,1369.0,359,39.202135416336446,8.679884099137084,58.06242924146854
Sao Tome and Principe,2005,161650.0,6300.0,1399.0,347,38.97309000927931,8.654500463965357,55.07936507936508
Sao Tome and Principe,2006,165651.0,6435.0,1383.0,320,38.84673198471485,8.348878062915405,49.728049728049726
Sao Tome and Principe,2007,169709.0,6604.0,1378.0,298,38.91366987018956,8.119781508346641,45.124167171411266
Sao Tome and Principe,2008,173808.0,6685.0,1386.0,279,38.46198103654607,7.974316487158243,41.735228122662676
Sao Tome and Principe,2009,177866.0,6739.0,1391.0,256,37.88807304375204,7.820494079812893,37.987832022555274
Sao Tome and Principe,2010,181810.0,6785.0,1397.0,237,37.319179363071335,7.6838457730597876,34.92999263080324
Sao Tome and Principe,2011,185665.0,6841.0,1397.0,218,36.8459321896965,7.524304526970619,31.86668615699459
Sao Tome and Principe,2012,189452.0,6889.0,1389.0,200,36.36277262842303,7.331672402508287,29.031789809841776
Sao Tome and Principe,2013,193158.0,6830.0,1381.0,184,35.35965375495708,7.149587384421045,26.939970717423133
Sao Tome and Principe,2014,196780.0,6743.0,1365.0,168,34.26669376969204,6.936680556967172,24.914726382915617
Sao Tome and Principe,2015,200308.0,6615.0,1341.0,153,33.024142820057115,6.694690177127224,23.12925170068027
Sao Tome and Principe,2016,203702.0,6455.0,1328.0,138,31.68844684882819,6.519327252555203,21.378776142525176
Sao Tome and Principe,2017,206986.0,6326.0,1316.0,126,30.562453499270482,6.357917926816306,19.91779955738223
Sao Tome and Principe,2018,210198.0,6264.0,1309.0,116,29.800473838951845,6.2274617265625745,18.51851851851852
Sao Tome and Principe,2019,213405.0,6237.0,1308.0,107,29.226119350530684,6.129190974906868,17.155683822350486
Sao Tome and Principe,2020,217450.0,6228.0,1356.0,101,28.641066911933777,6.235916302598298,16.217084136159283
Sao Tome and Principe,2021,221975.0,6330.0,1373.0,101,28.516724856402746,6.185381236625746,15.955766192733016
Sao Tome and Principe,2022,226313.0,6399.0,1298.0,92,28.274999668600564,5.73541952958955,14.377246444756993
Saudi Arabia,2000,16177733.0,444729.0,52327.0,9880,27.490192847168387,3.234507579028533,22.215776349192428
Saudi Arabia,2001,17041405.0,435041.0,52877.0,9128,25.52847021709771,3.10285448881709,20.981930438740257
Saudi Arabia,2002,17910909.0,425680.0,53590.0,8484,23.766521285993914,2.992031281047768,19.930464198458935
Saudi Arabia,2003,18786771.0,418984.0,54469.0,7934,22.302076285488337,2.8993274043740676,18.936283963110764
Saudi Arabia,2004,19669486.0,418448.0,55618.0,7512,21.27396719975296,2.8276285409796675,17.95205138989791
Saudi Arabia,2005,20559886.0,433035.0,57089.0,7310,21.06213040286313,2.776717730827885,16.88085258697334
Saudi Arabia,2006,21459141.0,458153.0,58816.0,7187,21.350015827753776,2.7408366439271727,15.686899354582419
Saudi Arabia,2007,22368313.0,486064.0,60850.0,7110,21.730024968802965,2.7203660821448628,14.627703347707298
Saudi Arabia,2008,23287884.0,496355.0,62918.0,6846,21.31387291348583,2.7017482567329862,13.792547672532764
Saudi Arabia,2009,24217656.0,503768.0,65217.0,6628,20.801682871372854,2.6929526127549255,13.15684997856156
Saudi Arabia,2010,25157134.0,506348.0,67127.0,6252,20.127411969900862,2.6683087191092594,12.34723944796859
Saudi Arabia,2011,26105636.0,530576.0,68975.0,6117,20.324193595589858,2.642149764135224,11.528979825698864
Saudi Arabia,2012,27062447.0,551709.0,70166.0,5960,20.38651567613232,2.5927441077298,10.802796401726273
Saudi Arabia,2013,28026825.0,552465.0,70239.0,5651,19.712008049431216,2.5061347476926126,10.228702270732082
Saudi Arabia,2014,28998127.0,574801.0,69367.0,5508,19.822004366006123,2.3921200151996023,9.582446794629794
Saudi Arabia,2015,29974944.0,581656.0,67910.0,5266,19.40474017232526,2.2655588614277313,9.053461152296203
Saudi Arabia,2016,30717804.0,600614.0,66913.0,5113,19.55263468703687,2.178313267445811,8.512955075972256
Saudi Arabia,2017,30782400.0,610217.0,66921.0,4917,19.823568012890483,2.1740020271323877,8.057789278240364
Saudi Arabia,2018,30365119.0,599367.0,67664.0,4614,19.7386679103744,2.2283462811392245,7.698121518201702
Saudi Arabia,2019,30472809.0,550793.0,69947.0,4119,18.074900807470687,2.295390621849138,7.478308547857362
Saudi Arabia,2020,30991206.0,515334.0,76244.0,3727,16.628394519400118,2.460181768983111,7.23220280439482
Saudi Arabia,2021,31328374.0,498172.0,81910.0,3439,15.901623237771611,2.614562760263268,6.903238239001791
Saudi Arabia,2022,32175351.0,489608.0,82698.0,3201,15.216865854858895,2.5702283714014493,6.537883367918825
Senegal,2000,9968262.0,391751.0,107811.0,48094,39.29982979981867,10.815425999035739,122.7667574556287
Senegal,2001,10212941.0,396851.0,107162.0,46648,38.85766107921313,10.49276599169622,117.54537597234227
Senegal,2002,10466216.0,404242.0,105412.0,44789,38.62351015878136,10.071643849123696,110.79749259107169
Senegal,2003,10721176.0,414645.0,105783.0,42731,38.67532815429949,9.866734768648513,103.0544200460635
Senegal,2004,10975711.0,421257.0,103982.0,40554,38.38083929141356,9.473828164753973,96.26902342275619
Senegal,2005,11235473.0,426768.0,102860.0,38531,37.98398162676373,9.154932774080805,90.2855884227496
Senegal,2006,11500094.0,432207.0,100838.0,36290,37.58291019186452,8.768450066582066,83.96439668954922
Senegal,2007,11770348.0,438708.0,98738.0,34469,37.27230494799304,8.388706943923832,78.56934452984673
Senegal,2008,12048963.0,449958.0,98290.0,32952,37.34412662732884,8.157548496082192,73.23350179350074
Senegal,2009,12337390.0,460066.0,97816.0,31648,37.290383136141436,7.928419219948465,68.79013011176657
Senegal,2010,12635418.0,470714.0,97790.0,30523,37.25353605238861,7.739356149515592,64.84404542885913
Senegal,2011,12958902.0,484541.0,97257.0,29636,37.39059065343653,7.505033991305744,61.16303883469098
Senegal,2012,13310499.0,499620.0,97384.0,28916,37.53578284330287,7.316329763444632,57.875985749169374
Senegal,2013,13710857.0,503840.0,97269.0,27894,36.74752059626908,7.09430490012404,55.36281359161639
Senegal,2014,14152103.0,502121.0,97099.0,26634,35.48030988751283,6.861100431504774,53.04299162950763
Senegal,2015,14593335.0,503549.0,96522.0,25456,34.505409490017186,6.614115279338137,50.55317357397195
Senegal,2016,15034517.0,508586.0,97110.0,24399,33.82789084611099,6.4591366653148885,47.97418725643254
Senegal,2017,15475001.0,507600.0,97223.0,23228,32.80129028747721,6.2825844082336415,45.760441292356184
Senegal,2018,15914495.0,502828.0,97378.0,22041,31.59559885500608,6.118824379912778,43.834074474770695
Senegal,2019,16352926.0,497216.0,97770.0,20934,30.40532318191864,5.97874655581515,42.10242630969237
Senegal,2020,16789217.0,502517.0,101605.0,20177,29.930937220002576,6.051800986311631,40.15187545893969
Senegal,2021,17220866.0,511625.0,108605.0,19561,29.709597647412156,6.306593408252523,38.233080869777666
Senegal,2022,17651099.0,520006.0,104498.0,18987,29.460261936098146,5.920197943482159,36.51304023415115
Serbia,2000,7694608.0,71629.0,99780.0,949,9.308986240754566,12.967522192163655,13.248823800416032
Serbia,2001,7651927.0,71775.0,102599.0,906,9.379990164569003,13.408256508458589,12.622779519331244
Serbia,2002,7616741.0,72229.0,101333.0,843,9.482927146925437,13.303983947990355,11.671212393913802
Serbia,2003,7590946.0,72380.0,103314.0,764,9.535043458351568,13.610161368556698,10.555402044763747
Serbia,2004,7565843.0,71530.0,104935.0,686,9.454333112648518,13.869571441014571,9.590381658045574
Serbia,2005,7539139.0,69786.0,105035.0,628,9.25649467399394,13.931962257228578,8.998939615395638
Serbia,2006,7511395.0,68401.0,104595.0,586,9.106297831494683,13.924843521076978,8.567126211605094
Serbia,2007,7482996.0,67658.0,103335.0,557,9.041565704431754,13.809308464149922,8.232581512903131
Serbia,2008,7454285.0,67806.0,103664.0,544,9.096244643181741,13.906632225625932,8.02288882989706
Serbia,2009,7425346.0,68772.0,103895.0,545,9.261790629015806,13.99194057758386,7.92473681149305
Serbia,2010,7395872.0,69979.0,103484.0,535,9.461899827363156,13.99212966368266,7.645150688063562
Serbia,2011,7364858.0,69521.0,102266.0,509,9.439557422559947,13.885671658571015,7.321528746709627
Serbia,2012,7324624.0,70637.0,100473.0,495,9.64377147550509,13.717154628005478,7.0076588756600655
Serbia,2013,7276183.0,68926.0,99605.0,477,9.472823869328192,13.689182913623805,6.920465426689494
Serbia,2014,7227203.0,69191.0,99746.0,465,9.573689849309616,13.801466487104346,6.7205272362012405
Serbia,2015,7177257.0,68037.0,99747.0,427,9.479526788576749,13.897649199408631,6.275996884048386
Serbia,2016,7126083.0,66824.0,100354.0,400,9.37738165553222,14.082631369856344,5.985873338920148
Serbia,2017,7073507.0,66466.0,101112.0,382,9.39647052021013,14.294465248991767,5.747299371107032
Serbia,2018,7020014.0,65331.0,100118.0,384,9.306391696654737,14.26179491949731,5.877760940441751
Serbia,2019,6966155.0,65097.0,100266.0,371,9.344753310829288,14.393305919836697,5.699187366545309
Serbia,2020,6907814.0,62501.0,114913.0,355,9.04786955757639,16.635219188009405,5.679909121454056
Serbia,2021,6835429.0,62470.0,135637.0,345,9.139148398732544,19.84323149285875,5.522650872418761
Serbia,2022,6791215.0,61240.0,107640.0,303,9.017532208890456,15.849888422027576,4.947746570868714
Seychelles,2000,83339.0,1469.0,637.0,21,17.62680137750633,7.643480243343452,14.295439074200136
Seychelles,2001,84621.0,1422.0,649.0,20,16.804339348388698,7.669491024686543,14.064697609001406
Seychelles,2002,85878.0,1463.0,665.0,21,17.03579496495028,7.74354316588649,14.354066985645934
Seychelles,2003,87056.0,1482.0,670.0,21,17.02352508730013,7.696195552288183,14.17004048582996
Seychelles,2004,88175.0,1477.0,685.0,21,16.750779699461297,7.768641905301957,14.218009478672984
Seychelles,2005,89288.0,1583.0,682.0,22,17.729146133858972,7.638204461965774,13.897662665824383
Seychelles,2006,90391.0,1524.0,690.0,21,16.86008562799394,7.633503335509067,13.779527559055119
Seychelles,2007,91483.0,1610.0,693.0,22,17.598898155941544,7.575177901905271,13.664596273291925
Seychelles,2008,92563.0,1675.0,702.0,23,18.095783412378598,7.584023854023746,13.73134328358209
Seychelles,2009,93644.0,1709.0,712.0,23,18.249967963777713,7.603263423177139,13.458162668227034
Seychelles,2010,94993.0,1583.0,724.0,22,16.664385796848187,7.621614224205993,13.897662665824383
Seychelles,2011,97041.0,1709.0,751.0,25,17.611112828598223,7.738996918828124,14.628437682855472
Seychelles,2012,99565.0,1766.0,767.0,26,17.73715663134636,7.703510269673077,14.722536806342015
Seychelles,2013,102108.0,1626.0,781.0,24,15.924315430720412,7.648764053747013,14.760147601476014
Seychelles,2014,104663.0,1632.0,809.0,24,15.592902936090118,7.729570144177025,14.705882352941176
Seychelles,2015,107247.0,1697.0,835.0,24,15.823286432254516,7.785765569200071,14.142604596346494
Seychelles,2016,109836.0,1776.0,860.0,25,16.169561892275755,7.829855420809207,14.076576576576576
Seychelles,2017,112443.0,1809.0,886.0,26,16.088151330007204,7.879547859804523,14.372581536760642
Seychelles,2018,115053.0,1807.0,922.0,26,15.705805150669692,8.013698034818736,14.388489208633095
Seychelles,2019,117662.0,1797.0,961.0,26,15.272560384831126,8.167462732233007,14.468558708959376
Seychelles,2020,120299.0,1779.0,826.0,25,14.788152852475914,6.866224989401408,14.05283867341203
Seychelles,2021,123000.0,1764.0,1129.0,27,14.341463414634147,9.178861788617887,15.306122448979592
Seychelles,2022,125533.0,1744.0,1185.0,27,13.892761265961939,9.43974891064501,15.48165137614679
Sierra Leone,2000,4423615.0,199261.0,88508.0,43998,45.04483324159087,20.00807032257554,220.80587771816863
Sierra Leone,2001,4692715.0,206540.0,89893.0,44381,44.01290084737727,19.155861798553715,214.87847390336012
Sierra Leone,2002,4971435.0,220140.0,93716.0,46161,44.28097722287428,18.850895164072345,209.68928863450532
Sierra Leone,2003,5177686.0,225091.0,94781.0,46210,43.473281307518455,18.305667821494,205.29474745769488
Sierra Leone,2004,5355715.0,227428.0,94773.0,45576,42.46454488336291,17.69567648763984,200.3974884359006
Sierra Leone,2005,5501707.0,230908.0,93667.0,44608,41.97024668889129,17.02507967072765,193.1851646543212
Sierra Leone,2006,5624464.0,235141.0,91016.0,43640,41.80682817064879,16.18216420266891,185.59077319565705
Sierra Leone,2007,5749353.0,236058.0,90317.0,42375,41.058185155790575,15.709071959923142,179.51096764354523
Sierra Leone,2008,5894728.0,239259.0,89412.0,41215,40.588641240104714,15.168129895051985,172.26102257386347
Sierra Leone,2009,6055655.0,241335.0,88668.0,40053,39.85283177459746,14.642181564174313,165.9643234508049
Sierra Leone,2010,6222715.0,243404.0,88064.0,38798,39.115402199843636,14.152022067538045,159.39754482259946
Sierra Leone,2011,6387258.0,246024.0,87171.0,37584,38.51793680480732,13.647640348957253,152.76558384547852
Sierra Leone,2012,6551078.0,247465.0,86545.0,36398,37.774699064795136,13.210802863284487,147.08342593902168
Sierra Leone,2013,6714057.0,245736.0,84472.0,34845,36.60022546725475,12.58136473967975,141.79851548002733
Sierra Leone,2014,6876385.0,244938.0,84802.0,33999,35.620169609467766,12.332351955278826,138.80655512823654
Sierra Leone,2015,7037660.0,243911.0,81635.0,32451,34.65796869982352,11.599736275978096,133.04443014050207
Sierra Leone,2016,7205339.0,246383.0,77599.0,30826,34.19450493585382,10.769652892112363,125.1141515445465
Sierra Leone,2017,7379300.0,249479.0,76228.0,30164,33.807949263480275,10.329977098098736,120.90797221409417
Sierra Leone,2018,7554568.0,251868.0,73099.0,29089,33.33982829991073,9.676132374478595,115.49303603474837
Sierra Leone,2019,7731994.0,253675.0,72604.0,28260,32.80848381413643,9.39007453963363,111.40238494136199
Sierra Leone,2020,7912557.0,254755.0,73734.0,27432,32.19629255119426,9.318605856488617,107.6799277737434
Sierra Leone,2021,8094603.0,256143.0,72817.0,26617,31.643676657150447,8.995746919274485,103.91461019820959
Sierra Leone,2022,8276809.0,257167.0,70547.0,25804,31.070790687570536,8.523453905967868,100.33946812771467
Singapore,2000,4035251.0,51230.0,17865.0,195,12.69561670389277,4.427233894496278,3.8063634589107944
Singapore,2001,4116169.0,45971.0,17736.0,170,11.168394689333697,4.308860982141404,3.697983511344108
Singapore,2002,4146898.0,45956.0,17743.0,161,11.08201841472831,4.278619826192976,3.5033510314213596
Singapore,2003,4138241.0,41964.0,17434.0,144,10.140540389020359,4.2129010852678705,3.4315127251930226
Singapore,2004,4172767.0,41159.0,17114.0,131,9.863718726686633,4.1013552877503106,3.1827789790811245
Singapore,2005,4268363.0,41601.0,16965.0,126,9.746359435689982,3.9745916642984676,3.0287733467945483
Singapore,2006,4407064.0,42364.0,17254.0,125,9.612748986626926,3.9150781563417274,2.950618449627042
Singapore,2007,4596516.0,43655.0,17768.0,126,9.497410647542615,3.865536419322809,2.886267323330661
Singapore,2008,4806742.0,44452.0,18366.0,127,9.247843965829661,3.8208832510669386,2.8570143075677135
Singapore,2009,4968574.0,44518.0,18974.0,126,8.959914856858326,3.8188019339150427,2.830315827305809
Singapore,2010,5077020.0,42643.0,19713.0,122,8.399218439163132,3.8827895103820746,2.8609619398259976
Singapore,2011,5182242.0,44984.0,19888.0,125,8.680412840619947,3.837721202521997,2.7787657833896495
Singapore,2012,5293345.0,48924.0,20182.0,132,9.242548898664266,3.812711999690177,2.698062300711307
Singapore,2013,5385589.0,45704.0,20642.0,126,8.486351260744183,3.832821256876453,2.7568702958165585
Singapore,2014,5457899.0,48538.0,21312.0,130,8.89316566686192,3.904799264332301,2.6783138983888914
Singapore,2015,5525343.0,47632.0,21989.0,127,8.620641288694657,3.9796624390558195,2.666274773261673
Singapore,2016,5577936.0,46597.0,22656.0,124,8.353806856156112,4.061717452477046,2.6611155224585272
Singapore,2017,5604087.0,46704.0,23204.0,121,8.333917728257966,4.140549566771536,2.590784515244947
Singapore,2018,5634366.0,47730.0,23586.0,120,8.471228173675618,4.186096536859694,2.51414204902577
Singapore,2019,5669562.0,47479.0,23927.0,116,8.374368249258055,4.220255462414909,2.4431854082857685
Singapore,2020,5620151.0,47113.0,24806.0,127,8.38287085169064,4.413760413198863,2.695646636809373
Singapore,2021,5546291.0,45626.0,26076.0,107,8.226398506677706,4.701520349365008,2.3451540788147107
Singapore,2022,5649888.0,45168.0,28340.0,107,7.994494758126179,5.016028636319871,2.3689337584130357
Sint Maarten (Dutch part),2000,30796.0,540.0,112.0,9,17.53474477204832,3.6368359527211327,16.666666666666668
Sint Maarten (Dutch part),2001,30751.0,501.0,116.0,8,16.29215310071217,3.7722350492666905,15.968063872255488
Sint Maarten (Dutch part),2002,30986.0,470.0,119.0,8,15.168140450526044,3.8404440715161687,17.02127659574468
Sint Maarten (Dutch part),2003,31346.0,448.0,119.0,7,14.292094685127289,3.796337650736936,15.625
Sint Maarten (Dutch part),2004,31714.0,434.0,120.0,7,13.684807971242984,3.783817872233083,16.129032258064516
Sint Maarten (Dutch part),2005,32083.0,433.0,121.0,7,13.496244116821993,3.771467755509148,16.166281755196305
Sint Maarten (Dutch part),2006,32448.0,444.0,129.0,7,13.683431952662723,3.9755917159763317,15.765765765765764
Sint Maarten (Dutch part),2007,32811.0,397.0,134.0,6,12.099600743653044,4.083996220779616,15.113350125944583
Sint Maarten (Dutch part),2008,33165.0,435.0,143.0,7,13.116236996834012,4.311774461028192,16.091954022988507
Sint Maarten (Dutch part),2009,33514.0,430.0,154.0,7,12.830458912693203,4.595094587336635,16.27906976744186
Sint Maarten (Dutch part),2010,33814.0,462.0,165.0,7,13.662979830839298,4.879635653871178,15.151515151515152
Sint Maarten (Dutch part),2011,34288.0,495.0,174.0,8,14.43653756416239,5.074661689220719,16.161616161616163
Sint Maarten (Dutch part),2012,35040.0,493.0,175.0,8,14.069634703196348,4.994292237442922,16.227180527383368
Sint Maarten (Dutch part),2013,35871.0,486.0,181.0,7,13.548548967132223,5.045858771709738,14.40329218106996
Sint Maarten (Dutch part),2014,36695.0,474.0,190.0,7,12.917291184085025,5.177817141299904,14.767932489451477
Sint Maarten (Dutch part),2015,37490.0,459.0,199.0,6,12.243264870632169,5.308082155241397,13.071895424836601
Sint Maarten (Dutch part),2016,38274.0,441.0,212.0,6,11.5221821602132,5.539008204002717,13.605442176870747
Sint Maarten (Dutch part),2017,39012.0,426.0,233.0,6,10.919717010150723,5.972521275504973,14.084507042253522
Sint Maarten (Dutch part),2018,39736.0,415.0,250.0,6,10.44392993758808,6.291524058788001,14.457831325301205
Sint Maarten (Dutch part),2019,40410.0,405.0,272.0,6,10.02227171492205,6.731007176441475,14.814814814814815
Sint Maarten (Dutch part),2020,41027.0,400.0,318.0,5,9.749677041947985,7.750993248348649,12.5
Sint Maarten (Dutch part),2021,41593.0,394.0,360.0,5,9.472747818142476,8.655302574952517,12.690355329949238
Sint Maarten (Dutch part),2022,42163.0,388.0,329.0,5,9.202381234731874,7.8030500675948105,12.886597938144329
Slovakia,2000,5380001.0,54799.0,53144.0,559,10.185685839091851,9.878065078426566,10.20091607511086
Slovakia,2001,5379439.0,51253.0,52339.0,411,9.527573414253792,9.729453201346832,8.019042787739254
Slovakia,2002,5377685.0,50745.0,51734.0,464,9.436216513239433,9.620124644712362,9.143758005714849
Slovakia,2003,5376197.0,51696.0,52472.0,502,9.615719066842232,9.760059015694551,9.710615908387496
Slovakia,2004,5376038.0,53652.0,52021.0,463,9.979840172260687,9.676456900044233,8.629687616491465
Slovakia,2005,5376697.0,54374.0,53616.0,465,10.112900169007107,9.971921423133942,8.55188141391106
Slovakia,2006,5376847.0,53950.0,53306.0,427,10.033761421889075,9.913988625675977,7.914735866543095
Slovakia,2007,5376993.0,54554.0,53769.0,409,10.145819419887658,9.999827040875822,7.497158778458042
Slovakia,2008,5379127.0,57438.0,52913.0,409,10.677940862894667,9.836726294062215,7.120721473588913
Slovakia,2009,5385074.0,61070.0,52653.0,436,11.340605532997317,9.77758151512867,7.139348288848861
Slovakia,2010,5391857.0,60529.0,53027.0,408,11.226002470020997,9.834645095372522,6.7405706355631185
Slovakia,2011,5398105.0,60669.0,51464.0,363,11.23894403684256,9.533715998484654,5.983286357118133
Slovakia,2012,5404877.0,57845.0,52009.0,394,10.702371210297663,9.62260565781608,6.811306076583974
Slovakia,2013,5410422.0,57249.0,51662.0,368,10.581244864078995,9.548608223166326,6.428059878775175
Slovakia,2014,5415238.0,57348.0,50969.0,389,10.590116260818084,9.412144027649385,6.783148496896143
Slovakia,2015,5420278.0,55555.0,53236.0,359,10.249474288957135,9.821636454809145,6.462064620646206
Slovakia,2016,5427262.0,57430.0,51834.0,356,10.581762958928461,9.550672143707084,6.198850774856347
Slovakia,2017,5435702.0,57903.0,53390.0,317,10.652349963261415,9.822098415255288,5.474673160285304
Slovakia,2018,5443229.0,57597.0,53771.0,340,10.581403060573054,9.878511449729563,5.903085230133514
Slovakia,2019,5450627.0,57083.0,52697.0,352,10.472740108615028,9.668062041302772,6.166459366186079
Slovakia,2020,5455028.0,56663.0,59739.0,343,10.387297737060194,10.951181185504456,6.053332862714646
Slovakia,2021,5442766.0,56781.0,74407.0,319,10.432379418846962,13.670806351035484,5.618076469241472
Slovakia,2022,5473195.0,52754.0,58388.0,324,9.638611450898425,10.667991913315715,6.141714372369868
Slovenia,2000,1986817.0,18095.0,18765.0,95,9.107532299149847,9.444755103263159,5.250069079856313
Slovenia,2001,1989684.0,17420.0,18656.0,88,8.755159110692954,9.376363281807564,5.051664753157291
Slovenia,2002,1991571.0,17468.0,18951.0,84,8.77096523297437,9.515603510997098,4.808793221891459
Slovenia,2003,1992499.0,17331.0,19221.0,96,8.698122307715085,9.646679872863174,5.539207200969361
Slovenia,2004,1993548.0,17967.0,18948.0,87,9.012574565548459,9.504662039740202,4.842210719652696
Slovenia,2005,1996915.0,18151.0,18501.0,84,9.08952058550314,9.264790940024989,4.627844195912071
Slovenia,2006,2003116.0,18939.0,18577.0,81,9.454769469167038,9.2740510284976,4.276888959290353
Slovenia,2007,2014159.0,19867.0,18400.0,72,9.863670147192947,9.135326456352253,3.6241002667740476
Slovenia,2008,2025090.0,21843.0,18614.0,69,10.786187280565308,9.191690245865617,3.1589067435791787
Slovenia,2009,2035610.0,21849.0,18596.0,68,10.733391956219512,9.135345179086366,3.112270584466108
Slovenia,2010,2044611.0,22373.0,18804.0,75,10.942423766672487,9.196859451504467,3.3522549501631427
Slovenia,2011,2048805.0,22017.0,18991.0,69,10.74626428576658,9.26930576604411,3.1339419539446793
Slovenia,2012,2053322.0,21989.0,19288.0,69,10.70898767947745,9.393558341068765,3.1379326026649688
Slovenia,2013,2056452.0,21191.0,19403.0,57,10.304641197557736,9.43518253769113,2.689821150488415
Slovenia,2014,2058395.0,21205.0,19647.0,55,10.301715657101772,9.54481525654697,2.5937278943645365
Slovenia,2015,2059946.0,20695.0,19800.0,48,10.046379856559348,9.611902447928246,2.3194008214544577
Slovenia,2016,2061379.0,20392.0,20336.0,49,9.892406976106772,9.865240695670229,2.4029030992546097
Slovenia,2017,2062410.0,20288.0,20821.0,49,9.837035313056086,10.095470832666637,2.4152208201892744
Slovenia,2018,2069484.0,19535.0,20860.0,45,9.439551115157208,10.079807333615529,2.303557716918352
Slovenia,2019,2083438.0,19241.0,20994.0,49,9.235216022747018,10.076613750925153,2.546645184761707
Slovenia,2020,2102421.0,18658.0,23811.0,44,8.87453083849524,11.325514728020696,2.3582377532425767
Slovenia,2021,2113495.0,19399.0,23087.0,44,9.178635388302315,10.92361231041474,2.2681581524820866
Slovenia,2022,2115231.0,18164.0,22493.0,56,8.587241771702475,10.633826754619236,3.0830213609337154
Solomon Islands,2000,440481.0,15612.0,2673.0,476,35.44307245942504,6.068366172434225,30.48936715347169
Solomon Islands,2001,449137.0,15772.0,2713.0,477,35.116234022135785,6.040473174109459,30.24346943951306
Solomon Islands,2002,457676.0,15946.0,2752.0,477,34.84124140221466,6.012987353498982,29.913457920481626
Solomon Islands,2003,466164.0,16134.0,2789.0,476,34.610137204932165,5.9828729803245215,29.50291310276435
Solomon Islands,2004,474618.0,16273.0,2831.0,475,34.28652094947937,5.964796952496535,29.189454925336445
Solomon Islands,2005,483090.0,16438.0,2865.0,474,34.02678589910783,5.930571943116189,28.83562477187006
Solomon Islands,2006,491602.0,16711.0,2914.0,475,33.99294551283355,5.927559285763687,28.424391119621806
Solomon Islands,2007,500168.0,16977.0,3018.0,488,33.94259528798324,6.0339725852113695,28.744772339046946
Solomon Islands,2008,508802.0,17221.0,3002.0,470,33.84617198831766,5.900134040353615,27.292259450670695
Solomon Islands,2009,518150.0,17450.0,3070.0,478,33.67750651355785,5.924925214706167,27.392550143266476
Solomon Islands,2010,532976.0,17696.0,3092.0,461,33.202245504488005,5.801386929242592,26.051084990958408
Solomon Islands,2011,552958.0,18226.0,3139.0,463,32.96091204033579,5.6767421757167815,25.40327005376934
Solomon Islands,2012,573623.0,18776.0,3192.0,463,32.73229978574778,5.5646304279988765,24.65913932680017
Solomon Islands,2013,594952.0,19327.0,3287.0,469,32.48497357770039,5.5248154472965885,24.26657008330315
Solomon Islands,2014,616915.0,20083.0,3431.0,497,32.55391747647569,5.561544134929448,24.747298710352037
Solomon Islands,2015,639423.0,20394.0,3484.0,465,31.89437977676749,5.448662309613511,22.80082377169756
Solomon Islands,2016,662387.0,20624.0,3599.0,453,31.13587676086638,5.433379580215191,21.964701318851823
Solomon Islands,2017,685677.0,20627.0,3731.0,442,30.08267741225096,5.441337539395371,21.428225141804432
Solomon Islands,2018,709109.0,20668.0,3877.0,430,29.146435879392307,5.46742461314128,20.805109347784015
Solomon Islands,2019,728156.0,20689.0,4038.0,418,28.4128675723334,5.545514972066425,20.20397312581565
Solomon Islands,2020,744505.0,20820.0,4330.0,422,27.964889423173787,5.815944822398775,20.26897214217099
Solomon Islands,2021,762594.0,21123.0,4498.0,400,27.69888040031786,5.898289260078101,18.9367040666572
Solomon Islands,2022,781075.0,21310.0,4060.0,390,27.28291137214736,5.197964344013059,18.301267010793055
Somalia,2000,8838714.0,445848.0,139202.0,73759,50.442632265282036,15.749123684735133,165.43530530584414
Somalia,2001,9198495.0,463365.0,144307.0,76508,50.374001399141925,15.688109848404551,165.1138950935008
Somalia,2002,9550069.0,481061.0,149855.0,79426,50.37251563313312,15.691509663438033,165.10588054321593
Somalia,2003,9909161.0,496679.0,155485.0,82150,50.123214266071564,15.691035800104569,165.39857735076376
Somalia,2004,10281001.0,513060.0,161109.0,84839,49.903701011214764,15.670555814555412,165.3588274275913
Somalia,2005,10644234.0,528109.0,165000.0,86876,49.61456127326776,15.50135030853324,164.50391869860198
Somalia,2006,10975502.0,542089.0,169501.0,88644,49.39081601916705,15.443576066042354,163.5229639413454
Somalia,2007,11322581.0,553760.0,173462.0,89945,48.90757681486226,15.320005217891573,162.42596070499857
Somalia,2008,11663090.0,568732.0,174467.0,90178,48.76340661008361,14.958900257135973,158.5597434292426
Somalia,2009,11961205.0,579234.0,173448.0,89489,48.42605740809559,14.50088013707649,154.49541981306348
Somalia,2010,12261761.0,589320.0,203760.0,106533,48.06161203109407,16.6175152166153,180.77275503970677
Somalia,2011,12348829.0,599911.0,396692.0,225798,48.58039576060208,32.12385563035977,376.38583056486715
Somalia,2012,12461163.0,600115.0,200649.0,103464,48.158827550847384,16.101948108695794,172.40695533356106
Somalia,2013,12869599.0,614448.0,165934.0,82088,47.7441449418898,12.893486424868405,133.59633361976927
Somalia,2014,13339497.0,633049.0,168569.0,82701,47.45673693693248,12.636833307882599,130.63917643026053
Somalia,2015,13806969.0,651292.0,169719.0,83080,47.1712509820222,12.292270664184151,127.56183094525959
Somalia,2016,14348741.0,668096.0,172953.0,83601,46.56129760792253,12.053531386481922,125.13321438835138
Somalia,2017,14916630.0,688481.0,209919.0,106117,46.15526429226976,14.072816715303658,154.13206755161
Somalia,2018,15452489.0,705717.0,191470.0,93395,45.670118257324106,12.390884083463837,132.3405841151623
Somalia,2019,16030969.0,723617.0,174869.0,82381,45.13869373710347,10.908198999074854,113.84613683758121
Somalia,2020,16651200.0,741705.0,180399.0,81722,44.54363649466705,10.833993946382243,110.1812715297861
Somalia,2021,17271435.0,761567.0,195162.0,81319,44.09401998154756,11.299698027407683,106.77852375431183
Somalia,2022,17801895.0,779534.0,228085.0,110772,43.78938309657483,12.812400028199244,142.1002804239456
South Africa,2000,47159715.0,1017081.0,490138.0,72033,21.566733386747565,10.393150170648825,70.82326776333448
South Africa,2001,47566805.0,1011545.0,526754.0,74632,21.265775576055614,11.073983211611543,73.78020750436214
South Africa,2002,48019414.0,1004942.0,574030.0,78704,20.927827232543905,11.954123388511155,78.31695759556273
South Africa,2003,48500351.0,1037337.0,622283.0,82519,21.388236963480946,12.830484463916559,79.548883342636
South Africa,2004,48991420.0,1084498.0,641921.0,84228,22.136488389191413,13.102722884945976,77.66542676888292
South Africa,2005,49490041.0,1124291.0,659846.0,85178,22.71752007641295,13.332904694906192,75.76152437402772
South Africa,2006,49998271.0,1157144.0,669557.0,82786,23.143680308465065,13.391603081634562,71.543386129989
South Africa,2007,50528575.0,1166581.0,663057.0,80802,23.0875499655393,13.122416375288637,69.26394309525014
South Africa,2008,51114595.0,1243597.0,648296.0,80558,24.329587273458785,12.683187649241866,64.7782199538918
South Africa,2009,51728518.0,1178323.0,624186.0,68430,22.778982378733527,12.06657418640913,58.074059489630606
South Africa,2010,52344047.0,1160896.0,594055.0,62553,22.17818580210277,11.349046052935112,53.883379734274214
South Africa,2011,52995212.0,1169887.0,568156.0,48923,22.075333899975718,10.72089304973438,41.818568801944124
South Africa,2012,53782570.0,1189588.0,545852.0,49672,22.118467005202614,10.149236081503728,41.755633042700495
South Africa,2013,54678789.0,1197126.0,544728.0,50724,21.893791393221967,9.9623274392562,42.37147969386681
South Africa,2014,55594840.0,1211091.0,536322.0,50162,21.78423393250165,9.646974431440041,41.41885291856681
South Africa,2015,56723536.0,1191603.0,522822.0,46542,21.007205897742338,9.217020603228967,39.05831052791912
South Africa,2016,57259550.0,1160623.0,519287.0,42551,20.269509627651633,9.069002463344543,36.6622064184494
South Africa,2017,57635158.0,1154876.0,508901.0,38178,20.037699905325148,8.8296973177379,33.058094548678824
South Africa,2018,58613001.0,1163460.0,515170.0,40686,19.849862319794887,8.789346923219306,34.96983136506627
South Africa,2019,59587880.0,1173511.0,521415.0,42762,19.693786723071874,8.750353259756851,36.439368697864786
South Africa,2020,60562374.0,1182285.0,586416.0,34375,19.52177436109093,9.682843674523063,29.075053815281425
South Africa,2021,61502602.0,1190312.0,733898.0,43310,19.353847825820445,11.932795949023426,36.38541827688875
South Africa,2022,62378417.0,1190146.0,586473.0,49001,19.07945179179523,9.401857697030048,41.17225953790543
South Korea,2000,46766660.0,599446.0,239372.0,4657,12.817806531405065,5.118432661216346,7.768839895503515
South Korea,2001,47043467.0,541042.0,234535.0,4089,11.500895544114552,4.985495648099235,7.557638778505181
South Korea,2002,47299118.0,489165.0,238255.0,3560,10.341947602490178,5.037197522372404,7.277707930861775
South Korea,2003,47514158.0,472791.0,243514.0,3188,9.950528850790116,5.125082927913823,6.742937154049041
South Korea,2004,47697076.0,455459.0,244369.0,2848,9.548992059806768,5.123353892804666,6.253032654970041
South Korea,2005,47851646.0,432815.0,244402.0,2527,9.04493442085566,5.10749410793518,5.838522232362557
South Korea,2006,48006518.0,440301.0,242709.0,2339,9.171692060648931,5.055750971149376,5.312275011866881
South Korea,2007,48178122.0,462242.0,245911.0,2244,9.594437906898904,5.104204767466859,4.8545999714435295
South Korea,2008,48356485.0,447507.0,245168.0,2063,9.254332691881967,5.070012843158472,4.609983754444064
South Korea,2009,48546690.0,437242.0,244866.0,1926,9.00662846426811,5.043927814646065,4.404883336916399
South Korea,2010,48769329.0,449665.0,254107.0,1887,9.220241680995857,5.210385404318358,4.196457362703345
South Korea,2011,49127640.0,455314.0,256248.0,1852,9.267980305994753,5.215963966516608,4.067522632732576
South Korea,2012,49599580.0,460037.0,267037.0,1776,9.275018054588367,5.383856072974812,3.8605590419901006
South Korea,2013,50071168.0,433882.0,267513.0,1651,8.665306149838566,5.342655477898977,3.8051820541068766
South Korea,2014,50539055.0,427701.0,268254.0,1584,8.46278190203596,5.307855479292202,3.7035218528832057
South Korea,2015,50983909.0,424787.0,278963.0,1522,8.331785622793262,5.471589085097418,3.582972171935582
South Korea,2016,51297836.0,397938.0,283900.0,1406,7.75740325576307,5.534346517073352,3.5332137167096382
South Korea,2017,51486268.0,356023.0,288801.0,1245,6.914911758607168,5.6092820710951505,3.4969650837165016
South Korea,2018,51640894.0,322572.0,302790.0,1106,6.246444920182831,5.8633764163726525,3.4286918889426237
South Korea,2019,51767844.0,295280.0,307997.0,988,5.703926939665481,5.949581365606031,3.3459767000812786
South Korea,2020,51858481.0,270034.0,317300.0,886,5.207132850651757,6.1185748961679,3.2810683099165288
South Korea,2021,51848401.0,259300.0,328056.0,800,5.001118549441863,6.3272153754558405,3.0852294639413804
South Korea,2022,51782515.0,256588.0,390618.0,780,4.9551088818300935,7.5434343040310035,3.0398927463482313
South Sudan,2000,6032274.0,300504.0,104445.0,52864,49.81603952340361,17.314366025150715,175.9177914437079
South Sudan,2001,6308399.0,308610.0,104502.0,52014,48.92049472457275,16.56553429800493,168.54282103625937
South Sudan,2002,6596810.0,316840.0,104819.0,51159,48.029274755525776,15.889346517483451,161.46635525817447
South Sudan,2003,6903129.0,322861.0,97039.0,48861,46.77023998827198,14.057248531788991,151.33757251572658
South Sudan,2004,7233040.0,329197.0,97319.0,47629,45.51295167730304,13.454785263181181,144.68236344802656
South Sudan,2005,7590147.0,336242.0,96973.0,46227,44.29980078119699,12.776168893698634,137.48133784595618
South Sudan,2006,7976532.0,344447.0,97742.0,45262,43.182551013397806,12.253696217855078,131.4048315125404
South Sudan,2007,8388785.0,354907.0,98352.0,44219,42.30731864030369,11.72422466423922,124.59320328987594
South Sudan,2008,8817645.0,367030.0,98760.0,43287,41.62449270751998,11.200269459702676,117.93858812631119
South Sudan,2009,9243560.0,379219.0,100362.0,42789,41.025211065866394,10.857505117076105,112.83453624422827
South Sudan,2010,9745955.0,388645.0,101243.0,42188,39.877569719950486,10.388207210068176,108.5515058729689
South Sudan,2011,10288112.0,409377.0,106193.0,42829,39.791265880464756,10.321913291768206,104.61994689491594
South Sudan,2012,10756245.0,421012.0,108041.0,42844,39.141168688515364,10.044490433232044,101.7643202569048
South Sudan,2013,11166280.0,427613.0,111629.0,43211,38.29502752931147,9.996973029513857,101.05165184407397
South Sudan,2014,11235071.0,429073.0,201468.0,82489,38.19050186687739,17.93206291264203,192.2493375253162
South Sudan,2015,11107569.0,393286.0,244748.0,104456,35.40702740626685,22.034344328628524,265.5980634957766
South Sudan,2016,10830108.0,379614.0,269060.0,111976,35.0517280160087,24.84370423637511,294.97331499891993
South Sudan,2017,10259150.0,336518.0,264325.0,108139,32.80174283444535,25.764805076443952,321.34685217432644
South Sudan,2018,10122983.0,294258.0,125764.0,44597,29.06830921280812,12.423610708424583,151.55747677208436
South Sudan,2019,10423382.0,306667.0,96962.0,30415,29.42106506314361,9.302355032176697,99.17924002256518
South Sudan,2020,10698471.0,314978.0,102649.0,30763,29.441403355675778,9.594735546789817,97.66713865730304
South Sudan,2021,10865786.0,322632.0,109067.0,31384,29.692467714714795,10.037653971834159,97.27491383371768
South Sudan,2022,11021175.0,320345.0,109174.0,31426,29.066320061155004,9.905840348238732,98.10048541416286
Spain,2000,41019772.0,399049.0,356198.0,2122,9.72821106855494,8.68356849960063,5.317642695508572
Spain,2001,41245602.0,406377.0,355154.0,1987,9.852614104165578,8.610711997851311,4.889548375031067
Spain,2002,41755703.0,413223.0,363436.0,2074,9.896205076465842,8.70386495468655,5.01908170648778
Spain,2003,42506540.0,434713.0,379132.0,2130,10.226967426659522,8.919380405932829,4.899784455491324
Spain,2004,43234562.0,447528.0,366647.0,2145,10.351163034796096,8.480414349982313,4.792996192417011
Spain,2005,43958883.0,458937.0,382153.0,2074,10.440142439470083,8.693419257263658,4.519138792470426
Spain,2006,44695446.0,473449.0,366646.0,2007,10.59277940754859,8.203207100786063,4.239104951114059
Spain,2007,45516501.0,483893.0,380618.0,2032,10.631155501166488,8.362198139966866,4.199275459657404
Spain,2008,46235055.0,509388.0,382016.0,2041,11.017354688990855,8.2624753014785,4.006768907002128
Spain,2009,46635182.0,490774.0,381576.0,1908,10.523685744380712,8.182148833470832,3.887736514159267
Spain,2010,46840469.0,481432.0,379018.0,1866,10.2781208275263,8.091678159755403,3.8759367885807343
Spain,2011,46998040.0,466867.0,384310.0,1748,9.933754684237897,8.177149515171271,3.7441069940689746
Spain,2012,47018323.0,451253.0,400520.0,1649,9.597386108390126,8.518381227675858,3.6542693344974992
Spain,2013,46860394.0,426037.0,388410.0,1406,9.091622234332899,8.288662703092081,3.3001828479686037
Spain,2014,46720187.0,424669.0,394088.0,1450,9.08962543322012,8.435068977784699,3.4144239395858893
Spain,2015,46683683.0,417031.0,420770.0,1305,8.933121236385741,9.013213460471832,3.1292637717579748
Spain,2016,46732768.0,406867.0,409459.0,1318,8.70624654632056,8.761710840667515,3.239387809775676
Spain,2017,46868594.0,389984.0,423362.0,1257,8.320795797714776,9.032957122630988,3.2232091572987613
Spain,2018,47092817.0,370110.0,426882.0,1199,7.8591603471077125,9.0646945159386,3.2395774229283187
Spain,2019,47435121.0,357540.0,418411.0,1154,7.537453103576989,8.820700594397135,3.2276108966828887
Spain,2020,47679482.0,343355.0,495379.0,1043,7.201315651877259,10.389773110370621,3.0376723798983556
Spain,2021,47735670.0,340310.0,457182.0,1068,7.129050456398748,9.577366359370258,3.1383150656754135
Spain,2022,47828386.0,339675.0,481525.0,1350,7.101954057157605,10.067766033334262,3.974387281960698
Sri Lanka,2000,19293056.0,355040.0,127967.0,5970,18.402475999655007,6.632800941437168,16.81500675980171
Sri Lanka,2001,19600361.0,371424.0,127046.0,5966,18.949855056241056,6.4818193909795845,16.06250538468166
Sri Lanka,2002,19805750.0,379721.0,126875.0,5850,19.172260580891916,6.405967963848882,15.406048124807425
Sri Lanka,2003,19951521.0,380930.0,128929.0,5752,19.092779943945125,6.462113840844515,15.099887118368203
Sri Lanka,2004,20087608.0,378170.0,165637.0,11002,18.82603443874452,8.245730402544693,29.092736071079145
Sri Lanka,2005,20216531.0,378376.0,129685.0,5206,18.716168466291276,6.4147998486980775,13.758800769604838
Sri Lanka,2006,20352416.0,383691.0,134966.0,5040,18.852356398375502,6.631448571019774,13.135570029007717
Sri Lanka,2007,20492546.0,385456.0,137176.0,4843,18.809571050859176,6.693946179259522,12.564339379851397
Sri Lanka,2008,20629377.0,375547.0,143310.0,4558,18.204476073126205,6.946889380130092,12.136962883473972
Sri Lanka,2009,20756438.0,365886.0,165718.0,7986,17.627591015375568,7.983932503255135,21.826470540004266
Sri Lanka,2010,20879092.0,358011.0,133676.0,4048,17.146866348402508,6.402385697615586,11.306915150651795
Sri Lanka,2011,21009054.0,359070.0,134596.0,3921,17.09120267861656,6.406571185927744,10.919876347230346
Sri Lanka,2012,21169461.0,363017.0,133879.0,3742,17.14814562354705,6.324157237635856,10.308057198423214
Sri Lanka,2013,21358829.0,363696.0,134377.0,3589,17.02789979731567,6.291402960340195,9.86813162641327
Sri Lanka,2014,21547454.0,356005.0,136637.0,3375,16.52190555784456,6.341213212475126,9.480203929720089
Sri Lanka,2015,21729975.0,348168.0,139041.0,3107,16.022475865710845,6.398580762288037,8.92385285264585
Sri Lanka,2016,21910763.0,342918.0,142273.0,2966,15.650664470242319,6.49329281686813,8.649298082923615
Sri Lanka,2017,22087525.0,339514.0,145951.0,2873,15.371301220938063,6.607847642504083,8.4620958193182
Sri Lanka,2018,22253116.0,337145.0,148576.0,2595,15.150462523989898,6.676638004313642,7.696984976790402
Sri Lanka,2019,22410552.0,334362.0,151041.0,2493,14.91984668650732,6.7397268929386485,7.455990812353078
Sri Lanka,2020,22561808.0,331170.0,153685.0,2338,14.678344926966847,6.81173246399402,7.059818220249419
Sri Lanka,2021,22700377.0,328525.0,169409.0,2237,14.47222660663301,7.4628275997354585,6.8092230423864235
Sri Lanka,2022,22834965.0,326112.0,159013.0,2136,14.281256835734148,6.963575376620898,6.549896967912864
Sudan,2000,27816748.0,1135928.0,277388.0,114423,40.83611786683332,9.971978032802397,100.73085618102556
Sudan,2001,28516774.0,1159198.0,278922.0,112861,40.64968919696176,9.780980134709486,97.36127909123377
Sudan,2002,29228728.0,1181995.0,283999.0,112287,40.43949500641971,9.716433777070284,94.99786378114966
Sudan,2003,29896038.0,1201996.0,303764.0,116515,40.20586273003801,10.160677478400316,96.93459878402258
Sudan,2004,30556641.0,1221251.0,331882.0,122842,39.96679477957018,10.861206897708422,100.58702101369825
Sudan,2005,31262447.0,1238372.0,331369.0,121891,39.612126331633604,10.59958614244112,98.42842053922408
Sudan,2006,31992438.0,1253700.0,289964.0,108618,39.18738546902865,9.063516822319075,86.63795166307729
Sudan,2007,32764139.0,1273576.0,280746.0,104364,38.87103518880811,8.568697623947939,81.94563967913967
Sudan,2008,33623980.0,1290879.0,289056.0,104807,38.391618124921564,8.59672174442169,81.1904136638678
Sudan,2009,34569114.0,1316518.0,274727.0,99189,38.08364888958393,7.94718082737093,75.34192468314144
Sudan,2010,35414403.0,1345298.0,276891.0,98294,37.98731267614479,7.818598551555422,73.06485254568133
Sudan,2011,36140808.0,1348667.0,277772.0,96356,37.31701294558771,7.685827057325337,71.44536049299047
Sudan,2012,36923175.0,1351018.0,277952.0,94373,36.58997364121585,7.527846670823947,69.85325140005537
Sudan,2013,37785852.0,1360851.0,282408.0,92686,36.0148290423622,7.473908488288156,68.10885247539957
Sudan,2014,38823324.0,1377885.0,279915.0,90963,35.4911650532551,7.209969965477454,66.0163946918647
Sudan,2015,40024433.0,1428209.0,282932.0,90607,35.68342866968284,7.068982089015477,63.44099498042653
Sudan,2016,41259892.0,1461090.0,286651.0,89986,35.41187165492338,6.9474491111125545,61.58826629434189
Sudan,2017,42714311.0,1495973.0,287934.0,89214,35.02275853167806,6.740925775438588,59.63610305800974
Sudan,2018,44230597.0,1551365.0,293944.0,89135,35.07447570739323,6.6457163126240415,57.455853393624324
Sudan,2019,45548179.0,1590030.0,298306.0,88701,34.90875013905605,6.54924096965545,55.78573989170016
Sudan,2020,46789237.0,1613314.0,317506.0,87476,34.48045113452053,6.7858768459934495,54.22131091653578
Sudan,2021,48066930.0,1630110.0,336278.0,85800,33.913337090594304,6.9960365681769145,52.63448478937004
Sudan,2022,49383344.0,1656075.0,322066.0,84340,33.535092317766086,6.521753569381612,50.92764518515164
Suriname,2000,476647.0,12163.0,3837.0,374,25.51783605057831,8.049982481794704,30.748992847159418
Suriname,2001,486566.0,12338.0,3985.0,366,25.357299934644015,8.190050270672426,29.66445128870157
Suriname,2002,496566.0,12044.0,4123.0,349,24.254580458589594,8.303025176915053,28.977084025240785
Suriname,2003,506421.0,11658.0,4264.0,330,23.02037237792272,8.419872003728123,28.306742151312402
Suriname,2004,513928.0,11334.0,4387.0,312,22.05367288803101,8.536215189676374,27.527792482795128
Suriname,2005,519321.0,11269.0,4237.0,301,21.69948837039134,8.158730342119807,26.710444582482918
Suriname,2006,525003.0,11378.0,4104.0,295,21.672257110911747,7.817098188010354,25.92722798382844
Suriname,2007,531026.0,11453.0,3987.0,287,21.567682185053084,7.508106947682411,25.0589365231817
Suriname,2008,537252.0,11464.0,3909.0,280,21.338217447305922,7.2759152129726825,24.424284717376135
Suriname,2009,543580.0,11444.0,3884.0,271,21.053018874866623,7.1452224143640315,23.68053128276826
Suriname,2010,549931.0,11393.0,3905.0,264,20.717144514493636,7.100890839032533,23.17212323356447
Suriname,2011,556279.0,11360.0,3963.0,257,20.421407243487533,7.124122967072278,22.62323943661972
Suriname,2012,562640.0,11439.0,4036.0,253,20.330939854969433,7.173325750035547,22.11731794737302
Suriname,2013,569024.0,11450.0,4099.0,245,20.122174108649197,7.2035625913845465,21.397379912663755
Suriname,2014,575380.0,11426.0,4145.0,239,19.858180680593694,7.2039347909207825,20.917206371433572
Suriname,2015,581634.0,11329.0,4177.0,230,19.477884717881004,7.1814921411059185,20.301880130638185
Suriname,2016,587765.0,11133.0,4158.0,223,18.941243524197596,7.074255867566119,20.030539836522053
Suriname,2017,593720.0,10953.0,4188.0,212,18.44809000875834,7.05383008825709,19.35542773669314
Suriname,2018,599519.0,10846.0,4233.0,204,18.091169754419795,7.060660296003963,18.808777429467085
Suriname,2019,605779.0,10824.0,4259.0,198,17.867902320813368,7.030616776085008,18.29268292682927
Suriname,2020,612320.0,10833.0,4187.0,191,17.69172981447609,6.837927880846616,17.631311732668696
Suriname,2021,617905.0,10861.0,5568.0,186,17.577135643828743,9.011093938388587,17.125494889973297
Suriname,2022,623172.0,10887.0,4165.0,180,17.47029712503129,6.683548041311227,16.533480297602647
Sweden,2000,8872099.0,90029.0,93406.0,356,10.147429599241397,10.52806105973344,3.9542813982161307
Sweden,2001,8896018.0,91280.0,93822.0,399,10.26077060545516,10.5465164301601,4.371165644171779
Sweden,2002,8925045.0,95429.0,95054.0,386,10.692271019361806,10.650254424487494,4.044892013958021
Sweden,2003,8958434.0,98751.0,92879.0,383,11.023243571365263,10.367771867270552,3.878441737298863
Sweden,2004,8993805.0,100487.0,90608.0,360,11.172912910609025,10.074490162951054,3.5825529670504643
Sweden,2005,9029771.0,101129.0,91952.0,328,11.199508824753142,10.183203981584915,3.243382214794965
Sweden,2006,9080628.0,105017.0,91198.0,367,11.56494903215945,10.043137985610688,3.494672291152861
Sweden,2007,9148280.0,106653.0,91756.0,335,11.658257071274601,10.029863537189504,3.1410274441412804
Sweden,2008,9219903.0,108445.0,91455.0,327,11.762054329638826,9.919301754042316,3.015353404951819
Sweden,2009,9298738.0,110778.0,90186.0,363,11.913229515661158,9.698735462812266,3.276823918106483
Sweden,2010,9378234.0,114261.0,90681.0,357,12.183637132534761,9.669304476727708,3.124425657048337
Sweden,2011,9449263.0,111188.0,89937.0,290,11.76684361521105,9.51788515146631,2.608195128970752
Sweden,2012,9519477.0,112158.0,91896.0,350,11.781949785686756,9.653471508991512,3.120597728204854
Sweden,2013,9600620.0,112690.0,90335.0,354,11.737783601475737,9.409288150140304,3.141361256544503
Sweden,2014,9696438.0,113810.0,88945.0,299,11.7372998208208,9.17295608964859,2.627185660311045
Sweden,2015,9799483.0,114014.0,90975.0,337,11.634695422197272,9.283653025368787,2.955777360675005
Sweden,2016,9923281.0,115765.0,90983.0,345,11.66600038837961,9.168640896090718,2.9801753552455406
Sweden,2017,10057864.0,114397.0,91930.0,320,11.37388614520936,9.140111657902713,2.7972761523466523
Sweden,2018,10175400.0,114683.0,92259.0,300,11.270613440257877,9.066867150185741,2.6159064551851623
Sweden,2019,10279120.0,113665.0,88780.0,289,11.057853201441368,8.636926118189105,2.5425592750626844
Sweden,2020,10353682.0,112697.0,98382.0,316,10.884726805401208,9.502126876216595,2.80397881043861
Sweden,2021,10416134.0,113236.0,91914.0,267,10.871211910292244,8.824195234047489,2.3579073792786747
Sweden,2022,10487335.0,104855.0,94673.0,279,9.998250270445256,9.02736491205821,2.660817319155024
Switzerland,2000,7184003.0,77396.0,62717.0,453,10.773380801761915,8.730091009149078,5.853015659724016
Switzerland,2001,7226391.0,71686.0,61482.0,443,9.920027853461015,8.50798136995355,6.179728259353291
Switzerland,2002,7278744.0,71363.0,61919.0,399,9.80430140145058,8.506824803839782,5.591132659781679
Switzerland,2003,7333451.0,71095.0,63368.0,362,9.694617172733548,8.640952261084173,5.091778606090442
Switzerland,2004,7384196.0,72160.0,60443.0,387,9.77222164742106,8.185454448933912,5.363082039911308
Switzerland,2005,7431824.0,72245.0,61388.0,362,9.721032145002356,8.260152554742955,5.010727385978268
Switzerland,2006,7478514.0,72600.0,60599.0,375,9.707810936771663,8.103080371314409,5.1652892561983474
Switzerland,2007,7545386.0,73400.0,61445.0,340,9.72779921398322,8.143387230288814,4.632152588555858
Switzerland,2008,7641730.0,75325.0,61488.0,344,9.857061162851867,8.0463455264711,4.566876866910056
Switzerland,2009,7737644.0,77128.0,62882.0,382,9.967892035353396,8.126763133584332,4.952805725547143
Switzerland,2010,7825750.0,79172.0,62923.0,347,10.116857809155672,8.040507299619845,4.382862628201889
Switzerland,2011,7914379.0,79714.0,62321.0,347,10.072047345723526,7.8744017692354635,4.353062197355547
Switzerland,2012,7998927.0,81027.0,64352.0,347,10.129733650525877,8.045079046227075,4.282523109580756
Switzerland,2013,8091199.0,81688.0,65482.0,366,10.095907911794038,8.09299091519069,4.480462246596807
Switzerland,2014,8190238.0,84045.0,64136.0,376,10.261606561372208,7.830785869714653,4.473793800939973
Switzerland,2015,8283940.0,85476.0,67994.0,390,10.31827850032714,8.207930042950576,4.562684262249053
Switzerland,2016,8374903.0,86752.0,65191.0,340,10.358567735053171,7.7840901560292695,3.919218000737735
Switzerland,2017,8453630.0,86532.0,67303.0,359,10.236076099852962,7.961431952900706,4.148754218092729
Switzerland,2018,8516341.0,86891.0,67603.0,343,10.202855897855663,7.938033481749967,3.9474744219769597
Switzerland,2019,8577525.0,85393.0,68099.0,324,9.955435862909173,7.939236551336196,3.7942220088297636
Switzerland,2020,8640582.0,85214.0,76428.0,363,9.862067161679619,8.845237508306733,4.259863402727252
Switzerland,2021,8707019.0,89352.0,71449.0,327,10.262065581802451,8.205908359680851,3.659683051302713
Switzerland,2022,8792180.0,81859.0,76536.0,325,9.310432679949683,8.705008314206488,3.970241512845259
Syria,2000,16637884.0,519171.0,72961.0,12057,31.204148315975758,4.385233122192702,23.223562178935264
Syria,2001,17051337.0,524230.0,72718.0,11739,30.744216714501626,4.264650918576063,22.3928428361597
Syria,2002,17468335.0,526366.0,72405.0,11423,30.132579893847925,4.144928523525567,21.701629664530003
Syria,2003,17889297.0,529103.0,72122.0,11134,29.57651158678846,4.031572621327713,21.043161728434725
Syria,2004,18336879.0,533907.0,72695.0,10953,29.116568855583328,3.96441510030142,20.514808758828785
Syria,2005,18814092.0,542371.0,73420.0,10866,28.827912609335595,3.9023940140188533,20.034256993828947
Syria,2006,19637016.0,555206.0,74589.0,10896,28.27344032311223,3.7983876980086992,19.625148143211707
Syria,2007,20884136.0,607186.0,78021.0,11574,29.07403016337377,3.7358979083453585,19.06170432124588
Syria,2008,21636566.0,659145.0,82545.0,12385,30.464399942208942,3.815069359897499,18.789492448550774
Syria,2009,21976971.0,642799.0,83496.0,12249,29.24875316075177,3.799249678219988,19.055723484324027
Syria,2010,22482417.0,644639.0,85977.0,12363,28.67302923880471,3.824188475820905,19.178175692131568
Syria,2011,22878104.0,643104.0,99154.0,14247,28.110021704595802,4.334012993384417,22.15349305866547
Syria,2012,22759763.0,630948.0,155420.0,22394,27.722081288807797,6.8287178561569375,35.492623797840714
Syria,2013,21666921.0,582156.0,162811.0,22927,26.868423067587685,7.514265640235639,39.382914545242166
Syria,2014,20273661.0,482189.0,149078.0,19371,23.784012172246545,7.353284638625456,40.173044179771836
Syria,2015,19424615.0,413713.0,159728.0,17913,21.298388668192395,8.222968640562502,43.29813179668031
Syria,2016,19193835.0,376564.0,140552.0,13787,19.619007874142923,7.3227679616918655,36.61263424012917
Syria,2017,19224671.0,376524.0,139305.0,13398,19.585458705639226,7.246157814612276,35.583389106670495
Syria,2018,19577849.0,370649.0,128113.0,12598,18.93205939018122,6.543773016126542,33.98903005269136
Syria,2019,20353536.0,401308.0,107550.0,9839,19.716868852665208,5.2840941249717,24.517328336340167
Syria,2020,21049431.0,434463.0,106456.0,9378,20.64013036741943,5.05742886826727,21.585267330014293
Syria,2021,21628837.0,457916.0,107360.0,9342,21.171549815646582,4.963743542937607,20.401121603088775
Syria,2022,22462170.0,476966.0,107218.0,9942,21.234190641420664,4.773269902240077,20.844253049483612
Taiwan,2000,22332873.0,272895.0,128201.0,2264,12.21943097065926,5.740461605633991,8.296231151175359
Taiwan,2001,22446254.0,258651.0,130711.0,2121,11.523125417720035,5.8232879303602285,8.200238931997172
Taiwan,2002,22566898.0,244315.0,131923.0,1939,10.826255340897983,5.845863263971858,7.936475451773325
Taiwan,2003,22664130.0,230252.0,135148.0,1764,10.159313417280963,5.963079103411426,7.661171238469155
Taiwan,2004,22745432.0,218466.0,138889.0,1613,9.60482966425962,6.106237067732985,7.383299918522791
Taiwan,2005,22824932.0,208823.0,144619.0,1478,9.148899107344548,6.336010113852694,7.077764422501353
Taiwan,2006,22914644.0,206338.0,141020.0,1368,9.00463476543646,6.154143175866054,6.629898516027101
Taiwan,2007,23006921.0,204232.0,145207.0,1287,8.876980974551092,6.311448628871286,6.301656939167222
Taiwan,2008,23086238.0,197599.0,147941.0,1211,8.559168453517632,6.408190022124869,6.128573525169662
Taiwan,2009,23164353.0,187534.0,147841.0,1132,8.095801337511995,6.382263299130349,6.036238762037817
Taiwan,2010,23224049.0,171332.0,150082.0,1025,7.377352674376462,6.462352882565826,5.982536829080382
Taiwan,2011,23273078.0,198097.0,158253.0,1053,8.511852192477505,6.799831118170102,5.315577722025068
Taiwan,2012,23345963.0,220915.0,159736.0,1108,9.462663844708398,6.8421251245879215,5.015503700518299
Taiwan,2013,23416870.0,207916.0,159529.0,1074,8.878897991063708,6.8125671791319675,5.1655476250024055
Taiwan,2014,23472811.0,211462.0,167592.0,1056,9.008805975560405,7.139835105390658,4.993805033528482
Taiwan,2015,23529260.0,212264.0,167052.0,1045,9.021278187244308,7.099755793424867,4.923114611992613
Taiwan,2016,23586140.0,206135.0,175628.0,1009,8.73966660080878,7.446237493714529,4.894850462075824
Taiwan,2017,23632950.0,193976.0,175857.0,947,8.207862327809266,7.441178524052224,4.8820472635789995
Taiwan,2018,23659308.0,182571.0,175158.0,884,7.716666945626643,7.403344172196414,4.841951898165645
Taiwan,2019,23674137.0,173797.0,178232.0,826,7.341217971324572,7.528553205550851,4.752671219871459
Taiwan,2020,23663461.0,161442.0,174240.0,760,6.822417058941632,7.363250878643661,4.70757299835235
Taiwan,2021,23558330.0,155741.0,186218.0,710,6.610867578474366,7.904550110300688,4.55885091273332
Taiwan,2022,23420107.0,135481.0,210768.0,625,5.784815586026144,8.999446501247839,4.613192993851536
Tajikistan,2000,6284737.0,182945.0,46396.0,15644,29.109412215658345,7.3823296026548135,85.51203913744568
Tajikistan,2001,6407376.0,187525.0,45248.0,14496,29.267050973752752,7.061861204961282,77.30169310758565
Tajikistan,2002,6531674.0,190613.0,44126.0,13535,29.182871037348157,6.755695400597152,71.00774868450735
Tajikistan,2003,6658575.0,192775.0,42381.0,12637,28.951389749308223,6.364875367477276,65.55310595253535
Tajikistan,2004,6790555.0,202960.0,41761.0,12135,29.88857317259046,6.149865511729159,59.79010642491131
Tajikistan,2005,6924722.0,202686.0,42495.0,11432,29.269911485255292,6.136708448368036,56.40251423383953
Tajikistan,2006,7057566.0,206269.0,42224.0,10874,29.226648394078072,5.982799169005292,52.71756783617509
Tajikistan,2007,7194479.0,215307.0,42116.0,10585,29.926697958253822,5.853933273000033,49.16235886431932
Tajikistan,2008,7338402.0,224338.0,41996.0,10436,30.57041573901239,5.722771796911644,46.519091727660935
Tajikistan,2009,7490232.0,235272.0,42427.0,10418,31.41050904698279,5.664310531369389,44.280662382263934
Tajikistan,2010,7652144.0,244745.0,43358.0,10493,31.983846618673144,5.666124422122741,42.873194549429
Tajikistan,2011,7824788.0,251995.0,43571.0,10426,32.2047063767095,5.568329774557471,41.37383678247585
Tajikistan,2012,8014087.0,256550.0,43466.0,10353,32.01238020001529,5.423699543067102,40.35470668485675
Tajikistan,2013,8216733.0,264122.0,43433.0,10328,32.144405811896284,5.285920815487128,39.103141729958125
Tajikistan,2014,8425559.0,271579.0,44277.0,10332,32.23275749419119,5.2550815916190246,38.04417867360878
Tajikistan,2015,8643839.0,276548.0,45649.0,10271,31.993654671263542,5.2811025286334,37.140026324544024
Tajikistan,2016,8865623.0,274310.0,45759.0,10035,30.940859993708283,5.161397005038451,36.58269840691189
Tajikistan,2017,9085942.0,269396.0,45002.0,9659,29.64976003588841,4.952926179806122,35.85428142956837
Tajikistan,2018,9307345.0,274185.0,45588.0,9511,29.458991796264137,4.898067064237976,34.68825792804128
Tajikistan,2019,9529970.0,277968.0,46143.0,9321,29.167772826147406,4.841883027963362,33.53263685028492
Tajikistan,2020,9749312.0,276503.0,57031.0,9011,28.36128333978849,5.849746115418196,32.58915816464921
Tajikistan,2021,9966912.0,276523.0,53672.0,8756,27.744099677011295,5.385017947384306,31.66463549144194
Tajikistan,2022,10182228.0,275357.0,47022.0,8478,27.042902594599138,4.6180462664949165,30.789121031969405
Tanzania,2000,34260142.0,1422747.0,437581.0,177289,41.52776132685031,12.772305497157602,124.61034885330983
Tanzania,2001,35198303.0,1457122.0,430894.0,171175,41.397507146864434,12.241897002818574,117.47472071659065
Tanzania,2002,36121301.0,1487161.0,423951.0,164388,41.17130221859949,11.736869610538113,110.53813272402921
Tanzania,2003,37089555.0,1533095.0,414659.0,158044,41.33495265715644,11.179940012761005,103.08819740459658
Tanzania,2004,38109666.0,1582585.0,407208.0,152556,41.5271285767763,10.685163181435387,96.39671802778366
Tanzania,2005,39182083.0,1624699.0,400515.0,147031,41.46535547893153,10.221891470139553,90.49737828360823
Tanzania,2006,40294900.0,1651022.0,393068.0,141136,40.97347306979295,9.754782863340026,85.48402141219196
Tanzania,2007,41435508.0,1664390.0,386099.0,134659,40.1682054917729,9.318070868106648,80.90591748328215
Tanzania,2008,42570728.0,1684906.0,381162.0,128706,39.57898018563366,8.953617142746538,76.38764417718258
Tanzania,2009,43633975.0,1708809.0,376760.0,123241,39.16234998072029,8.634555985330238,72.12099187211678
Tanzania,2010,44758491.0,1734654.0,371189.0,118204,38.755864222500264,8.293152689173546,68.14269589209144
Tanzania,2011,46029371.0,1754071.0,369210.0,113662,38.10764652856108,8.021182822593861,64.79897335968727
Tanzania,2012,47374261.0,1805063.0,365712.0,110643,38.10218802146591,7.719634930030888,61.29592152739267
Tanzania,2013,48824134.0,1875230.0,366215.0,108821,38.40784969171189,7.50069627451047,58.03074822821734
Tanzania,2014,50351506.0,1931208.0,365628.0,107311,38.35452310006378,7.261510708339091,55.56677478552284
Tanzania,2015,52020958.0,1957132.0,364226.0,104792,37.62199073688724,7.001524270275838,53.54365469472677
Tanzania,2016,53824012.0,2025496.0,365992.0,103184,37.63182870871833,6.799790398382045,50.942583939933726
Tanzania,2017,55652888.0,2093157.0,366243.0,101687,37.610932248475585,6.580844465789449,48.58068458314403
Tanzania,2018,57437134.0,2144432.0,366537.0,99645,37.33528904837069,6.381533591143318,46.46684996306715
Tanzania,2019,59174889.0,2182541.0,365896.0,97565,36.8828913223648,6.183298459588154,44.70248210686535
Tanzania,2020,60972803.0,2221661.0,360302.0,95932,36.436917620467604,5.9092248063452155,43.18030518607474
Tanzania,2021,62830410.0,2262827.0,382678.0,93756,36.01483740118837,6.090649416421125,41.43312767613255
Tanzania,2022,64711822.0,2306107.0,378175.0,92400,35.636564212332026,5.843986281208401,40.06752505412801
Thailand,2000,63007815.0,946821.0,402906.0,20452,15.027040693285427,6.3945401058582965,21.60070382891803
Thailand,2001,63651137.0,933472.0,409190.0,19112,14.665441090235355,6.4286361451799365,20.47410099070995
Thailand,2002,64266433.0,921230.0,416953.0,17842,14.334543820099677,6.487881473054526,19.367584642271748
Thailand,2003,64868164.0,911609.0,423562.0,16646,14.053257311244387,6.529582061240395,18.260021566263607
Thailand,2004,65452049.0,904574.0,437979.0,16618,13.820407669743082,6.691601052856267,18.37107854083801
Thailand,2005,66017415.0,890476.0,434061.0,14603,13.48850148101073,6.574946928776294,16.399094416918594
Thailand,2006,66567685.0,879215.0,437998.0,13757,13.207835002824568,6.579739103139909,15.646912302451618
Thailand,2007,67102388.0,867371.0,442024.0,12782,12.926082451789943,6.587306550103701,14.736485310207511
Thailand,2008,67619835.0,846908.0,445205.0,11889,12.524549934201998,6.583940939814479,14.03812456606857
Thailand,2009,68121077.0,830227.0,447643.0,11122,12.187520170886318,6.5712848315654195,13.396336182754837
Thailand,2010,68579443.0,823589.0,453105.0,10557,12.009269308296949,6.607009042053607,12.818286791105757
Thailand,2011,69007212.0,824136.0,458493.0,10205,11.942751722819928,6.644131630763463,12.382664997039324
Thailand,2012,69436091.0,816412.0,464915.0,9559,11.757747134699734,6.695581408809433,11.708549114907669
Thailand,2013,69845112.0,793955.0,468892.0,9000,11.36736669561071,6.7133115915112285,11.335655043421857
Thailand,2014,70216362.0,768882.0,474245.0,8430,10.950182807819067,6.754052566836203,10.963971064480635
Thailand,2015,70540787.0,747300.0,480951.0,7908,10.59387103237167,6.818055488947125,10.58209554395825
Thailand,2016,70859835.0,716458.0,490202.0,7370,10.110918265615494,6.9179105483381385,10.28671603918164
Thailand,2017,71160183.0,694861.0,500216.0,6922,9.764744421750574,7.029436672471739,9.961704571130053
Thailand,2018,71376081.0,670932.0,511577.0,6432,9.399955707851205,7.167345038178826,9.58666452039849
Thailand,2019,71522264.0,647680.0,530847.0,6004,9.055641750937863,7.422122431694836,9.270009881422926
Thailand,2020,71641484.0,629882.0,545795.0,5629,8.792140598315914,7.618421192950163,8.936594473250546
Thailand,2021,71727338.0,612870.0,555448.0,5278,8.544440893652014,7.743881419382942,8.611940542039912
Thailand,2022,71735321.0,601151.0,662166.0,5246,8.380125600887741,9.230682887722773,8.726592819441372
Togo,2000,4783721.0,180436.0,57726.0,20830,37.71875491902642,12.06717532230663,115.44259460418098
Togo,2001,4904135.0,185465.0,59043.0,20770,37.81808616606191,12.039432030317272,111.98878494594668
Togo,2002,5027128.0,190391.0,60110.0,20681,37.87271778239981,11.957125420319514,108.62383200886596
Togo,2003,5154113.0,195078.0,61225.0,20611,37.84899554976773,11.878862570533474,105.65517382790473
Togo,2004,5281320.0,199066.0,62263.0,20497,37.69247082168852,11.789287526603198,102.96585052193745
Togo,2005,5413151.0,206614.0,63337.0,20541,38.168896452362034,11.700578831072697,99.41727085289477
Togo,2006,5569659.0,215775.0,64949.0,20782,38.74115093940222,11.661216602309047,96.31328930599004
Togo,2007,5748437.0,225246.0,66936.0,21281,39.183868588974704,11.6442086779415,94.47892526393366
Togo,2008,5936140.0,233444.0,68815.0,21489,39.32589190955739,11.592550040935693,92.05205531090968
Togo,2009,6130944.0,241541.0,70805.0,21628,39.39703249613762,11.54879248611633,89.54173411553317
Togo,2010,6325791.0,248550.0,72754.0,21605,39.291528917095114,11.50117036746867,86.92416012874673
Togo,2011,6500577.0,250436.0,73953.0,21146,38.52519553264272,11.376374743349706,84.43674232139149
Togo,2012,6653719.0,249477.0,73429.0,20525,37.49436969009361,11.035783146237465,82.2721132609419
Togo,2013,6798851.0,249669.0,72799.0,19835,36.722234389310785,10.70754455421953,79.44518542550337
Togo,2014,6937647.0,252091.0,72418.0,19240,36.33667149683459,10.438409449197977,76.32164575490596
Togo,2015,7071500.0,255269.0,72177.0,18706,36.098281835537016,10.206745386410239,73.2795599935754
Togo,2016,7200883.0,259245.0,72239.0,18242,36.001834774985234,10.031964135509492,70.36587012285676
Togo,2017,7324379.0,261762.0,72370.0,17722,35.73845646163313,9.880701148861904,67.70272232027567
Togo,2018,7458205.0,264249.0,72772.0,17206,35.43064316413936,9.757307555906548,65.11282918762228
Togo,2019,7619916.0,265990.0,73005.0,16983,34.907208950859825,9.580814276692815,63.84826497236738
Togo,2020,7788058.0,266752.0,74279.0,16776,34.2514141522829,9.537550953010365,62.88987523992322
Togo,2021,7936185.0,267413.0,74756.0,16248,33.695409066194905,9.41963928512251,60.75994809526837
Togo,2022,8068616.0,267305.0,72260.0,15523,33.128977757771594,8.955687071983597,58.072239576513724
Tokelau,2000,1866.0,47.0,1.0,1,25.187566988210076,0.5359056806002144,21.27659574468085
Tokelau,2001,1887.0,45.0,0.0,0,23.847376788553262,0.0,0.0
Tokelau,2002,1864.0,44.0,1.0,0,23.605150214592275,0.5364806866952789,0.0
Tokelau,2003,1793.0,40.0,1.0,0,22.308979364194087,0.5577244841048522,0.0
Tokelau,2004,1726.0,37.0,0.0,0,21.436848203939746,0.0,0.0
Tokelau,2005,1652.0,34.0,0.0,0,20.581113801452783,0.0,0.0
Tokelau,2006,1593.0,30.0,0.0,0,18.832391713747644,0.0,0.0
Tokelau,2007,1573.0,27.0,0.0,0,17.164653528289893,0.0,0.0
Tokelau,2008,1585.0,27.0,0.0,0,17.034700315457414,0.0,0.0
Tokelau,2009,1597.0,28.0,0.0,0,17.532874139010644,0.0,0.0
Tokelau,2010,1610.0,28.0,0.0,0,17.391304347826086,0.0,0.0
Tokelau,2011,1625.0,28.0,0.0,0,17.23076923076923,0.0,0.0
Tokelau,2012,1681.0,28.0,0.0,0,16.65675193337299,0.0,0.0
Tokelau,2013,1749.0,32.0,0.0,0,18.296169239565465,0.0,0.0
Tokelau,2014,1748.0,32.0,0.0,0,18.30663615560641,0.0,0.0
Tokelau,2015,1719.0,31.0,0.0,0,18.033740546829552,0.0,0.0
Tokelau,2016,1703.0,30.0,0.0,0,17.615971814445096,0.0,0.0
Tokelau,2017,1767.0,29.0,0.0,0,16.411997736276174,0.0,0.0
Tokelau,2018,1902.0,33.0,0.0,0,17.350157728706623,0.0,0.0
Tokelau,2019,2038.0,37.0,0.0,0,18.15505397448479,0.0,0.0
Tokelau,2020,2152.0,41.0,1.0,0,19.052044609665426,0.4646840148698885,0.0
Tokelau,2021,2225.0,42.0,2.0,0,18.876404494382022,0.8988764044943821,0.0
Tokelau,2022,2312.0,43.0,2.0,0,18.59861591695502,0.8650519031141869,0.0
Tonga,2000,102695.0,3018.0,667.0,50,29.387993573202202,6.4949608062709965,16.56726308813784
Tonga,2001,103305.0,3033.0,670.0,50,29.359663133439817,6.485649290934611,16.485328058028355
Tonga,2002,103888.0,3069.0,670.0,49,29.541429231480056,6.449253041737255,15.96611274030629
Tonga,2003,104481.0,3122.0,673.0,49,29.881031000851827,6.4413625443860605,15.695067264573991
Tonga,2004,105088.0,3152.0,675.0,48,29.993909866017052,6.423188185140074,15.228426395939087
Tonga,2005,105684.0,3172.0,681.0,47,30.014004011960182,6.44373793573294,14.817150063051702
Tonga,2006,106266.0,3137.0,678.0,45,29.520260478422074,6.3802156851674106,14.344915524386357
Tonga,2007,106744.0,3099.0,679.0,44,29.03207674436034,6.3610132653825975,14.198128428525331
Tonga,2008,107036.0,3073.0,676.0,43,28.709966740162187,6.315632123771442,13.992840872111943
Tonga,2009,107219.0,3044.0,689.0,43,28.390490491424092,6.426099851705388,14.126149802890934
Tonga,2010,107415.0,3008.0,680.0,39,28.003537680957034,6.3305869757482665,12.965425531914894
Tonga,2011,107584.0,2975.0,684.0,39,27.652810826888754,6.357822724568709,13.109243697478991
Tonga,2012,107476.0,2931.0,680.0,38,27.271204734080168,6.326993933529346,12.964858410098941
Tonga,2013,107093.0,2877.0,680.0,37,26.864500947774367,6.349621357138188,12.860618700034758
Tonga,2014,106627.0,2814.0,681.0,36,26.39106417699082,6.386750072683279,12.793176972281449
Tonga,2015,106110.0,2741.0,678.0,34,25.831684101404203,6.389595702572802,12.404232032105071
Tonga,2016,105536.0,2662.0,675.0,32,25.223620375985448,6.395921770770164,12.021036814425244
Tonga,2017,105373.0,2583.0,669.0,30,24.51292076717945,6.348874948990728,11.614401858304298
Tonga,2018,105590.0,2549.0,673.0,29,24.14054361208448,6.3737096315939015,11.377010592389173
Tonga,2019,105688.0,2520.0,680.0,29,23.843766558171218,6.434032245855726,11.507936507936508
Tonga,2020,105721.0,2498.0,683.0,28,23.628229017886703,6.460400488077109,11.20896717373899
Tonga,2021,105504.0,2480.0,708.0,27,23.5062177737337,6.710646041856233,10.887096774193548
Tonga,2022,105053.0,2453.0,684.0,27,23.350118511608425,6.510999209922611,11.0069302894415
Trinidad and Tobago,2000,1319781.0,19624.0,9035.0,543,14.869133591103372,6.845832755585965,27.67019975540155
Trinidad and Tobago,2001,1325573.0,19527.0,9089.0,534,14.73098803309965,6.8566574605849695,27.34675065294208
Trinidad and Tobago,2002,1332017.0,19352.0,9038.0,524,14.528343106732121,6.78519868740414,27.077304671351797
Trinidad and Tobago,2003,1338718.0,19287.0,9116.0,513,14.407067059679484,6.809499834916688,26.598226784881007
Trinidad and Tobago,2004,1345386.0,19220.0,9077.0,503,14.285862941936365,6.7467626391236415,26.170655567117585
Trinidad and Tobago,2005,1352040.0,19375.0,9115.0,495,14.330197331439898,6.741664447797402,25.548387096774196
Trinidad and Tobago,2006,1358706.0,19552.0,9196.0,486,14.390162404523126,6.768204453354883,24.856792144026187
Trinidad and Tobago,2007,1365381.0,19623.0,9207.0,476,14.371812702828002,6.743172784739205,24.257249146409826
Trinidad and Tobago,2008,1372090.0,19603.0,9255.0,465,14.286963683140318,6.745184353796033,23.72085905218589
Trinidad and Tobago,2009,1379056.0,19612.0,9330.0,450,14.221322411852746,6.765497557749649,22.945135631246174
Trinidad and Tobago,2010,1386657.0,19534.0,9328.0,435,14.087117434232114,6.726969971665668,22.268864543872226
Trinidad and Tobago,2011,1394990.0,19429.0,9345.0,420,13.92769840644019,6.69897275249285,21.617170209480673
Trinidad and Tobago,2012,1403814.0,19301.0,9446.0,406,13.748972442218129,6.7288116516860494,21.03517952437698
Trinidad and Tobago,2013,1412658.0,19086.0,9577.0,390,13.510701103876523,6.7794186561786365,20.433825840930528
Trinidad and Tobago,2014,1421135.0,18886.0,9828.0,375,13.289377856431654,6.915599151382522,19.85597797310177
Trinidad and Tobago,2015,1429190.0,18624.0,10194.0,359,13.03115750879869,7.132711535904953,19.276202749140893
Trinidad and Tobago,2016,1437031.0,18399.0,10510.0,344,12.803481622873827,7.313690518854499,18.696668297190065
Trinidad and Tobago,2017,1445265.0,18053.0,10831.0,328,12.491134843782973,7.494127374564526,18.16872541959785
Trinidad and Tobago,2018,1470522.0,17735.0,11382.0,327,12.06034319785763,7.740108614491997,18.438116718353537
Trinidad and Tobago,2019,1484898.0,17949.0,11807.0,317,12.087698953059402,7.951387906778781,17.6611510390551
Trinidad and Tobago,2020,1481026.0,17249.0,12309.0,295,11.646655764314739,8.311130256997513,17.10244072120123
Trinidad and Tobago,2021,1487715.0,16797.0,14525.0,282,11.29046894062371,9.763294717066104,16.788712270048226
Trinidad and Tobago,2022,1495923.0,16435.0,12304.0,271,10.986528049906312,8.22502227721614,16.489199878308487
Tunisia,2000,9764940.0,161597.0,49101.0,4932,16.54869359156329,5.028295104731826,30.520368571198723
Tunisia,2001,9869679.0,160157.0,50003.0,4546,16.22717415632261,5.066324852105119,28.384647564577257
Tunisia,2002,9971521.0,159905.0,50799.0,4238,16.03616940685378,5.094408365584347,26.50323629655108
Tunisia,2003,10071638.0,163658.0,51731.0,4051,16.249392601282928,5.13630454152542,24.752838235833263
Tunisia,2004,10166170.0,166048.0,52714.0,3868,16.3333880901067,5.185236918131411,23.294469069184814
Tunisia,2005,10255474.0,169176.0,53791.0,3729,16.496165852499846,5.245101299072086,22.042133635976736
Tunisia,2006,10346408.0,171877.0,54933.0,3625,16.612238759577235,5.309378868492331,21.090663672277266
Tunisia,2007,10441705.0,175101.0,56174.0,3569,16.76938775803377,5.379772747841468,20.3825220872525
Tunisia,2008,10542637.0,179305.0,57437.0,3543,17.007604454179727,5.448067689326684,19.75962745043362
Tunisia,2009,10650682.0,184294.0,58820.0,3567,17.303492865527296,5.522651037745752,19.354943731212085
Tunisia,2010,10765984.0,193140.0,60333.0,3653,17.93983717605376,5.604039537862958,18.91374132753443
Tunisia,2011,10886041.0,205664.0,62263.0,3828,18.89245135123044,5.719526501875199,18.61288314921425
Tunisia,2012,11009649.0,215574.0,63759.0,3911,19.580460739484064,5.791192798244522,18.142262053865494
Tunisia,2013,11141365.0,220100.0,65406.0,3939,19.755209527737403,5.8705553583425365,17.896410722398908
Tunisia,2014,11274295.0,221627.0,66864.0,3923,19.657725826759012,5.9306590789047124,17.700911892504074
Tunisia,2015,11402270.0,221370.0,68365.0,3828,19.414555171908752,5.995735936791534,17.292316031982654
Tunisia,2016,11528676.0,218516.0,69647.0,3658,18.954127950165308,6.041196751474323,16.74019293781691
Tunisia,2017,11650504.0,211670.0,70700.0,3414,18.1683127184884,6.0684069976715165,16.12887986015968
Tunisia,2018,11765515.0,204065.0,71620.0,3139,17.344332143556827,6.087281347225344,15.382353661823439
Tunisia,2019,11875084.0,199737.0,72421.0,2878,16.819838916507873,6.098567386975957,14.408947766312702
Tunisia,2020,11974058.0,189037.0,79610.0,2570,15.787212655893265,6.648539701411167,13.59522209937737
Tunisia,2021,12048625.0,168668.0,100571.0,2182,13.998941787963357,8.347093548018965,12.936656627220337
Tunisia,2022,12119338.0,171170.0,74640.0,2007,14.123708737226407,6.1587522354768875,11.725185488111235
Turkey,2000,65425957.0,1401449.0,380910.0,52535,21.42038212753999,5.822001197475798,37.4862017811565
Turkey,2001,66245125.0,1364156.0,383597.0,47698,20.592549263058977,5.790569494736405,34.96520925759224
Turkey,2002,67048792.0,1309563.0,386586.0,42840,19.531492826895377,5.7657414618297675,32.7132028012398
Turkey,2003,67831735.0,1285362.0,391651.0,39080,18.949272047958086,5.773860863208054,30.40388622037994
Turkey,2004,68592621.0,1293430.0,397419.0,36273,18.85669305449051,5.793903108032568,28.044037945617468
Turkey,2005,69329557.0,1302959.0,404340.0,33701,18.79370150886728,5.832144578682365,25.864973494944966
Turkey,2006,70045351.0,1308853.0,411510.0,31311,18.685794007942082,5.874908100610417,23.92247257713433
Turkey,2007,70750593.0,1307517.0,417793.0,28991,18.480650755817695,5.905151918656004,22.17256066269119
Turkey,2008,71562343.0,1299747.0,427468.0,26823,18.162443339788357,5.973365069950267,20.637093218911065
Turkey,2009,72464846.0,1293077.0,432527.0,24908,17.844197171135917,5.968783815534501,19.262580650649575
Turkey,2010,73346766.0,1261173.0,437694.0,22791,17.19466404285637,5.967461469262325,18.07127174463773
Turkey,2011,74215203.0,1249292.0,460289.0,21282,16.833370380998623,6.202085036404199,17.03524876490044
Turkey,2012,75197196.0,1292422.0,444914.0,20427,17.187103625512844,5.916630189242694,15.80520913447775
Turkey,2013,76403032.0,1302576.0,435651.0,19419,17.048747489497536,5.702011930625999,14.908151232634411
Turkey,2014,78036154.0,1369294.0,441958.0,19123,17.54691806056972,5.663503098832882,13.965591027200878
Turkey,2015,80014222.0,1389210.0,456925.0,18513,17.36203846361213,5.710547307452417,13.326278964303453
Turkey,2016,81652087.0,1400744.0,472503.0,17795,17.155029974922748,5.786784114899598,12.703963036786165
Turkey,2017,83083667.0,1392487.0,469484.0,16903,16.760057063923284,5.650737587208326,12.13871296464527
Turkey,2018,84415966.0,1362283.0,468096.0,15881,16.137741052444984,5.5451121651560555,11.657636482287455
Turkey,2019,85357670.0,1288466.0,471136.0,14520,15.094905941082974,5.519550849970483,11.269214709584887
Turkey,2020,86091691.0,1194951.0,566481.0,12953,13.879980589532154,6.579972973233851,10.839775020063584
Turkey,2021,86686254.0,1142982.0,640535.0,11777,13.185273872833402,7.389118463926241,10.303749315387293
Turkey,2022,87058469.0,1079023.0,555768.0,10600,12.394233581112022,6.383847618547025,9.823701626378677
Turkmenistan,2000,4582675.0,108686.0,31815.0,7483,23.71671567370586,6.942451733976335,68.84971385459029
Turkmenistan,2001,4675416.0,108504.0,31822.0,7132,23.207346683161454,6.806239273681743,65.73029565730296
Turkmenistan,2002,4769473.0,107705.0,32067.0,6752,22.582159496447513,6.723384323592984,62.68975442180029
Turkmenistan,2003,4863871.0,109170.0,32429.0,6458,22.44508540625358,6.6673232082018625,59.15544563524778
Turkmenistan,2004,4958091.0,112847.0,33000.0,6250,22.760171202989216,6.655787479495636,55.38472444991892
Turkmenistan,2005,5052260.0,117536.0,33571.0,6099,23.264044209917937,6.644749082588782,51.890484617478904
Turkmenistan,2006,5147103.0,121798.0,33962.0,5967,23.66340832891823,6.598274796521461,48.99095223238477
Turkmenistan,2007,5244047.0,126056.0,34024.0,5876,24.037923382456338,6.488118813580427,46.61420321127118
Turkmenistan,2008,5345033.0,130646.0,33831.0,5849,24.442505780600417,6.329427713542648,44.76983604549699
Turkmenistan,2009,5451597.0,136588.0,33658.0,5921,25.054676638790433,6.173970673180722,43.349342548393714
Turkmenistan,2010,5564356.0,143076.0,33758.0,6057,25.712948632330498,6.066829656477767,42.334144091252206
Turkmenistan,2011,5683413.0,149461.0,34267.0,6231,26.297754535874834,6.0292996479404195,41.689805367286446
Turkmenistan,2012,5808548.0,156113.0,35158.0,6449,26.876424194135954,6.052803557791035,41.30982045057107
Turkmenistan,2013,5939348.0,162445.0,36229.0,6688,27.350645222337537,6.099827792545579,41.17085782880359
Turkmenistan,2014,6075286.0,166864.0,37184.0,6895,27.46603205182439,6.120534901566774,41.321075846198106
Turkmenistan,2015,6215773.0,170720.0,38057.0,7097,27.465610471939694,6.122649588393913,41.570993439550136
Turkmenistan,2016,6360041.0,171349.0,38760.0,7200,26.941492987230742,6.094300335485259,42.019504053131335
Turkmenistan,2017,6507065.0,170953.0,39534.0,7250,26.271905997558036,6.075550190446845,42.40931718074559
Turkmenistan,2018,6655523.0,169731.0,40192.0,7233,25.50227833334811,6.038894313790216,42.61448998709723
Turkmenistan,2019,6803943.0,169003.0,40726.0,7180,24.838979397681612,5.9856468521267745,42.48445293870523
Turkmenistan,2020,6949915.0,167630.0,43617.0,7051,24.119719449806222,6.275904093791075,42.06287657340572
Turkmenistan,2021,7092042.0,165586.0,42862.0,6859,23.348141480267603,6.043675432266193,41.42258403488218
Turkmenistan,2022,7230197.0,163656.0,41841.0,6642,22.635067896490234,5.786979248283276,40.58512978442587
Turks and Caicos Islands,2000,18754.0,424.0,78.0,4,22.608510184493973,4.159112722619175,9.433962264150942
Turks and Caicos Islands,2001,19603.0,429.0,82.0,4,21.884405448145692,4.183033209202674,9.324009324009324
Turks and Caicos Islands,2002,20619.0,425.0,85.0,3,20.612056840777925,4.122411368155585,7.058823529411765
Turks and Caicos Islands,2003,21749.0,426.0,86.0,3,19.587107453216237,3.9542047910248743,7.042253521126761
Turks and Caicos Islands,2004,22881.0,432.0,85.0,3,18.880293693457453,3.714872601721953,6.944444444444444
Turks and Caicos Islands,2005,24011.0,439.0,89.0,3,18.28328682687102,3.7066344592061973,6.83371298405467
Turks and Caicos Islands,2006,25146.0,445.0,100.0,3,17.69665155491927,3.976775630318938,6.741573033707866
Turks and Caicos Islands,2007,26290.0,451.0,117.0,3,17.15481171548117,4.450361354127044,6.651884700665189
Turks and Caicos Islands,2008,27452.0,451.0,127.0,4,16.428675506338337,4.626256739035407,8.869179600886918
Turks and Caicos Islands,2009,28610.0,448.0,138.0,3,15.658860538273332,4.82348829080741,6.696428571428571
Turks and Caicos Islands,2010,29763.0,443.0,150.0,3,14.884252259516849,5.039814534825118,6.772009029345372
Turks and Caicos Islands,2011,30870.0,438.0,170.0,3,14.188532555879496,5.50696469063816,6.8493150684931505
Turks and Caicos Islands,2012,32152.0,432.0,192.0,3,13.436178153769594,5.971634735008708,6.944444444444444
Turks and Caicos Islands,2013,33675.0,438.0,203.0,3,13.006681514476615,6.028210838901262,6.8493150684931505
Turks and Caicos Islands,2014,35077.0,452.0,222.0,3,12.885936653647688,6.328933489180945,6.6371681415929205
Turks and Caicos Islands,2015,36632.0,464.0,236.0,3,12.66652107447041,6.442454684428915,6.4655172413793105
Turks and Caicos Islands,2016,38342.0,490.0,250.0,3,12.779719367795106,6.520264983568932,6.122448979591836
Turks and Caicos Islands,2017,39931.0,507.0,265.0,3,12.696902156219478,6.636447872580201,5.9171597633136095
Turks and Caicos Islands,2018,41580.0,520.0,283.0,3,12.506012506012507,6.806156806156806,5.769230769230769
Turks and Caicos Islands,2019,43191.0,521.0,296.0,3,12.062698247320043,6.853279618439027,5.758157389635317
Turks and Caicos Islands,2020,44405.0,518.0,325.0,3,11.6653530007882,7.318995608602634,5.7915057915057915
Turks and Caicos Islands,2021,45262.0,507.0,346.0,3,11.201449339401705,7.644381600459546,5.9171597633136095
Turks and Caicos Islands,2022,45869.0,503.0,334.0,2,10.966011903464212,7.2816063136323015,3.976143141153081
Tuvalu,2000,9566.0,254.0,87.0,11,26.552372987664647,9.094710432782772,43.30708661417323
Tuvalu,2001,9608.0,245.0,86.0,10,25.499583680266444,8.950874271440467,40.816326530612244
Tuvalu,2002,9645.0,235.0,86.0,10,24.36495593571799,8.916537065837222,42.5531914893617
Tuvalu,2003,9715.0,229.0,86.0,9,23.57179619145651,8.852290272774061,39.301310043668124
Tuvalu,2004,9839.0,227.0,84.0,9,23.071450350645392,8.537452993190364,39.647577092511014
Tuvalu,2005,9964.0,226.0,82.0,8,22.681653954235244,8.22962665596146,35.39823008849557
Tuvalu,2006,10078.0,226.0,84.0,8,22.425084342131377,8.334987100615201,35.39823008849557
Tuvalu,2007,10204.0,223.0,84.0,7,21.854174833398666,8.232065856526852,31.390134529147982
Tuvalu,2008,10344.0,224.0,87.0,7,21.65506573859242,8.410672853828306,31.25
Tuvalu,2009,10479.0,229.0,91.0,7,21.85323027006394,8.684034736138946,30.567685589519648
Tuvalu,2010,10635.0,235.0,96.0,7,22.096850023507287,9.026798307475318,29.787234042553195
Tuvalu,2011,10804.0,243.0,107.0,7,22.491669751943725,9.903739355794151,28.80658436213992
Tuvalu,2012,10960.0,250.0,112.0,7,22.81021897810219,10.218978102189782,28.0
Tuvalu,2013,11028.0,251.0,114.0,7,22.76024664490388,10.337323177366704,27.888446215139442
Tuvalu,2014,11007.0,252.0,113.0,7,22.894521668029434,10.266194240029073,27.777777777777775
Tuvalu,2015,10985.0,256.0,107.0,6,23.30450614474283,9.74055530268548,23.4375
Tuvalu,2016,10951.0,260.0,106.0,6,23.742124006940003,9.679481325906309,23.076923076923077
Tuvalu,2017,10892.0,264.0,106.0,6,24.237972824091077,9.731913330885053,22.727272727272727
Tuvalu,2018,10775.0,268.0,107.0,6,24.872389791183295,9.930394431554525,22.388059701492537
Tuvalu,2019,10603.0,263.0,104.0,6,24.804300669621803,9.808544751485428,22.813688212927758
Tuvalu,2020,10423.0,256.0,105.0,6,24.561066871342224,10.073875083948959,23.4375
Tuvalu,2021,10214.0,248.0,101.0,5,24.280399451732915,9.888388486391227,20.161290322580644
Tuvalu,2022,10012.0,241.0,90.0,4,24.071114662405115,8.98921294446664,16.597510373443985
Uganda,2000,24000158.0,1157941.0,354860.0,161229,48.24722403910841,14.785735993904707,139.2376640951482
Uganda,2001,24745678.0,1185690.0,348931.0,157291,47.91503388995848,14.100684572069515,132.65777732796937
Uganda,2002,25532872.0,1211424.0,342689.0,152054,47.445661420305555,13.421482706684936,125.51674723300843
Uganda,2003,26352124.0,1237537.0,336185.0,147344,46.96156560283338,12.757415683077387,119.06229874339111
Uganda,2004,27154513.0,1262893.0,324265.0,140677,46.50766522677096,11.941477278565076,111.39265163398642
Uganda,2005,27963287.0,1281635.0,312558.0,133937,45.83277352193968,11.177441335848679,104.50479270619171
Uganda,2006,28794005.0,1301032.0,301064.0,127141,45.184127737700955,10.455787584950409,97.72319205061828
Uganda,2007,29653437.0,1320278.0,290384.0,120604,44.52360783675768,9.792591664838042,91.34742834463651
Uganda,2008,30539547.0,1337132.0,281217.0,114260,43.78362259269923,9.20828982826759,85.45154853821462
Uganda,2009,31451147.0,1364387.0,273764.0,108819,43.38115236306008,8.704420223529528,79.75669659707987
Uganda,2010,32390801.0,1389208.0,267647.0,103810,42.8889671484197,8.263055921340136,74.72603094712959
Uganda,2011,33354541.0,1408226.0,260973.0,98668,42.219918421302815,7.824212001598224,70.06545824320811
Uganda,2012,34337436.0,1422236.0,254759.0,93687,41.419400097316526,7.41927848078115,65.87303372998574
Uganda,2013,35337050.0,1432962.0,248714.0,88939,40.55126276811448,7.03833511852291,62.06654468157564
Uganda,2014,36395542.0,1445397.0,243805.0,84664,39.71357261282165,6.69875997450457,58.57491056090472
Uganda,2015,37531444.0,1464001.0,239151.0,80742,39.007318769829375,6.37201702124757,55.15160167240323
Uganda,2016,38799153.0,1485180.0,235624.0,77272,38.27867067098088,6.072916076286511,52.02871032467445
Uganda,2017,40177384.0,1524479.0,233814.0,74567,37.943709824412664,5.819542656137095,48.91310408342785
Uganda,2018,41565839.0,1565908.0,233303.0,72654,37.67295542861531,5.612854344164687,46.397361786260745
Uganda,2019,42999636.0,1600115.0,233041.0,70929,37.21229175056273,5.419604017113075,44.32743896532437
Uganda,2020,44457148.0,1636139.0,238845.0,69911,36.802608210495194,5.37247688493198,42.72925466601554
Uganda,2021,45910931.0,1668475.0,245140.0,69001,36.341563188949486,5.339469156049133,41.35572903399811
Uganda,2022,47312718.0,1693817.0,238199.0,69104,35.8004585574644,5.034565970190087,40.797795747710644
Ukraine,2000,49556654.0,387659.0,751826.0,6309,7.822541852805478,15.171040401557377,16.2746124815882
Ukraine,2001,49106854.0,381999.0,756747.0,5878,7.778934484379716,15.41021137293788,15.38747483632156
Ukraine,2002,48677280.0,394917.0,759475.0,5539,8.11296358383213,15.60224811246643,14.025731989253437
Ukraine,2003,48315133.0,412908.0,764185.0,5348,8.546142261473232,15.816680045152728,12.952037742063608
Ukraine,2004,47979502.0,429844.0,774003.0,5387,8.958909160832892,16.131951515461747,12.53245363434176
Ukraine,2005,47585558.0,433964.0,771847.0,5432,9.119657691100311,16.220194370737442,12.517167322635057
Ukraine,2006,47278691.0,462724.0,763523.0,5897,9.787157601296533,16.149410735589107,12.744097993620386
Ukraine,2007,47062802.0,480123.0,762790.0,6087,10.201751268443388,16.207917242156554,12.678001262176567
Ukraine,2008,46819168.0,515646.0,744766.0,6232,11.013566067641355,15.907288228616107,12.085810808190114
Ukraine,2009,46623731.0,522252.0,720131.0,5921,11.201420152325431,15.44558928585102,11.337438631158905
Ukraine,2010,46455997.0,507052.0,687455.0,5550,10.914672652488763,14.797981840751367,10.945622934136933
Ukraine,2011,46307854.0,511877.0,670263.0,5429,11.053783662702228,14.474067401179939,10.606063566052
Ukraine,2012,46210051.0,527665.0,658105.0,5281,11.418836131559345,14.241598651341025,10.008243866847337
Ukraine,2013,46126760.0,515323.0,644999.0,4891,11.171888075381839,13.983184598267902,9.491134686400569
Ukraine,2014,45972379.0,488795.0,629003.0,4597,10.632362532293575,13.682193823382514,9.404760686995571
Ukraine,2015,45784904.0,448778.0,595886.0,4135,9.801877055371788,13.014901156066637,9.213909772760697
Ukraine,2016,45616831.0,438564.0,574250.0,3921,9.614083012474058,12.588555307579345,8.940542315374723
Ukraine,2017,45436037.0,398895.0,557290.0,3576,8.779264793714294,12.265374288695117,8.9647651637649
Ukraine,2018,45208903.0,367319.0,594815.0,3105,8.124926189870168,13.15703236594792,8.453142908480094
Ukraine,2019,44957451.0,351719.0,587988.0,2793,7.823375039656941,13.078766409599156,7.940998353799483
Ukraine,2020,44680008.0,337567.0,645107.0,2479,7.555213508466695,14.438381479251301,7.343727319317351
Ukraine,2021,44298642.0,309089.0,759003.0,2290,6.977392218930774,17.13377579384939,7.408869290075026
Ukraine,2022,41048768.0,233127.0,582383.0,1961,5.679269107418765,14.187587798006508,8.411724081723696
United Arab Emirates,2000,3493583.0,56993.0,7003.0,632,16.313624150335055,2.004532309666036,11.089081115224676
United Arab Emirates,2001,3723596.0,59497.0,6711.0,640,15.978371445237345,1.802290044354973,10.756844882935273
United Arab Emirates,2002,3956829.0,62434.0,6512.0,646,15.778796607081073,1.6457623010749263,10.346926354230067
United Arab Emirates,2003,4192465.0,65598.0,6476.0,657,15.646642249845854,1.5446759841763735,10.015549254550443
United Arab Emirates,2004,4428964.0,66945.0,6602.0,652,15.115273007412116,1.4906420553429651,9.739338262753007
United Arab Emirates,2005,4664797.0,66905.0,6865.0,638,14.342531947263728,1.4716610390548612,9.53590912487856
United Arab Emirates,2006,5009106.0,61574.0,7234.0,589,12.29241305733997,1.444169877818517,9.565725793354337
United Arab Emirates,2007,5624640.0,62588.0,7541.0,589,11.127467713489219,1.3407080275359844,9.410749664472423
United Arab Emirates,2008,6302669.0,63022.0,7597.0,593,9.99925587080648,1.20536236315123,9.40941258608105
United Arab Emirates,2009,6707063.0,74333.0,7815.0,659,11.082794361704966,1.1651895919271968,8.865510607670887
United Arab Emirates,2010,6938372.0,78052.0,7451.0,673,11.249324769556894,1.0738830376924156,8.622456823656025
United Arab Emirates,2011,7199436.0,81872.0,7398.0,682,11.372001917928015,1.027580493805348,8.330076216533126
United Arab Emirates,2012,7497122.0,87548.0,7752.0,705,11.677547730982635,1.0339967790306734,8.052725362087084
United Arab Emirates,2013,7831851.0,92561.0,8089.0,724,11.818534341370897,1.0328337451772256,7.821868821641945
United Arab Emirates,2014,8236880.0,94485.0,8348.0,725,11.470969590427444,1.0134905449636271,7.673175636344393
United Arab Emirates,2015,8674633.0,95591.0,8858.0,723,11.019601636172965,1.021138300605916,7.563473548765051
United Arab Emirates,2016,9030873.0,97054.0,9095.0,721,10.746912286331565,1.0071008638921177,7.428854040018958
United Arab Emirates,2017,9234330.0,98443.0,8961.0,715,10.660546027703147,0.9704006679423413,7.263086252958565
United Arab Emirates,2018,9346870.0,95790.0,8950.0,684,10.24835051733896,0.9575397967447926,7.140620106482931
United Arab Emirates,2019,9377855.0,94664.0,8974.0,659,10.094419246192226,0.9569352479858134,6.961463703202907
United Arab Emirates,2020,9448529.0,98881.0,10564.0,654,10.465226915216114,1.118057636273329,6.614010780635309
United Arab Emirates,2021,9789055.0,90831.0,12320.0,604,9.278832328554696,1.2585484502845268,6.649712102696216
United Arab Emirates,2022,10242085.0,95204.0,12082.0,610,9.295372963610436,1.1796426215951146,6.407293811184404
United Kingdom,2000,59057333.0,684572.0,616829.0,4460,11.59165111638211,10.444579337844463,6.515019603489479
United Kingdom,2001,59288095.0,675043.0,610331.0,4339,11.385810254149673,10.294326373616828,6.427738677387959
United Kingdom,2002,59540764.0,676877.0,614959.0,4192,11.368295509274956,10.328369316859959,6.1931488291078
United Kingdom,2003,59820385.0,701719.0,619824.0,4434,11.730432694473633,10.361417767538606,6.318768623907861
United Kingdom,2004,60169964.0,721166.0,591818.0,4277,11.985481659919225,9.83577121634974,5.9306733817179405
United Kingdom,2005,60596107.0,729201.0,590615.0,4302,12.033792863954115,9.746748252325848,5.899607927032464
United Kingdom,2006,61051093.0,754428.0,580228.0,4448,12.357321759988801,9.503973991096277,5.895857523845881
United Kingdom,2007,61535859.0,778605.0,581587.0,4457,12.65286635553426,9.451188452573644,5.72434032660977
United Kingdom,2008,62027303.0,799621.0,586510.0,4420,12.891435889127727,9.4556747050569,5.527618709363561
United Kingdom,2009,62506222.0,797810.0,566114.0,4289,12.763689349197909,9.056922365264693,5.375966708865519
United Kingdom,2010,63006482.0,812048.0,567677.0,4141,12.888324728239866,9.009819021477822,5.09945224912813
United Kingdom,2011,63509285.0,814718.0,557071.0,4098,12.828328960088276,8.771489082265688,5.029961287218399
United Kingdom,2012,63960488.0,817336.0,573444.0,3897,12.778764289603295,8.965597635840428,4.767928979024538
United Kingdom,2013,64389386.0,785366.0,580798.0,3593,12.197134478033382,9.02008911841464,4.574937035726018
United Kingdom,2014,64865914.0,779584.0,574470.0,3517,12.018392279186878,8.856269257224989,4.5113804285362455
United Kingdom,2015,65382107.0,779219.0,605880.0,3532,11.917924272461883,9.266755505447385,4.532743683098076
United Kingdom,2016,65893359.0,776038.0,599383.0,3493,11.777180762631938,9.09625809180558,4.501068246658024
United Kingdom,2017,66354473.0,757154.0,608563.0,3389,11.41074543686,9.171393765722472,4.475971863055601
United Kingdom,2018,66752473.0,733085.0,617715.0,3218,10.98213994259059,9.25381446167545,4.389668319499103
United Kingdom,2019,67110958.0,714388.0,605256.0,3218,10.644878590468043,9.018735807645601,4.504554947731484
United Kingdom,2020,67351860.0,687269.0,691536.0,2917,10.20415768770157,10.267511543111059,4.244335187532102
United Kingdom,2021,67668788.0,693027.0,662083.0,3122,10.241457257960642,9.784171101158188,4.504874990440488
United Kingdom,2022,68179315.0,688630.0,648523.0,3140,10.100277481520605,9.512019884623363,4.559778110160754
United States,2000,281484126.0,3956650.0,2423914.0,33289,14.056387677079877,8.611192518898918,8.41343055362491
United States,2001,284279634.0,3930346.0,2432923.0,32249,13.825633390255454,8.558203645358569,8.205130031808904
United States,2002,287084335.0,3924849.0,2461854.0,32416,13.671414708155357,8.575368628176804,8.25917124454979
United States,2003,289908091.0,3983291.0,2466663.0,32787,13.73984074145761,8.508431039270304,8.231133502422997
United States,2004,292786248.0,4014648.0,2419815.0,32601,13.711873516682383,8.264783665659051,8.120512682556479
United States,2005,295716666.0,4055468.0,2472159.0,33281,13.714032607144299,8.35989067995241,8.206451142013696
United States,2006,298730208.0,4179497.0,2452681.0,33772,13.990875003842932,8.210354809514277,8.08039819145701
United States,2007,301844223.0,4232701.0,2450591.0,34418,14.022799435853374,8.118727519923414,8.131450815921086
United States,2008,304970325.0,4184010.0,2502103.0,33140,13.719400403957335,8.20441464263777,7.920631164839473
United States,2009,308023452.0,4089073.0,2468889.0,31345,13.27520022728659,8.015263071592354,7.665551581006257
United States,2010,311062785.0,3978953.0,2502227.0,29150,12.791478736358643,8.044122025076064,7.326047832180978
United States,2011,314105075.0,3942528.0,2553168.0,28187,12.55162145979335,8.128388247149461,7.149473637219571
United States,2012,317115349.0,3942569.0,2567419.0,27887,12.43260224531106,8.096167555736951,7.073306770281002
United States,2013,320110752.0,3930896.0,2611127.0,27382,12.279799961233417,8.156948755035883,6.965841884394805
United States,2014,323115377.0,3984348.0,2631369.0,27035,12.331038024228725,8.143744270022777,6.785300882352646
United States,2015,326126496.0,3982193.0,2707668.0,27358,12.210577947030712,8.30250848431524,6.870083895983947
United States,2016,329179423.0,3952809.0,2732734.0,27141,12.00806831719855,8.301654991357099,6.866256376161863
United States,2017,332204657.0,3872480.0,2795952.0,26085,11.656910637468878,8.416354018781862,6.735993471883651
United States,2018,335056492.0,3816077.0,2818624.0,25144,11.389354007801169,8.41238438084047,6.58896557904885
United States,2019,337790069.0,3772693.0,2842471.0,24611,11.168750493964344,8.41490399174524,6.523456851644171
United States,2020,339436156.0,3641990.0,3384292.0,22849,10.729528765933821,9.970334450758982,6.2737679125972345
United States,2021,340161438.0,3681202.0,3492879.0,24182,10.821926264316884,10.26829796033494,6.569050000516135
United States,2022,341534041.0,3750379.0,3187300.0,23713,10.980981541456362,9.33230547288257,6.322827639553229
United States Virgin Islands,2000,108591.0,1712.0,980.0,21,15.765579099557051,9.024688970540836,12.266355140186915
United States Virgin Islands,2001,108535.0,1784.0,987.0,21,16.437094024968903,9.093840696549501,11.771300448430493
United States Virgin Islands,2002,108433.0,1726.0,1034.0,20,15.917663441941107,9.535842409598555,11.587485515643106
United States Virgin Islands,2003,108186.0,1649.0,1081.0,20,15.242267945944945,9.99205072745087,12.12856276531231
United States Virgin Islands,2004,107851.0,1699.0,1124.0,20,15.753215083772982,10.421785611630861,11.771630370806356
United States Virgin Islands,2005,107622.0,1673.0,1134.0,20,15.545148761405661,10.536879076768692,11.954572624028692
United States Virgin Islands,2006,107463.0,1783.0,1136.0,21,16.5917571629305,10.57108027879363,11.777902411665732
United States Virgin Islands,2007,107238.0,1799.0,1162.0,21,16.775769783099275,10.835711221768404,11.673151750972762
United States Virgin Islands,2008,106971.0,1850.0,1192.0,20,17.29440689532677,11.143207037421357,10.81081081081081
United States Virgin Islands,2009,106767.0,1756.0,1202.0,18,16.44702951286446,11.25816029297442,10.250569476082005
United States Virgin Islands,2010,106325.0,1675.0,1206.0,16,15.753585704208792,11.34258170703033,9.55223880597015
United States Virgin Islands,2011,105398.0,1545.0,1241.0,14,14.658722176891402,11.774416971859049,9.06148867313916
United States Virgin Islands,2012,104307.0,1459.0,1241.0,12,13.987555964604486,11.897571591551863,8.224811514736121
United States Virgin Islands,2013,103168.0,1414.0,1239.0,11,13.705800248138958,12.009537841191067,7.779349363507779
United States Virgin Islands,2014,102012.0,1378.0,1241.0,11,13.508214719836882,12.165235462494609,7.982583454281567
United States Virgin Islands,2015,100251.0,1345.0,1259.0,9,13.416325024189284,12.558478219668633,6.691449814126394
United States Virgin Islands,2016,97795.0,1286.0,1266.0,8,13.149956541745487,12.945447108747892,6.2208398133748055
United States Virgin Islands,2017,95124.0,1224.0,1290.0,8,12.867415163365711,13.561246373155038,6.5359477124183005
United States Virgin Islands,2018,92317.0,1158.0,1302.0,7,12.543735173370019,14.103577889229504,6.044905008635579
United States Virgin Islands,2019,89390.0,1086.0,1307.0,6,12.149009956370959,14.621322295558787,5.524861878453039
United States Virgin Islands,2020,87724.0,1013.0,1368.0,6,11.547581049655738,15.594364142081984,5.923000987166831
United States Virgin Islands,2021,87238.0,1001.0,1396.0,5,11.474357504757101,16.002200875765148,4.995004995004995
United States Virgin Islands,2022,86521.0,979.0,1352.0,5,11.315172039158123,15.626264143965049,5.107252298263534
Upper-middle-income countries,2000,2387650827.0,39378776.0,16805960.0,1452533,16.492686264967,7.038700889575258,36.88618965708838
Upper-middle-income countries,2001,2408718093.0,38266652.0,16953796.0,1350367,15.88672917399803,7.038513991848859,35.288349762085275
Upper-middle-income countries,2002,2429083860.0,37967970.0,17203630.0,1265988,15.630571930933666,7.082353262188322,33.34357881129805
Upper-middle-income countries,2003,2448817188.0,37808188.0,17446440.0,1189536,15.439367293431461,7.124435456224836,31.462391162464595
Upper-middle-income countries,2004,2467775129.0,38189520.0,17748904.0,1159595,15.47528360717181,7.192269583814255,30.364220341077864
Upper-middle-income countries,2005,2487125053.0,38408370.0,17752010.0,1072775,15.442878496869856,7.1375622945003565,27.9307609252879
Upper-middle-income countries,2006,2506099159.0,38744864.0,17832968.0,1018863,15.460227844879142,7.115826975942894,26.29672412839028
Upper-middle-income countries,2007,2524647903.0,39228150.0,17880992.0,968308,15.53806768594773,7.082568614321346,24.684008804901584
Upper-middle-income countries,2008,2544572140.0,39881452.0,18173464.0,931604,15.673146527494401,7.142051001155739,23.359330046458687
Upper-middle-income countries,2009,2565830914.0,40245420.0,18186308.0,873406,15.685141129295786,7.087882487021902,21.70199739498308
Upper-middle-income countries,2010,2587239951.0,40197390.0,18392654.0,831513,15.536784666788721,7.108986544866476,20.685746014853205
Upper-middle-income countries,2011,2608269480.0,40326590.0,18459320.0,779832,15.461051976883923,7.077228845234197,19.337910792854046
Upper-middle-income countries,2012,2630713359.0,41914920.0,18579996.0,762264,15.932910309898952,7.062721575665211,18.1859824616151
Upper-middle-income countries,2013,2654098675.0,40839204.0,18753476.0,720713,15.38722142649802,7.065854851835907,17.647577068348344
Upper-middle-income countries,2014,2676850267.0,41328024.0,18989868.0,689646,15.439049583567911,7.094109160346248,16.687127359391777
Upper-middle-income countries,2015,2698929422.0,39828410.0,19193564.0,642121,14.757114311824342,7.111547209625402,16.122185143720273
Upper-middle-income countries,2016,2719695289.0,40214330.0,19509788.0,609407,14.786336602725203,7.173519797937923,15.1539762069889
Upper-middle-income countries,2017,2740416301.0,39671660.0,19860600.0,573055,14.476508545626258,7.247293045495572,14.444946342048707
Upper-middle-income countries,2018,2759864864.0,36525884.0,19890456.0,531750,13.234663941864655,7.207039829903787,14.558169215014756
Upper-middle-income countries,2019,2776256179.0,35378610.0,20184502.0,501115,12.743280057369661,7.270403269222224,14.16434958863562
Upper-middle-income countries,2020,2789064940.0,32178172.0,22338106.0,452749,11.537261660174897,8.00917385595188,14.070065881927663
Upper-middle-income countries,2021,2797561838.0,30556200.0,24256416.0,431632,10.922439527501162,8.670555792733115,14.125840255005532
Upper-middle-income countries,2022,2804740302.0,29198520.0,22000150.0,415680,10.410418383184767,7.843916951709279,14.236338006172916
Uruguay,2000,3266212.0,52104.0,31044.0,867,15.9524243986612,9.504588189621494,16.639797328420084
Uruguay,2001,3274257.0,51388.0,30660.0,833,15.694552993243963,9.36395646401611,16.21001011909395
Uruguay,2002,3278868.0,51296.0,31229.0,869,15.644423624250809,9.524323638524027,16.94089207735496
Uruguay,2003,3281188.0,50121.0,31490.0,835,15.275260058247197,9.597133721079071,16.659683565770834
Uruguay,2004,3283157.0,49503.0,31436.0,800,15.077865603137468,9.574930470885187,16.160636729087127
Uruguay,2005,3285776.0,49602.0,30674.0,682,15.095977327730193,9.335389874416272,13.749445586871497
Uruguay,2006,3289508.0,48781.0,30997.0,637,14.829269301062652,9.422989699371456,13.058362887189684
Uruguay,2007,3295155.0,48151.0,30727.0,592,14.612666172001013,9.324902773921105,12.294656393429005
Uruguay,2008,3302184.0,47714.0,30873.0,562,14.449225118891013,9.349267030547056,11.778513643794273
Uruguay,2009,3310093.0,47428.0,30484.0,494,14.328298328778073,9.209408919930647,10.415788142025809
Uruguay,2010,3318581.0,47277.0,31046.0,472,14.24614918243671,9.35520332334814,9.983713010554816
Uruguay,2011,3326829.0,46748.0,31812.0,478,14.051819315029418,9.562258835666036,10.225036365192093
Uruguay,2012,3335406.0,47390.0,31868.0,503,14.208165362777425,9.554459037370563,10.614053597805444
Uruguay,2013,3345335.0,47959.0,31637.0,484,14.3360829333983,9.457049891864344,10.091953543651869
Uruguay,2014,3356343.0,47778.0,31535.0,453,14.235136277788056,9.39564281719717,9.481351249529071
Uruguay,2015,3368022.0,48169.0,31977.0,434,14.301866199211288,9.494296652456546,9.009944154954432
Uruguay,2016,3379279.0,46383.0,32377.0,399,13.725708945606446,9.581037848606167,8.602289631977234
Uruguay,2017,3388444.0,43058.0,32150.0,330,12.70730754293121,9.488130835274244,7.664081007013795
Uruguay,2018,3394538.0,39673.0,32347.0,326,11.687304723058041,9.529131799378884,8.217175408968316
Uruguay,2019,3397206.0,37009.0,33137.0,307,10.893952265479339,9.754192121408003,8.295279526601638
Uruguay,2020,3398966.0,35383.0,31336.0,242,10.409930549467104,9.219274332252809,6.839442670208857
Uruguay,2021,3396693.0,34209.0,39836.0,249,10.071266375854396,11.727877673961114,7.278786284311146
Uruguay,2022,3390913.0,33767.0,36731.0,262,9.958085034915374,10.832185903914374,7.759054698374152
Uzbekistan,2000,24787052.0,538800.0,173654.0,33551,21.73715535030144,7.0058351432836785,62.269858945805495
Uzbekistan,2001,25090289.0,529342.0,172838.0,31224,21.097485166472175,6.888641258775457,58.986439768618396
Uzbekistan,2002,25399987.0,530875.0,171661.0,29397,20.90060124833922,6.758310545592011,55.37461737697198
Uzbekistan,2003,25711261.0,526166.0,171048.0,27468,20.464418295158683,6.652649203008751,52.20405727470038
Uzbekistan,2004,26029350.0,536325.0,172327.0,25990,20.604625163517337,6.620488026016785,48.4594229245327
Uzbekistan,2005,26356977.0,537796.0,174330.0,24340,20.404312679712852,6.614187962451081,45.25879701596888
Uzbekistan,2006,26699046.0,558517.0,175265.0,23210,20.91898714283649,6.5644667603479165,41.556479032867394
Uzbekistan,2007,27076013.0,601991.0,175103.0,22773,22.233369440323433,6.467089523114057,37.82946921133372
Uzbekistan,2008,27494780.0,636649.0,174980.0,22160,23.155268018147446,6.364117116048938,34.807248578101905
Uzbekistan,2009,27939333.0,646638.0,174800.0,20897,23.144360676040478,6.2564127783580235,32.31638103544796
Uzbekistan,2010,28385509.0,637218.0,175950.0,19147,22.448707895285583,6.198585341555792,30.047801537307482
Uzbekistan,2011,28823194.0,632051.0,177198.0,17524,21.92855517677881,6.1477572541058425,27.725610749765444
Uzbekistan,2012,29261908.0,642549.0,179223.0,16313,21.958547610770975,6.124788581797195,25.387947067071927
Uzbekistan,2013,29724065.0,683338.0,181572.0,15756,22.989385873029143,6.108585753664581,23.05740351041505
Uzbekistan,2014,30222994.0,720690.0,183839.0,15261,23.845751350776165,6.082752754409441,21.175540107397076
Uzbekistan,2015,30749349.0,737436.0,184662.0,14541,23.982166256592944,6.005395431298399,19.718321318731387
Uzbekistan,2016,31284565.0,735600.0,186559.0,13638,23.51319252800862,5.9632921218498645,18.539967373572594
Uzbekistan,2017,31819172.0,738081.0,189718.0,12871,23.196109565641745,5.962380165014979,17.438465425881443
Uzbekistan,2018,32373489.0,777185.0,192064.0,12633,24.00683472825558,5.9327556569512785,16.254817064148174
Uzbekistan,2019,32964700.0,814964.0,196816.0,12465,24.72232418314136,5.970507846271921,15.295154141778042
Uzbekistan,2020,33586373.0,860945.0,217204.0,12564,25.633759263020153,6.4670275650187055,14.593266701124927
Uzbekistan,2021,34243696.0,905756.0,216427.0,12601,26.450299056503717,6.320199782173045,13.912135277050332
Uzbekistan,2022,34938953.0,926734.0,211323.0,12250,26.524378106006786,6.048349531252411,13.21846398211353
Vanuatu,2000,186290.0,6019.0,991.0,173,32.30983949755757,5.319662891191153,28.74231599933544
Vanuatu,2001,191047.0,6166.0,1022.0,175,32.27478055138264,5.349468978837669,28.381446642880313
Vanuatu,2002,195871.0,6230.0,1050.0,174,31.80664825318705,5.36067105390793,27.929373996789728
Vanuatu,2003,200760.0,6334.0,1075.0,174,31.550109583582383,5.354652321179517,27.470792548152826
Vanuatu,2004,205720.0,6461.0,1112.0,176,31.40676647870892,5.405405405405405,27.240365268534283
Vanuatu,2005,210772.0,6583.0,1126.0,175,31.23280132085856,5.342265576072723,26.583624487315813
Vanuatu,2006,215939.0,6774.0,1168.0,177,31.369970223072258,5.408934930698021,26.12931798051373
Vanuatu,2007,221291.0,7048.0,1206.0,179,31.849465183852935,5.4498375442290925,25.39727582292849
Vanuatu,2008,226908.0,7373.0,1230.0,182,32.493345320570455,5.420699137976625,24.684660246846605
Vanuatu,2009,232740.0,7628.0,1265.0,183,32.77477012975853,5.435249634785598,23.990561090718405
Vanuatu,2010,238256.0,7850.0,1300.0,183,32.947753676717475,5.456315895507354,23.312101910828027
Vanuatu,2011,243483.0,8057.0,1342.0,182,33.09060591499202,5.511678433401921,22.589052997393573
Vanuatu,2012,248894.0,8256.0,1376.0,182,33.1707473864376,5.5284578977396,22.044573643410853
Vanuatu,2013,254495.0,8458.0,1423.0,182,33.23444468457141,5.591465451187646,21.518089382832823
Vanuatu,2014,260247.0,8610.0,1468.0,186,33.08395485826926,5.640795090817569,21.602787456445995
Vanuatu,2015,266115.0,8725.0,1504.0,185,32.78657723164797,5.651691937696109,21.20343839541547
Vanuatu,2016,272097.0,8844.0,1527.0,181,32.503114698067236,5.611969260962083,20.465852555404794
Vanuatu,2017,278518.0,8935.0,1566.0,181,32.08051185201675,5.622616850616477,20.257414661443757
Vanuatu,2018,285273.0,8965.0,1581.0,179,31.42603751494183,5.5420597112239856,19.966536530953707
Vanuatu,2019,291995.0,8969.0,1604.0,174,30.71627938834569,5.493244747341564,19.400156093209944
Vanuatu,2020,298867.0,8948.0,1715.0,172,29.93973908126357,5.738338458243968,19.222172552525706
Vanuatu,2021,305882.0,8972.0,1776.0,165,29.33157230566035,5.806160545569861,18.390548372715116
Vanuatu,2022,313061.0,8976.0,1619.0,162,28.671728512973512,5.171516094307499,18.048128342245988
Vatican,2000,701.0,3.0,0.0,0,4.279600570613409,0.0,0.0
Vatican,2001,691.0,3.0,0.0,0,4.341534008683069,0.0,0.0
Vatican,2002,684.0,3.0,0.0,0,4.385964912280701,0.0,0.0
Vatican,2003,674.0,3.0,0.0,0,4.451038575667656,0.0,0.0
Vatican,2004,667.0,3.0,0.0,0,4.497751124437781,0.0,0.0
Vatican,2005,667.0,3.0,0.0,0,4.497751124437781,0.0,0.0
Vatican,2006,664.0,3.0,0.0,0,4.518072289156627,0.0,0.0
Vatican,2007,657.0,3.0,0.0,0,4.5662100456621,0.0,0.0
Vatican,2008,648.0,3.0,0.0,0,4.62962962962963,0.0,0.0
Vatican,2009,637.0,3.0,0.0,0,4.7095761381475665,0.0,0.0
Vatican,2010,629.0,3.0,0.0,0,4.769475357710651,0.0,0.0
Vatican,2011,624.0,3.0,0.0,0,4.807692307692308,0.0,0.0
Vatican,2012,612.0,3.0,1.0,0,4.901960784313726,1.6339869281045751,0.0
Vatican,2013,598.0,3.0,0.0,0,5.016722408026756,0.0,0.0
Vatican,2014,587.0,3.0,0.0,0,5.110732538330494,0.0,0.0
Vatican,2015,579.0,3.0,2.0,0,5.181347150259067,3.454231433506045,0.0
Vatican,2016,571.0,2.0,0.0,0,3.502626970227671,0.0,0.0
Vatican,2017,563.0,2.0,2.0,0,3.552397868561279,3.552397868561279,0.0
Vatican,2018,552.0,2.0,2.0,0,3.6231884057971016,3.6231884057971016,0.0
Vatican,2019,543.0,2.0,3.0,0,3.6832412523020257,5.524861878453039,0.0
Vatican,2020,536.0,2.0,6.0,0,3.7313432835820897,11.194029850746269,0.0
Vatican,2021,527.0,2.0,7.0,0,3.795066413662239,13.282732447817837,0.0
Vatican,2022,513.0,2.0,8.0,0,3.898635477582846,15.594541910331383,0.0
Venezuela,2000,24526707.0,580823.0,121019.0,12681,23.681246732388495,4.93417236973557,21.83281309452277
Venezuela,2001,24979934.0,589494.0,138015.0,12389,23.598701261580594,5.525034613782407,21.016329258652338
Venezuela,2002,25435674.0,592205.0,125382.0,12058,23.28245754368451,4.929375962280378,20.361192492464603
Venezuela,2003,25892710.0,593958.0,137042.0,11719,22.939197944131763,5.292686628784704,19.730351304300978
Venezuela,2004,26340843.0,590562.0,134679.0,11367,22.420011386879303,5.112934312694548,19.247767380901582
Venezuela,2005,26785797.0,599288.0,136034.0,11215,22.37334957776317,5.07858698399006,18.713873796905663
Venezuela,2006,27224691.0,601788.0,141627.0,10958,22.104493307196766,5.202152707628527,18.209070303827925
Venezuela,2007,27649369.0,594792.0,142305.0,10677,21.5119556616283,5.146772065575891,17.95081305733769
Venezuela,2008,28053694.0,590754.0,154878.0,10471,21.057975466617695,5.520770277169203,17.724805925986114
Venezuela,2009,28438296.0,584536.0,157281.0,10298,20.55453674158255,5.530605631223474,17.61739225642219
Venezuela,2010,28813101.0,584225.0,158814.0,10269,20.276366643076702,5.511867674361048,17.57713209807865
Venezuela,2011,29185220.0,589462.0,163504.0,10349,20.197277937257283,5.602287733311587,17.556687284337244
Venezuela,2012,29553829.0,589311.0,168533.0,10422,19.94025884091026,5.7025774900436765,17.68505933199957
Venezuela,2013,29912195.0,582538.0,173614.0,10432,19.4749332170374,5.8041210282294555,17.907844638461352
Venezuela,2014,30254080.0,576499.0,181407.0,10457,19.05524808554747,5.996116887375191,18.138799893841966
Venezuela,2015,30573968.0,568795.0,184242.0,10447,18.603898584573646,6.026106915530232,18.366898443200096
Venezuela,2016,30765719.0,561841.0,202208.0,10427,18.261916778216687,6.572510137013213,18.55863135655817
Venezuela,2017,30565331.0,548064.0,207855.0,10393,17.930903480155344,6.800351679489419,18.963113796928827
Venezuela,2018,29807591.0,516556.0,199263.0,9919,17.32967954371086,6.684974978353669,19.202177498664227
Venezuela,2019,28938096.0,471676.0,196851.0,9056,16.299482868534266,6.80248624512131,19.199620078189266
Venezuela,2020,28444080.0,442091.0,204848.0,8494,15.542460856529726,7.201779772803339,19.213238903302713
Venezuela,2021,28237830.0,429761.0,222007.0,8225,15.219335196790972,7.862041807036872,19.138544446797173
Venezuela,2022,28213015.0,423888.0,207267.0,8069,15.02455515654743,7.34650302351592,19.035688672479523
Vietnam,2000,77154016.0,1390170.0,423240.0,42533,18.01811586839498,5.485650934878102,30.595538675126065
Vietnam,2001,77969357.0,1413038.0,427394.0,40916,18.12299157475417,5.481563737918218,28.956050721919723
Vietnam,2002,78772227.0,1425422.0,433986.0,39407,18.09548941659349,5.509378324418834,27.645848036581448
Vietnam,2003,79563778.0,1444171.0,442653.0,38351,18.151111426609226,5.563499008305011,26.55571950967025
Vietnam,2004,80338977.0,1445763.0,460364.0,37466,17.995785532593974,5.730269629895835,25.914344190576184
Vietnam,2005,81088309.0,1408413.0,466347.0,35952,17.36887866289085,5.751100321995863,25.5266033471716
Vietnam,2006,82167901.0,1417335.0,474296.0,35326,17.24925406090147,5.772278398592658,24.924241622481627
Vietnam,2007,83633374.0,1466698.0,484949.0,35531,17.5372334015844,5.798510532410184,24.22516428058128
Vietnam,2008,85175789.0,1504570.0,496397.0,35832,17.664291903418707,5.82791196686185,23.815442285835818
Vietnam,2009,86460023.0,1515454.0,507731.0,35754,17.527800102482047,5.872436559495248,23.592929907473273
Vietnam,2010,87455148.0,1522480.0,516929.0,35407,17.408695026163585,5.910789837094553,23.256134727549785
Vietnam,2011,88468315.0,1555971.0,526143.0,35538,17.587890082454944,5.94724789321465,22.83975729624781
Vietnam,2012,89510355.0,1601508.0,537797.0,35938,17.891874074234202,6.0082098881185315,22.440100205556263
Vietnam,2013,90573103.0,1620204.0,548595.0,36062,17.888356988277195,6.056930609962651,22.257691006811488
Vietnam,2014,91679582.0,1711735.0,560519.0,37140,18.670842107460743,6.113891313335176,21.697283750113186
Vietnam,2015,92823254.0,1717064.0,571140.0,37228,18.498209511164088,6.152984035659857,21.681195342747856
Vietnam,2016,94000115.0,1627396.0,582354.0,35853,17.31270222382175,6.195247739856488,22.030900899350865
Vietnam,2017,95176978.0,1595530.0,593746.0,35291,16.76382286481086,6.238336333813835,22.118669031607052
Vietnam,2018,96237319.0,1485701.0,602702.0,33186,15.437888497288665,6.262664071096993,22.336930512936316
Vietnam,2019,97173778.0,1507477.0,612164.0,32557,15.51320768860093,6.2996830276579345,21.59701275707689
Vietnam,2020,98079196.0,1494146.0,570111.0,31779,15.234076755686292,5.8127617604043165,21.2690058401254
Vietnam,2021,98935101.0,1457843.0,658187.0,30614,14.735346558144213,6.652714692230415,20.999517780721245
Vietnam,2022,99680656.0,1422615.0,646764.0,29542,14.271725900359243,6.488360188961838,20.765983769326205
Wallis and Futuna,2000,14804.0,271.0,63.0,4,18.305863280194544,4.255606592812753,14.760147601476014
Wallis and Futuna,2001,14931.0,266.0,64.0,4,17.815283638068447,4.286384033219477,15.037593984962406
Wallis and Futuna,2002,15048.0,268.0,64.0,4,17.809675704412545,4.253056884635832,14.925373134328359
Wallis and Futuna,2003,15071.0,292.0,70.0,4,19.374958529626433,4.644681839294009,13.698630136986301
Wallis and Futuna,2004,14916.0,245.0,71.0,4,16.42531509788147,4.75998927326361,16.3265306122449
Wallis and Futuna,2005,14635.0,228.0,69.0,3,15.579091219678851,4.7147249743764945,13.157894736842104
Wallis and Futuna,2006,14333.0,226.0,69.0,3,15.767808553687296,4.814065443382404,13.274336283185841
Wallis and Futuna,2007,14020.0,217.0,69.0,3,15.477888730385164,4.921540656205421,13.82488479262673
Wallis and Futuna,2008,13706.0,192.0,67.0,3,14.008463446665694,4.888370056909383,15.625
Wallis and Futuna,2009,13436.0,226.0,70.0,3,16.82048228639476,5.209883894016076,13.274336283185841
Wallis and Futuna,2010,13189.0,172.0,71.0,2,13.04117067253014,5.383273940404883,11.627906976744185
Wallis and Futuna,2011,12942.0,203.0,73.0,3,15.685365476742389,5.64055014680884,14.778325123152708
Wallis and Futuna,2012,12709.0,178.0,72.0,2,14.005822645369424,5.665276575655048,11.235955056179774
Wallis and Futuna,2013,12500.0,151.0,73.0,2,12.08,5.84,13.245033112582782
Wallis and Futuna,2014,12328.0,144.0,74.0,2,11.680726800778714,6.002595717066839,13.888888888888888
Wallis and Futuna,2015,12185.0,154.0,70.0,2,12.638489946655724,5.744768157570784,12.987012987012989
Wallis and Futuna,2016,12057.0,154.0,74.0,2,12.772663183213071,6.13751347764784,12.987012987012989
Wallis and Futuna,2017,11945.0,153.0,76.0,2,12.808706571787358,6.362494767685225,13.071895424836601
Wallis and Futuna,2018,11827.0,126.0,77.0,2,10.653589244948002,6.510526760801556,15.873015873015872
Wallis and Futuna,2019,11711.0,146.0,79.0,2,12.466911450772777,6.745794552130476,13.698630136986301
Wallis and Futuna,2020,11640.0,111.0,81.0,1,9.536082474226806,6.958762886597938,9.00900900900901
Wallis and Futuna,2021,11590.0,102.0,89.0,1,8.800690250215704,7.679033649698016,9.803921568627452
Wallis and Futuna,2022,11501.0,100.0,85.0,1,8.694896095991652,7.390661681592905,10.0
Western Sahara,2000,271946.0,6799.0,2014.0,522,25.001287020217248,7.40588205011289,76.77599647006912
Western Sahara,2001,285197.0,6905.0,2074.0,511,24.211334621331922,7.272166257008314,74.00434467776972
Western Sahara,2002,298468.0,6974.0,2122.0,494,23.365988983743648,7.109639894394039,70.83452824777746
Western Sahara,2003,311791.0,7094.0,2179.0,479,22.75242069206616,6.98865586242066,67.52184945023964
Western Sahara,2004,325197.0,7249.0,2234.0,464,22.29110354646568,6.869682069637789,64.00882880397296
Western Sahara,2005,338704.0,7469.0,2293.0,452,22.05170296187822,6.769923000614106,60.516802784844025
Western Sahara,2006,352658.0,7704.0,2357.0,445,21.845527394813107,6.683529084835734,57.76220145379024
Western Sahara,2007,366874.0,7945.0,2419.0,434,21.65593637052503,6.593544377633738,54.62555066079295
Western Sahara,2008,380834.0,8169.0,2479.0,424,21.450290677828136,6.50939779536491,51.903537764720284
Western Sahara,2009,394959.0,8374.0,2531.0,412,21.20220073475981,6.408260097883578,49.19990446620492
Western Sahara,2010,409722.0,8595.0,2592.0,401,20.977638496346305,6.326240719317,46.65503199534613
Western Sahara,2011,425093.0,8769.0,2668.0,392,20.62842719122639,6.276273662469154,44.702930778880145
Western Sahara,2012,441033.0,8966.0,2740.0,383,20.329544501205124,6.212687032489632,42.7169306268124
Western Sahara,2013,457436.0,9099.0,2828.0,372,19.891307199258474,6.182285609353002,40.883613583910325
Western Sahara,2014,472591.0,9245.0,2913.0,362,19.562369998582284,6.1638922450914215,39.15630070308275
Western Sahara,2015,486232.0,9287.0,2987.0,350,19.099935833100247,6.14315799865085,37.68708947991817
Western Sahara,2016,499658.0,9326.0,3060.0,337,18.66476670042309,6.124188945238543,36.135535063263994
Western Sahara,2017,512851.0,9354.0,3144.0,325,18.239215678627907,6.130435545606813,34.74449433397477
Western Sahara,2018,525790.0,9340.0,3232.0,313,17.763745982236255,6.146940793853059,33.5117773019272
Western Sahara,2019,538450.0,9308.0,3331.0,304,17.286656142631625,6.186275420187576,32.66007735281478
Western Sahara,2020,549374.0,9276.0,3424.0,291,16.884672372554945,6.2325483186317525,31.371280724450195
Western Sahara,2021,558625.0,9161.0,3498.0,278,16.3991944506601,6.261803535466548,30.346032092566315
Western Sahara,2022,568746.0,9043.0,3578.0,266,15.899892043196788,6.291033255618501,29.41501714032954
World,2000,6171702992.0,135758480.0,52240370.0,10180099,21.99692373012366,8.464498383625394,74.98683691803267
World,2001,6254936464.0,135380000.0,52431244.0,9867352,21.643705060662626,8.382378350566087,72.88633476141231
World,2002,6337730343.0,135396480.0,52757536.0,9547369,21.36355961397836,8.324357955410726,70.51415960001324
World,2003,6420361633.0,135700800.0,53077070.0,9200461,21.13600568891818,8.266990713917002,67.79960766627757
World,2004,6503377774.0,136596320.0,53187800.0,8935874,21.003903624682774,8.17848844836305,65.41811668132787
World,2005,6586970132.0,137166460.0,53390436.0,8604697,20.823907995822683,8.105461984809255,62.73178588993257
World,2006,6671452019.0,138469300.0,53281776.0,8293881,20.7554966453548,7.986533643389155,59.896894112991106
World,2007,6757308776.0,139935790.0,53410050.0,8024188,20.708805034485227,7.904041648902741,57.341928037137606
World,2008,6844457659.0,141758720.0,53987020.0,7821353,20.71146131112329,7.887698732274384,55.173699367488645
World,2009,6932766416.0,142968320.0,54122624.0,7624571,20.62211697628325,7.806786029180418,53.33049307706771
World,2010,7021732143.0,143354240.0,54268588.0,7350838,20.415794433701173,7.728661090283916,51.27743692826944
World,2011,7110923773.0,143878780.0,54581440.0,7213025,20.23348647700375,7.675717212332435,50.132653334981015
World,2012,7201202478.0,146054880.0,54794788.0,6899499,20.28201268415994,7.60911641734843,47.239085746398885
World,2013,7291793585.0,145014780.0,55092620.0,6659059,19.887395098280198,7.55542780494108,45.919864168328225
World,2014,7381616239.0,145268260.0,55545320.0,6485996,19.679736157576208,7.524818170109155,44.64840426945294
World,2015,7470491876.0,144333950.0,56305970.0,6297864,19.320541725464288,7.537116823711543,43.633975235902575
World,2016,7558554527.0,144854100.0,56756910.0,6105446,19.164259447036468,7.50896349259081,42.14893468669509
World,2017,7645617952.0,143601810.0,57572256.0,5920171,18.78223721111196,7.530098464433447,41.226297913654435
World,2018,7729902779.0,140332740.0,57792804.0,5649249,18.154528460725935,7.4765240459436315,40.25610132033337
World,2019,7811293699.0,138596780.0,58354932.0,5466807,17.743127494712322,7.47058480306157,39.4439683230736
World,2020,7887001289.0,134719620.0,63546316.0,5240419,17.081222008660433,8.057094663928615,38.898706810485365
World,2021,7954448387.0,133448840.0,69728100.0,5106789,16.77663032148102,8.765925254346616,38.26776613419795
World,2022,8021407196.0,132475390.0,62278628.0,5054944,16.515230652554443,7.764052675328116,38.157607990435054
Yemen,2000,19624139.0,801831.0,155131.0,72630,40.85942318284639,7.905111149080222,90.58018460249104
Yemen,2001,20226146.0,812359.0,153651.0,70278,40.163805798692444,7.596652372626995,86.51101298810009
Yemen,2002,20835092.0,824642.0,152125.0,67861,39.5794748590503,7.301383646398106,82.29146708511087
Yemen,2003,21456379.0,844736.0,150270.0,65665,39.36992350852863,7.00351163632969,77.73434540495492
Yemen,2004,22095161.0,859750.0,149254.0,63500,38.91123490795111,6.755053742310364,73.85867984879326
Yemen,2005,22790082.0,874900.0,148203.0,61385,38.38950645285085,6.502960366706886,70.16230426334438
Yemen,2006,23543090.0,898205.0,148128.0,59670,38.15153405946288,6.291782429579125,66.43249592242304
Yemen,2007,24318090.0,912630.0,147865.0,57871,37.528851978095325,6.08045286451362,63.411240042514486
Yemen,2008,25111941.0,927082.0,147961.0,56087,36.91797460021111,5.892057487710727,60.49842408762116
Yemen,2009,25927723.0,947938.0,149032.0,54666,36.56078861996481,5.747978717606633,57.66832851937574
Yemen,2010,26754383.0,952693.0,149460.0,52983,35.60885706091596,5.586374389571981,55.6139280964592
Yemen,2011,27582902.0,957334.0,150999.0,51454,34.70751554713134,5.474369593163185,53.74717705628339
Yemen,2012,28433655.0,999885.0,154258.0,51508,35.16554589974451,5.425190676330567,51.51392410127165
Yemen,2013,29312955.0,1040104.0,155172.0,51330,35.482741333993786,5.293632115902337,49.35083414735449
Yemen,2014,30226311.0,1080215.0,159890.0,51949,35.737573136199124,5.289762286902957,48.09135218451882
Yemen,2015,31159378.0,1119805.0,179869.0,54380,35.93797668233301,5.77254783455562,48.56202642424351
Yemen,2016,32109023.0,1157021.0,181303.0,54577,36.03413906427486,5.646481364443882,47.170276079690865
Yemen,2017,33090923.0,1193475.0,186783.0,54891,36.066537037966576,5.6445388362240605,45.992584679193115
Yemen,2018,34085181.0,1228646.0,208419.0,56907,36.046339316784035,6.11465140818821,46.316839838326096
Yemen,2019,35111416.0,1262154.0,205722.0,57180,35.94711190229411,5.8591200081477774,45.30350496056741
Yemen,2020,36134867.0,1297064.0,210719.0,55341,35.89508161189579,5.831459127827978,42.66636033380003
Yemen,2021,37140234.0,1324728.0,221116.0,55621,35.668272849331,5.953543534486078,41.98673237072063
Yemen,2022,38222878.0,1353356.0,199983.0,54922,35.40696229101325,5.232023606385684,40.58207892084566
Zambia,2000,10017633.0,455450.0,162271.0,67181,45.46483186197778,16.19853711949719,147.50466571522668
Zambia,2001,10325186.0,462304.0,159613.0,64731,44.77439922147649,15.458607719028015,140.01825638540873
Zambia,2002,10647955.0,472047.0,156005.0,61862,44.33217458187981,14.651170107311685,131.05050980093083
Zambia,2003,10983604.0,482672.0,151484.0,58833,43.9447744110221,13.79183007690372,121.89022773229024
Zambia,2004,11338201.0,497982.0,148634.0,56148,43.920724284214046,13.109134332686464,112.75106329144427
Zambia,2005,11718819.0,513724.0,144969.0,53538,43.837523217996626,12.370615161817927,104.2154931441786
Zambia,2006,12129560.0,529835.0,141948.0,51560,43.681304185807235,11.702650384680071,97.31331452244567
Zambia,2007,12565093.0,542530.0,138813.0,49552,43.17755547054049,11.047510750616809,91.33504138020017
Zambia,2008,13021327.0,555123.0,135566.0,47926,42.63183007384731,10.41107407870181,86.33401966771329
Zambia,2009,13490395.0,567055.0,132596.0,46561,42.03398047277341,9.828919019791488,82.11020095052508
Zambia,2010,13965592.0,578071.0,129745.0,45349,41.392516693885945,9.290332984094052,78.44884105931624
Zambia,2011,14437796.0,587057.0,127306.0,44399,40.661123068922706,8.817550822854125,75.62979404044242
Zambia,2012,14913631.0,594512.0,125114.0,43512,39.86366566264111,8.389238006492182,73.18943940576472
Zambia,2013,15399000.0,600296.0,123460.0,42606,38.982791090330544,8.017403727514774,70.9749856737343
Zambia,2014,15895320.0,605841.0,122170.0,41663,38.11442613297499,7.685910066610801,68.76886839946454
Zambia,2015,16399092.0,612410.0,121382.0,41135,37.34414076096408,7.401751267692139,67.16905341192991
Zambia,2016,16914428.0,619352.0,121829.0,40450,36.61678656824813,7.202667450533946,65.31019517172787
Zambia,2017,17441328.0,626801.0,122172.0,39877,35.93768777239898,7.004741840758915,63.61987297403801
Zambia,2018,17973574.0,637415.0,121766.0,39478,35.46400955091069,6.774723825100117,61.93453244746358
Zambia,2019,18513839.0,648090.0,120010.0,38922,35.00570573180419,6.482178007489424,60.05647363792066
Zambia,2020,19059394.0,655797.0,119312.0,38321,34.40807194604403,6.260010155621947,58.43424108375
Zambia,2021,19603610.0,665154.0,129520.0,37730,33.93017918638455,6.606946373652608,56.723706089116206
Zambia,2022,20152935.0,675973.0,112513.0,36581,33.542161476727834,5.582958511998377,54.1160667659803
Zimbabwe,2000,11892055.0,429631.0,193300.0,39280,36.12756584122761,16.254549781345613,91.42729458535348
Zimbabwe,2001,11971904.0,436531.0,208623.0,39540,36.462955265929295,17.4260501921833,90.57775965509896
Zimbabwe,2002,12087661.0,441668.0,197498.0,39891,36.53874806714053,16.338810295887683,90.31897262196945
Zimbabwe,2003,12232324.0,447857.0,204795.0,40288,36.61258482034976,16.742117033525275,89.95728547281834
Zimbabwe,2004,12365901.0,449199.0,200905.0,40672,36.32561832736652,16.24669322518432,90.54338945545292
Zimbabwe,2005,12483433.0,446943.0,198407.0,40838,35.80289172057077,15.893624774531174,91.3718304123792
Zimbabwe,2006,12636442.0,444835.0,195872.0,40809,35.20255147770235,15.500565744693008,91.73963379680106
Zimbabwe,2007,12804062.0,456483.0,194666.0,41101,35.65142061948778,15.203456528092412,90.03840230632903
Zimbabwe,2008,12959154.0,471211.0,190686.0,42132,36.361247038194,14.71438644837464,89.4121741640157
Zimbabwe,2009,13142791.0,493086.0,183777.0,42097,37.517601854887594,13.983102980181304,85.37455940748673
Zimbabwe,2010,13356551.0,505804.0,170234.0,40389,37.86935714167527,12.745356192627874,79.85108856394966
Zimbabwe,2011,13595421.0,518550.0,158990.0,39027,38.141518383285074,11.694378570549599,75.26178767717674
Zimbabwe,2012,13817887.0,522389.0,151253.0,37133,37.80527370067507,10.9461743318642,71.08304347909316
Zimbabwe,2013,14013811.0,518165.0,143406.0,34980,36.97530957139354,10.233190671688094,67.50745418930263
Zimbabwe,2014,14207367.0,503038.0,136688.0,32501,35.40684209818751,9.620924130417691,64.6094330845781
Zimbabwe,2015,14399008.0,488386.0,132188.0,30095,33.9180310199147,9.180354646653436,61.621340497065844
Zimbabwe,2016,14600297.0,477484.0,128714.0,28013,32.70371828737457,8.815848061173002,58.66793442293354
Zimbabwe,2017,14812484.0,471228.0,127191.0,26491,31.81289512278967,8.586743452347358,56.21694805911363
Zimbabwe,2018,15034457.0,470991.0,125092.0,25211,31.327436700906457,8.320353704826186,53.527562097789556
Zimbabwe,2019,15271377.0,475267.0,126468.0,24647,31.121424086380685,8.281375019423592,51.85927068363678
Zimbabwe,2020,15526887.0,481152.0,126365.0,23828,30.98831079275582,8.138463299179032,49.52281191806331
Zimbabwe,2021,15797220.0,488642.0,138738.0,23391,30.93215135321278,8.782431339184996,47.86940132039407
Zimbabwe,2022,16069061.0,496240.0,124995.0,23249,30.881704911071033,7.778612577299943,46.85031436401741
