entity,code,year,death_rate100k__age_group_age_standardized__sex_both_sexes__cause_self_harm
Afghanistan,AFG,2000,7.04678
Afghanistan,AFG,2001,7.1279664
Afghanistan,AFG,2002,7.057435
Afghanistan,AFG,2003,7.085413
Afghanistan,AFG,2004,7.0883346
Afghanistan,AFG,2005,6.989182
Afghanistan,AFG,2006,6.7106414
Afghanistan,AFG,2007,6.49032
Afghanistan,AFG,2008,6.251322
Afghanistan,AFG,2009,5.857906
Afghanistan,AFG,2010,5.688911
Afghanistan,AFG,2011,5.8711257
Afghanistan,AFG,2012,5.7921
Afghanistan,AFG,2013,5.7145348
Afghanistan,AFG,2014,5.5813885
Afghanistan,AFG,2015,5.363797
Afghanistan,AFG,2016,5.3510666
Afghanistan,AFG,2017,5.499149
Afghanistan,AFG,2018,5.451466
Afghanistan,AFG,2019,5.39273
Afghanistan,AFG,2020,5.3621764
Afghanistan,AFG,2021,5.388687
Africa,OWID_AFR,2000,9.970473
Africa,OWID_AFR,2001,9.891504
Africa,OWID_AFR,2002,9.89545
Africa,OWID_AFR,2003,9.886266
Africa,OWID_AFR,2004,9.790439
Africa,OWID_AFR,2005,9.608829
Africa,OWID_AFR,2006,9.592428
Africa,OWID_AFR,2007,9.529765
Africa,OWID_AFR,2008,9.525382
Africa,OWID_AFR,2009,9.485207
Africa,OWID_AFR,2010,9.689575
Africa,OWID_AFR,2011,9.519722
Africa,OWID_AFR,2012,9.393394
Africa,OWID_AFR,2013,9.300334
Africa,OWID_AFR,2014,9.275375
Africa,OWID_AFR,2015,9.262834
Africa,OWID_AFR,2016,9.173538
Africa,OWID_AFR,2017,9.088877
Africa,OWID_AFR,2018,9.22262
Africa,OWID_AFR,2019,9.195812
Africa,OWID_AFR,2020,9.210741
Africa,OWID_AFR,2021,9.400316
Albania,ALB,2000,5.208214
Albania,ALB,2001,4.4798536
Albania,ALB,2002,4.5293174
Albania,ALB,2003,4.6417174
Albania,ALB,2004,4.524418
Albania,ALB,2005,6.8274097
Albania,ALB,2006,6.7791924
Albania,ALB,2007,6.8636017
Albania,ALB,2008,6.884736
Albania,ALB,2009,6.7752595
Albania,ALB,2010,6.4947042
Albania,ALB,2011,6.560598
Albania,ALB,2012,4.116106
Albania,ALB,2013,4.072404
Albania,ALB,2014,3.8214164
Albania,ALB,2015,3.6173608
Albania,ALB,2016,3.487594
Albania,ALB,2017,3.3308504
Albania,ALB,2018,3.1883323
Albania,ALB,2019,3.0821269
Albania,ALB,2020,2.5677998
Albania,ALB,2021,2.1897862
Algeria,DZA,2000,4.1094484
Algeria,DZA,2001,3.890561
Algeria,DZA,2002,3.7752733
Algeria,DZA,2003,3.4956343
Algeria,DZA,2004,3.3033764
Algeria,DZA,2005,3.1913438
Algeria,DZA,2006,3.0525823
Algeria,DZA,2007,2.917755
Algeria,DZA,2008,2.7877064
Algeria,DZA,2009,2.655292
Algeria,DZA,2010,2.552516
Algeria,DZA,2011,2.4951704
Algeria,DZA,2012,2.335973
Algeria,DZA,2013,2.2985022
Algeria,DZA,2014,2.2689452
Algeria,DZA,2015,2.2004573
Algeria,DZA,2016,2.1119583
Algeria,DZA,2017,2.1128728
Algeria,DZA,2018,2.148624
Algeria,DZA,2019,2.1487212
Algeria,DZA,2020,1.8345944
Algeria,DZA,2021,2.3034966
Andorra,AND,2000,9.820946
Andorra,AND,2001,11.114499
Andorra,AND,2002,11.495886
Andorra,AND,2003,10.657868
Andorra,AND,2004,12.308897
Andorra,AND,2005,10.724412
Andorra,AND,2006,10.743566
Andorra,AND,2007,9.7930355
Andorra,AND,2008,9.010325
Andorra,AND,2009,8.517546
Andorra,AND,2010,8.380428
Andorra,AND,2011,6.989669
Andorra,AND,2012,7.4388313
Andorra,AND,2013,8.837888
Andorra,AND,2014,8.991278
Andorra,AND,2015,9.098893
Andorra,AND,2016,9.749596
Andorra,AND,2017,8.348631
Andorra,AND,2018,7.6613994
Andorra,AND,2019,8.646476
Andorra,AND,2020,12.0821495
Andorra,AND,2021,5.796516
Angola,AGO,2000,16.383451
Angola,AGO,2001,15.580838
Angola,AGO,2002,15.222677
Angola,AGO,2003,15.693163
Angola,AGO,2004,15.636596
Angola,AGO,2005,14.663815
Angola,AGO,2006,15.069319
Angola,AGO,2007,14.058878
Angola,AGO,2008,13.253322
Angola,AGO,2009,12.907376
Angola,AGO,2010,12.269969
Angola,AGO,2011,12.343249
Angola,AGO,2012,12.1165695
Angola,AGO,2013,12.24345
Angola,AGO,2014,11.381045
Angola,AGO,2015,11.66404
Angola,AGO,2016,11.569747
Angola,AGO,2017,11.45042
Angola,AGO,2018,12.521435
Angola,AGO,2019,13.094654
Angola,AGO,2020,13.308908
Angola,AGO,2021,14.063236
Antigua and Barbuda,ATG,2000,2.1462991
Antigua and Barbuda,ATG,2001,2.0367014
Antigua and Barbuda,ATG,2002,1.3262892
Antigua and Barbuda,ATG,2003,1.5272484
Antigua and Barbuda,ATG,2004,2.0462346
Antigua and Barbuda,ATG,2005,1.3916252
Antigua and Barbuda,ATG,2006,0.42021236
Antigua and Barbuda,ATG,2007,0.33081272
Antigua and Barbuda,ATG,2008,0.24826169
Antigua and Barbuda,ATG,2009,0.0
Antigua and Barbuda,ATG,2010,0.0
Antigua and Barbuda,ATG,2011,0.0
Antigua and Barbuda,ATG,2012,0.0
Antigua and Barbuda,ATG,2013,0.0
Antigua and Barbuda,ATG,2014,0.4367906
Antigua and Barbuda,ATG,2015,0.41753072
Antigua and Barbuda,ATG,2016,0.49855667
Antigua and Barbuda,ATG,2017,0.0
Antigua and Barbuda,ATG,2018,0.0
Antigua and Barbuda,ATG,2019,0.0
Antigua and Barbuda,ATG,2020,0.7336751
Antigua and Barbuda,ATG,2021,1.4073087
Argentina,ARG,2000,9.195392
Argentina,ARG,2001,10.320801
Argentina,ARG,2002,10.281946
Argentina,ARG,2003,9.621733
Argentina,ARG,2004,8.631051
Argentina,ARG,2005,8.496446
Argentina,ARG,2006,8.462388
Argentina,ARG,2007,8.1514
Argentina,ARG,2008,8.52835
Argentina,ARG,2009,8.294043
Argentina,ARG,2010,8.366946
Argentina,ARG,2011,8.468852
Argentina,ARG,2012,9.07093
Argentina,ARG,2013,8.658649
Argentina,ARG,2014,9.378941
Argentina,ARG,2015,8.534842
Argentina,ARG,2016,8.147979
Argentina,ARG,2017,8.799887
Argentina,ARG,2018,9.095638
Argentina,ARG,2019,9.030141
Argentina,ARG,2020,7.8057866
Argentina,ARG,2021,7.632752
Armenia,ARM,2000,3.5619185
Armenia,ARM,2001,3.2094796
Armenia,ARM,2002,3.3764296
Armenia,ARM,2003,2.6935492
Armenia,ARM,2004,3.5973613
Armenia,ARM,2005,3.848394
Armenia,ARM,2006,5.536215
Armenia,ARM,2007,5.2284164
Armenia,ARM,2008,4.2159843
Armenia,ARM,2009,4.03206
Armenia,ARM,2010,5.9646397
Armenia,ARM,2011,5.795372
Armenia,ARM,2012,6.4113584
Armenia,ARM,2013,5.2939477
Armenia,ARM,2014,4.6278358
Armenia,ARM,2015,4.479642
Armenia,ARM,2016,4.4906516
Armenia,ARM,2017,2.4183066
Armenia,ARM,2018,1.711748
Armenia,ARM,2019,1.7844328
Armenia,ARM,2020,1.3767406
Armenia,ARM,2021,1.8210052
Asia,OWID_ASI,2000,14.385264
Asia,OWID_ASI,2001,13.819408
Asia,OWID_ASI,2002,13.665758
Asia,OWID_ASI,2003,13.627525
Asia,OWID_ASI,2004,13.525619
Asia,OWID_ASI,2005,13.163183
Asia,OWID_ASI,2006,12.536869
Asia,OWID_ASI,2007,12.163058
Asia,OWID_ASI,2008,11.80586
Asia,OWID_ASI,2009,11.553113
Asia,OWID_ASI,2010,11.274091
Asia,OWID_ASI,2011,10.9304285
Asia,OWID_ASI,2012,10.548566
Asia,OWID_ASI,2013,10.26142
Asia,OWID_ASI,2014,9.935926
Asia,OWID_ASI,2015,9.654013
Asia,OWID_ASI,2016,9.521712
Asia,OWID_ASI,2017,9.488988
Asia,OWID_ASI,2018,9.306268
Asia,OWID_ASI,2019,9.133609
Asia,OWID_ASI,2020,8.680034
Asia,OWID_ASI,2021,8.554836
Australia,AUS,2000,11.839696
Australia,AUS,2001,12.010538
Australia,AUS,2002,11.1744
Australia,AUS,2003,10.158514
Australia,AUS,2004,9.698301
Australia,AUS,2005,10.513824
Australia,AUS,2006,10.051026
Australia,AUS,2007,10.388827
Australia,AUS,2008,10.925048
Australia,AUS,2009,10.376615
Australia,AUS,2010,10.809726
Australia,AUS,2011,10.356097
Australia,AUS,2012,10.843143
Australia,AUS,2013,10.622438
Australia,AUS,2014,11.728761
Australia,AUS,2015,12.212286
Australia,AUS,2016,11.239356
Australia,AUS,2017,12.485702
Australia,AUS,2018,12.079048
Australia,AUS,2019,12.672347
Australia,AUS,2020,11.865883
Australia,AUS,2021,11.764686
Austria,AUT,2000,15.723757
Austria,AUT,2001,14.6650305
Austria,AUT,2002,15.286936
Austria,AUT,2003,14.065237
Austria,AUT,2004,13.548729
Austria,AUT,2005,13.253531
Austria,AUT,2006,12.384179
Austria,AUT,2007,12.200108
Austria,AUT,2008,11.569869
Austria,AUT,2009,11.7822075
Austria,AUT,2010,12.166362
Austria,AUT,2011,12.115019
Austria,AUT,2012,11.685915
Austria,AUT,2013,11.382457
Austria,AUT,2014,12.226059
Austria,AUT,2015,11.608854
Austria,AUT,2016,11.422229
Austria,AUT,2017,11.087962
Austria,AUT,2018,11.296406
Austria,AUT,2019,10.428108
Austria,AUT,2020,9.820093
Austria,AUT,2021,10.093521
Azerbaijan,AZE,2000,2.7920268
Azerbaijan,AZE,2001,2.7588668
Azerbaijan,AZE,2002,2.801149
Azerbaijan,AZE,2003,2.9861104
Azerbaijan,AZE,2004,2.9817586
Azerbaijan,AZE,2005,3.3004987
Azerbaijan,AZE,2006,3.2583115
Azerbaijan,AZE,2007,3.0105464
Azerbaijan,AZE,2008,3.0575492
Azerbaijan,AZE,2009,2.8147857
Azerbaijan,AZE,2010,2.7593498
Azerbaijan,AZE,2011,2.7033072
Azerbaijan,AZE,2012,2.4762104
Azerbaijan,AZE,2013,2.248149
Azerbaijan,AZE,2014,2.125862
Azerbaijan,AZE,2015,1.988637
Azerbaijan,AZE,2016,1.9182155
Azerbaijan,AZE,2017,1.8687439
Azerbaijan,AZE,2018,1.7677317
Azerbaijan,AZE,2019,1.8010668
Azerbaijan,AZE,2020,3.3317556
Azerbaijan,AZE,2021,1.5573719
Bahamas,BHS,2000,3.342467
Bahamas,BHS,2001,3.124995
Bahamas,BHS,2002,2.9154725
Bahamas,BHS,2003,3.1278818
Bahamas,BHS,2004,3.2640355
Bahamas,BHS,2005,2.9720716
Bahamas,BHS,2006,3.2071211
Bahamas,BHS,2007,3.0892932
Bahamas,BHS,2008,3.1238234
Bahamas,BHS,2009,3.271022
Bahamas,BHS,2010,3.6044986
Bahamas,BHS,2011,3.593507
Bahamas,BHS,2012,3.3607488
Bahamas,BHS,2013,3.1456168
Bahamas,BHS,2014,3.3129518
Bahamas,BHS,2015,3.140717
Bahamas,BHS,2016,3.3639302
Bahamas,BHS,2017,3.3750913
Bahamas,BHS,2018,3.1723297
Bahamas,BHS,2019,3.339318
Bahamas,BHS,2020,2.808475
Bahamas,BHS,2021,2.9709373
Bahrain,BHR,2000,12.351396
Bahrain,BHR,2001,12.354257
Bahrain,BHR,2002,11.034007
Bahrain,BHR,2003,10.612402
Bahrain,BHR,2004,10.013178
Bahrain,BHR,2005,9.198324
Bahrain,BHR,2006,7.3602843
Bahrain,BHR,2007,6.769926
Bahrain,BHR,2008,6.3033767
Bahrain,BHR,2009,5.602111
Bahrain,BHR,2010,5.274374
Bahrain,BHR,2011,5.1571827
Bahrain,BHR,2012,5.2034793
Bahrain,BHR,2013,4.940158
Bahrain,BHR,2014,4.9555387
Bahrain,BHR,2015,4.704633
Bahrain,BHR,2016,5.0084405
Bahrain,BHR,2017,4.9977164
Bahrain,BHR,2018,5.030056
Bahrain,BHR,2019,4.739683
Bahrain,BHR,2020,4.779874
Bahrain,BHR,2021,3.8786619
Bangladesh,BGD,2000,5.2077494
Bangladesh,BGD,2001,5.0855484
Bangladesh,BGD,2002,5.0217333
Bangladesh,BGD,2003,4.8658066
Bangladesh,BGD,2004,4.613288
Bangladesh,BGD,2005,4.704359
Bangladesh,BGD,2006,4.7476916
Bangladesh,BGD,2007,4.543309
Bangladesh,BGD,2008,4.3319664
Bangladesh,BGD,2009,4.2383394
Bangladesh,BGD,2010,4.03594
Bangladesh,BGD,2011,3.5650969
Bangladesh,BGD,2012,3.333382
Bangladesh,BGD,2013,3.214609
Bangladesh,BGD,2014,3.1773262
Bangladesh,BGD,2015,3.1149347
Bangladesh,BGD,2016,3.117538
Bangladesh,BGD,2017,3.2252915
Bangladesh,BGD,2018,3.2079782
Bangladesh,BGD,2019,3.2303152
Bangladesh,BGD,2020,2.9846158
Bangladesh,BGD,2021,3.0032241
Barbados,BRB,2000,4.753831
Barbados,BRB,2001,4.3210764
Barbados,BRB,2002,3.9557571
Barbados,BRB,2003,4.4783945
Barbados,BRB,2004,4.5921197
Barbados,BRB,2005,4.6485343
Barbados,BRB,2006,4.409353
Barbados,BRB,2007,3.918986
Barbados,BRB,2008,4.130216
Barbados,BRB,2009,3.8571296
Barbados,BRB,2010,3.912108
Barbados,BRB,2011,3.8177712
Barbados,BRB,2012,3.3978498
Barbados,BRB,2013,3.615002
Barbados,BRB,2014,3.7705233
Barbados,BRB,2015,3.4836113
Barbados,BRB,2016,3.9371421
Barbados,BRB,2017,3.2901905
Barbados,BRB,2018,3.4996333
Barbados,BRB,2019,4.1759524
Barbados,BRB,2020,3.465293
Barbados,BRB,2021,2.8681686
Belarus,BLR,2000,36.180668
Belarus,BLR,2001,35.84308
Belarus,BLR,2002,36.445724
Belarus,BLR,2003,36.000805
Belarus,BLR,2004,35.768875
Belarus,BLR,2005,35.784252
Belarus,BLR,2006,32.83926
Belarus,BLR,2007,29.521019
Belarus,BLR,2008,31.208542
Belarus,BLR,2009,31.237873
Belarus,BLR,2010,29.328491
Belarus,BLR,2011,29.42601
Belarus,BLR,2012,24.122545
Belarus,BLR,2013,21.50309
Belarus,BLR,2014,19.875235
Belarus,BLR,2015,18.136404
Belarus,BLR,2016,17.298489
Belarus,BLR,2017,15.610451
Belarus,BLR,2018,15.3679905
Belarus,BLR,2019,14.313462
Belarus,BLR,2020,12.816087
Belarus,BLR,2021,12.09605
Belgium,BEL,2000,18.422575
Belgium,BEL,2001,18.486387
Belgium,BEL,2002,17.25113
Belgium,BEL,2003,17.938505
Belgium,BEL,2004,16.887558
Belgium,BEL,2005,16.760994
Belgium,BEL,2006,16.68917
Belgium,BEL,2007,15.121213
Belgium,BEL,2008,16.499681
Belgium,BEL,2009,16.61237
Belgium,BEL,2010,16.450024
Belgium,BEL,2011,16.71294
Belgium,BEL,2012,16.437014
Belgium,BEL,2013,15.444365
Belgium,BEL,2014,15.09024
Belgium,BEL,2015,14.397621
Belgium,BEL,2016,14.99549
Belgium,BEL,2017,14.64906
Belgium,BEL,2018,14.4541235
Belgium,BEL,2019,14.223209
Belgium,BEL,2020,12.693693
Belgium,BEL,2021,14.361661
Belize,BLZ,2000,9.085105
Belize,BLZ,2001,7.626482
Belize,BLZ,2002,7.243711
Belize,BLZ,2003,7.4221163
Belize,BLZ,2004,8.000616
Belize,BLZ,2005,6.4661
Belize,BLZ,2006,6.48963
Belize,BLZ,2007,5.938582
Belize,BLZ,2008,5.846279
Belize,BLZ,2009,7.2137027
Belize,BLZ,2010,7.789581
Belize,BLZ,2011,7.9964895
Belize,BLZ,2012,7.624359
Belize,BLZ,2013,7.3687496
Belize,BLZ,2014,6.87405
Belize,BLZ,2015,6.66335
Belize,BLZ,2016,6.2295084
Belize,BLZ,2017,6.882552
Belize,BLZ,2018,6.2114563
Belize,BLZ,2019,5.6664863
Belize,BLZ,2020,4.496081
Belize,BLZ,2021,4.7650557
Benin,BEN,2000,11.988483
Benin,BEN,2001,11.90615
Benin,BEN,2002,12.051663
Benin,BEN,2003,11.886002
Benin,BEN,2004,11.866655
Benin,BEN,2005,11.792674
Benin,BEN,2006,11.731461
Benin,BEN,2007,11.742024
Benin,BEN,2008,12.022231
Benin,BEN,2009,12.242154
Benin,BEN,2010,12.345275
Benin,BEN,2011,12.416198
Benin,BEN,2012,12.364881
Benin,BEN,2013,12.20948
Benin,BEN,2014,12.102144
Benin,BEN,2015,12.162798
Benin,BEN,2016,12.011529
Benin,BEN,2017,11.864466
Benin,BEN,2018,11.740562
Benin,BEN,2019,11.680331
Benin,BEN,2020,11.4981
Benin,BEN,2021,11.505887
Bhutan,BTN,2000,7.5310087
Bhutan,BTN,2001,7.444906
Bhutan,BTN,2002,7.1581655
Bhutan,BTN,2003,7.289932
Bhutan,BTN,2004,7.094157
Bhutan,BTN,2005,6.923679
Bhutan,BTN,2006,6.7867737
Bhutan,BTN,2007,6.566491
Bhutan,BTN,2008,6.403679
Bhutan,BTN,2009,6.1791916
Bhutan,BTN,2010,5.889495
Bhutan,BTN,2011,5.77335
Bhutan,BTN,2012,5.797502
Bhutan,BTN,2013,5.887118
Bhutan,BTN,2014,5.927481
Bhutan,BTN,2015,5.7702513
Bhutan,BTN,2016,5.660604
Bhutan,BTN,2017,5.712236
Bhutan,BTN,2018,5.3842125
Bhutan,BTN,2019,5.139318
Bhutan,BTN,2020,5.2959867
Bhutan,BTN,2021,5.0848465
Bolivia,BOL,2000,7.70114
Bolivia,BOL,2001,7.573543
Bolivia,BOL,2002,7.5354433
Bolivia,BOL,2003,7.4193225
Bolivia,BOL,2004,7.322934
Bolivia,BOL,2005,7.245337
Bolivia,BOL,2006,6.971835
Bolivia,BOL,2007,6.966963
Bolivia,BOL,2008,6.806349
Bolivia,BOL,2009,6.709127
Bolivia,BOL,2010,6.49574
Bolivia,BOL,2011,6.3851614
Bolivia,BOL,2012,6.084173
Bolivia,BOL,2013,6.0430155
Bolivia,BOL,2014,6.1038613
Bolivia,BOL,2015,6.1883783
Bolivia,BOL,2016,6.1508794
Bolivia,BOL,2017,6.0790143
Bolivia,BOL,2018,5.927452
Bolivia,BOL,2019,5.84389
Bolivia,BOL,2020,5.5465393
Bolivia,BOL,2021,5.0275974
Bosnia and Herzegovina,BIH,2000,10.243874
Bosnia and Herzegovina,BIH,2001,9.904505
Bosnia and Herzegovina,BIH,2002,9.746808
Bosnia and Herzegovina,BIH,2003,9.349273
Bosnia and Herzegovina,BIH,2004,9.0664
Bosnia and Herzegovina,BIH,2005,9.238878
Bosnia and Herzegovina,BIH,2006,8.966015
Bosnia and Herzegovina,BIH,2007,9.470901
Bosnia and Herzegovina,BIH,2008,8.711526
Bosnia and Herzegovina,BIH,2009,8.511539
Bosnia and Herzegovina,BIH,2010,8.17501
Bosnia and Herzegovina,BIH,2011,8.118886
Bosnia and Herzegovina,BIH,2012,7.7802067
Bosnia and Herzegovina,BIH,2013,7.9035773
Bosnia and Herzegovina,BIH,2014,7.654754
Bosnia and Herzegovina,BIH,2015,7.864343
Bosnia and Herzegovina,BIH,2016,7.7936788
Bosnia and Herzegovina,BIH,2017,7.6709146
Bosnia and Herzegovina,BIH,2018,7.4759707
Bosnia and Herzegovina,BIH,2019,7.8200517
Bosnia and Herzegovina,BIH,2020,6.4776015
Bosnia and Herzegovina,BIH,2021,5.7404532
Botswana,BWA,2000,15.950301
Botswana,BWA,2001,15.468168
Botswana,BWA,2002,15.366373
Botswana,BWA,2003,14.344829
Botswana,BWA,2004,13.070849
Botswana,BWA,2005,12.046744
Botswana,BWA,2006,11.436946
Botswana,BWA,2007,14.019106
Botswana,BWA,2008,18.450958
Botswana,BWA,2009,20.193182
Botswana,BWA,2010,19.662737
Botswana,BWA,2011,18.52646
Botswana,BWA,2012,18.460472
Botswana,BWA,2013,17.730282
Botswana,BWA,2014,16.37214
Botswana,BWA,2015,14.443368
Botswana,BWA,2016,14.699953
Botswana,BWA,2017,14.591774
Botswana,BWA,2018,13.529871
Botswana,BWA,2019,12.364065
Botswana,BWA,2020,12.765373
Botswana,BWA,2021,11.7146225
Brazil,BRA,2000,4.776997
Brazil,BRA,2001,5.238046
Brazil,BRA,2002,5.1221
Brazil,BRA,2003,5.064389
Brazil,BRA,2004,5.108021
Brazil,BRA,2005,5.338999
Brazil,BRA,2006,5.2539864
Brazil,BRA,2007,5.415336
Brazil,BRA,2008,5.588246
Brazil,BRA,2009,5.521811
Brazil,BRA,2010,5.3071904
Brazil,BRA,2011,5.483458
Brazil,BRA,2012,5.5810213
Brazil,BRA,2013,5.679427
Brazil,BRA,2014,5.6761603
Brazil,BRA,2015,5.8865647
Brazil,BRA,2016,5.9826593
Brazil,BRA,2017,6.562054
Brazil,BRA,2018,6.303791
Brazil,BRA,2019,6.2925634
Brazil,BRA,2020,6.4222155
Brazil,BRA,2021,7.0348186
Brunei,BRN,2000,1.2839867
Brunei,BRN,2001,0.9430406
Brunei,BRN,2002,1.1144263
Brunei,BRN,2003,1.1973321
Brunei,BRN,2004,1.3658125
Brunei,BRN,2005,1.4623965
Brunei,BRN,2006,1.893539
Brunei,BRN,2007,1.6525741
Brunei,BRN,2008,1.3830082
Brunei,BRN,2009,1.1540141
Brunei,BRN,2010,0.9276363
Brunei,BRN,2011,1.2303532
Brunei,BRN,2012,1.6437012
Brunei,BRN,2013,1.3404168
Brunei,BRN,2014,1.2488233
Brunei,BRN,2015,1.1804532
Brunei,BRN,2016,1.7843931
Brunei,BRN,2017,2.2259173
Brunei,BRN,2018,2.3463972
Brunei,BRN,2019,2.1218934
Brunei,BRN,2020,2.4243293
Brunei,BRN,2021,2.4852395
Bulgaria,BGR,2000,14.504771
Bulgaria,BGR,2001,13.37979
Bulgaria,BGR,2002,13.324682
Bulgaria,BGR,2003,11.600488
Bulgaria,BGR,2004,10.7807
Bulgaria,BGR,2005,9.813191
Bulgaria,BGR,2006,9.628402
Bulgaria,BGR,2007,8.681249
Bulgaria,BGR,2008,9.292946
Bulgaria,BGR,2009,8.667533
Bulgaria,BGR,2010,8.659615
Bulgaria,BGR,2011,8.087091
Bulgaria,BGR,2012,9.001184
Bulgaria,BGR,2013,7.525398
Bulgaria,BGR,2014,7.3241153
Bulgaria,BGR,2015,6.9474955
Bulgaria,BGR,2016,6.7419553
Bulgaria,BGR,2017,6.8245807
Bulgaria,BGR,2018,6.747259
Bulgaria,BGR,2019,6.1936474
Bulgaria,BGR,2020,6.7595286
Bulgaria,BGR,2021,6.338882
Burkina Faso,BFA,2000,17.077888
Burkina Faso,BFA,2001,17.032066
Burkina Faso,BFA,2002,16.575249
Burkina Faso,BFA,2003,16.425097
Burkina Faso,BFA,2004,16.289005
Burkina Faso,BFA,2005,16.110023
Burkina Faso,BFA,2006,16.08466
Burkina Faso,BFA,2007,15.918468
Burkina Faso,BFA,2008,16.071447
Burkina Faso,BFA,2009,16.231407
Burkina Faso,BFA,2010,16.35551
Burkina Faso,BFA,2011,16.280773
Burkina Faso,BFA,2012,16.727001
Burkina Faso,BFA,2013,16.767714
Burkina Faso,BFA,2014,16.487
Burkina Faso,BFA,2015,16.339737
Burkina Faso,BFA,2016,16.261494
Burkina Faso,BFA,2017,16.030916
Burkina Faso,BFA,2018,15.755365
Burkina Faso,BFA,2019,15.329865
Burkina Faso,BFA,2020,15.475427
Burkina Faso,BFA,2021,15.259236
Burundi,BDI,2000,20.29661
Burundi,BDI,2001,19.334652
Burundi,BDI,2002,18.559277
Burundi,BDI,2003,17.885033
Burundi,BDI,2004,17.358421
Burundi,BDI,2005,16.39286
Burundi,BDI,2006,15.776029
Burundi,BDI,2007,14.908659
Burundi,BDI,2008,14.210386
Burundi,BDI,2009,14.27824
Burundi,BDI,2010,14.280891
Burundi,BDI,2011,14.076689
Burundi,BDI,2012,13.874135
Burundi,BDI,2013,13.826423
Burundi,BDI,2014,13.805994
Burundi,BDI,2015,13.484228
Burundi,BDI,2016,13.628285
Burundi,BDI,2017,13.57261
Burundi,BDI,2018,13.410852
Burundi,BDI,2019,13.2467985
Burundi,BDI,2020,13.179451
Burundi,BDI,2021,14.360142
Cambodia,KHM,2000,6.0977697
Cambodia,KHM,2001,6.0741234
Cambodia,KHM,2002,5.6167817
Cambodia,KHM,2003,5.575837
Cambodia,KHM,2004,5.6642165
Cambodia,KHM,2005,5.7469935
Cambodia,KHM,2006,5.7290335
Cambodia,KHM,2007,5.8089576
Cambodia,KHM,2008,5.707213
Cambodia,KHM,2009,5.595458
Cambodia,KHM,2010,5.6055136
Cambodia,KHM,2011,5.4748955
Cambodia,KHM,2012,5.4618573
Cambodia,KHM,2013,5.319807
Cambodia,KHM,2014,5.2528152
Cambodia,KHM,2015,5.2315307
Cambodia,KHM,2016,5.212568
Cambodia,KHM,2017,5.1747665
Cambodia,KHM,2018,5.1342387
Cambodia,KHM,2019,5.1166425
Cambodia,KHM,2020,4.985616
Cambodia,KHM,2021,5.077011
Cameroon,CMR,2000,12.862815
Cameroon,CMR,2001,13.710081
Cameroon,CMR,2002,13.606586
Cameroon,CMR,2003,13.812484
Cameroon,CMR,2004,13.572198
Cameroon,CMR,2005,13.8368
Cameroon,CMR,2006,13.83196
Cameroon,CMR,2007,13.958423
Cameroon,CMR,2008,14.071367
Cameroon,CMR,2009,14.069928
Cameroon,CMR,2010,14.142901
Cameroon,CMR,2011,14.212987
Cameroon,CMR,2012,14.427975
Cameroon,CMR,2013,14.701897
Cameroon,CMR,2014,14.865931
Cameroon,CMR,2015,14.462922
Cameroon,CMR,2016,14.260758
Cameroon,CMR,2017,14.014029
Cameroon,CMR,2018,13.829516
Cameroon,CMR,2019,13.845468
Cameroon,CMR,2020,13.713636
Cameroon,CMR,2021,13.970958
Canada,CAN,2000,11.134736
Canada,CAN,2001,11.300642
Canada,CAN,2002,10.946707
Canada,CAN,2003,11.456072
Canada,CAN,2004,10.868297
Canada,CAN,2005,11.1665
Canada,CAN,2006,10.108834
Canada,CAN,2007,10.484866
Canada,CAN,2008,10.591338
Canada,CAN,2009,11.0039425
Canada,CAN,2010,11.030594
Canada,CAN,2011,10.3111105
Canada,CAN,2012,10.820652
Canada,CAN,2013,10.870981
Canada,CAN,2014,11.452306
Canada,CAN,2015,11.517643
Canada,CAN,2016,9.875147
Canada,CAN,2017,10.251406
Canada,CAN,2018,10.891166
Canada,CAN,2019,10.971669
Canada,CAN,2020,10.13392
Canada,CAN,2021,8.020798
Cape Verde,CPV,2000,16.50827
Cape Verde,CPV,2001,16.586193
Cape Verde,CPV,2002,16.905048
Cape Verde,CPV,2003,16.978935
Cape Verde,CPV,2004,17.131313
Cape Verde,CPV,2005,18.15718
Cape Verde,CPV,2006,17.78343
Cape Verde,CPV,2007,18.083946
Cape Verde,CPV,2008,18.537329
Cape Verde,CPV,2009,18.991064
Cape Verde,CPV,2010,19.139929
Cape Verde,CPV,2011,18.80699
Cape Verde,CPV,2012,18.680471
Cape Verde,CPV,2013,18.646873
Cape Verde,CPV,2014,18.3199
Cape Verde,CPV,2015,18.009012
Cape Verde,CPV,2016,17.578371
Cape Verde,CPV,2017,17.611975
Cape Verde,CPV,2018,17.710636
Cape Verde,CPV,2019,17.734726
Cape Verde,CPV,2020,16.798443
Cape Verde,CPV,2021,17.986853
Central African Republic,CAF,2000,22.632387
Central African Republic,CAF,2001,21.752594
Central African Republic,CAF,2002,22.351397
Central African Republic,CAF,2003,20.992796
Central African Republic,CAF,2004,20.758663
Central African Republic,CAF,2005,19.608547
Central African Republic,CAF,2006,20.57172
Central African Republic,CAF,2007,19.926327
Central African Republic,CAF,2008,19.211094
Central African Republic,CAF,2009,21.266603
Central African Republic,CAF,2010,22.076492
Central African Republic,CAF,2011,24.646149
Central African Republic,CAF,2012,21.808302
Central African Republic,CAF,2013,22.584663
Central African Republic,CAF,2014,24.28923
Central African Republic,CAF,2015,23.56481
Central African Republic,CAF,2016,23.57431
Central African Republic,CAF,2017,24.301247
Central African Republic,CAF,2018,23.635551
Central African Republic,CAF,2019,23.133583
Central African Republic,CAF,2020,24.167591
Central African Republic,CAF,2021,22.580648
Chad,TCD,2000,10.645206
Chad,TCD,2001,10.737228
Chad,TCD,2002,10.839209
Chad,TCD,2003,10.720792
Chad,TCD,2004,10.818891
Chad,TCD,2005,11.004575
Chad,TCD,2006,11.062287
Chad,TCD,2007,11.086818
Chad,TCD,2008,11.245104
Chad,TCD,2009,11.401491
Chad,TCD,2010,11.446306
Chad,TCD,2011,11.336416
Chad,TCD,2012,11.178276
Chad,TCD,2013,11.003088
Chad,TCD,2014,10.803398
Chad,TCD,2015,10.5254
Chad,TCD,2016,10.411346
Chad,TCD,2017,10.453707
Chad,TCD,2018,10.623156
Chad,TCD,2019,10.654196
Chad,TCD,2020,10.869755
Chad,TCD,2021,10.270697
Chile,CHL,2000,10.653347
Chile,CHL,2001,10.509106
Chile,CHL,2002,9.702634
Chile,CHL,2003,9.589717
Chile,CHL,2004,9.939682
Chile,CHL,2005,9.38867
Chile,CHL,2006,9.592571
Chile,CHL,2007,10.51749
Chile,CHL,2008,11.636967
Chile,CHL,2009,11.996279
Chile,CHL,2010,10.910878
Chile,CHL,2011,10.904218
Chile,CHL,2012,9.764387
Chile,CHL,2013,9.11367
Chile,CHL,2014,9.227768
Chile,CHL,2015,9.316724
Chile,CHL,2016,9.295058
Chile,CHL,2017,8.984443
Chile,CHL,2018,8.479717
Chile,CHL,2019,8.636861
Chile,CHL,2020,7.248084
Chile,CHL,2021,6.8092885
China,CHN,2000,16.272976
China,CHN,2001,15.675781
China,CHN,2002,15.192831
China,CHN,2003,15.006566
China,CHN,2004,14.754326
China,CHN,2005,13.738998
China,CHN,2006,12.317236
China,CHN,2007,11.323461
China,CHN,2008,10.656871
China,CHN,2009,10.094056
China,CHN,2010,9.490079
China,CHN,2011,8.803631
China,CHN,2012,8.175032
China,CHN,2013,7.7685356
China,CHN,2014,7.499269
China,CHN,2015,7.2664566
China,CHN,2016,7.1471214
China,CHN,2017,7.053683
China,CHN,2018,7.035853
China,CHN,2019,6.9649553
China,CHN,2020,6.8937235
China,CHN,2021,6.8175607
Colombia,COL,2000,5.5174794
Colombia,COL,2001,5.434382
Colombia,COL,2002,5.0181317
Colombia,COL,2003,5.003569
Colombia,COL,2004,4.95905
Colombia,COL,2005,4.5533767
Colombia,COL,2006,4.5300407
Colombia,COL,2007,4.4203653
Colombia,COL,2008,4.449576
Colombia,COL,2009,4.2717357
Colombia,COL,2010,4.0043373
Colombia,COL,2011,3.8242323
Colombia,COL,2012,3.8952022
Colombia,COL,2013,3.751888
Colombia,COL,2014,3.8019423
Colombia,COL,2015,4.0978065
Colombia,COL,2016,4.2366815
Colombia,COL,2017,4.5067973
Colombia,COL,2018,4.8531337
Colombia,COL,2019,4.8900824
Colombia,COL,2020,4.592225
Colombia,COL,2021,4.719501
Comoros,COM,2000,11.673616
Comoros,COM,2001,11.287996
Comoros,COM,2002,10.891691
Comoros,COM,2003,10.32346
Comoros,COM,2004,10.147497
Comoros,COM,2005,9.788557
Comoros,COM,2006,9.849482
Comoros,COM,2007,9.668757
Comoros,COM,2008,9.7734585
Comoros,COM,2009,9.465816
Comoros,COM,2010,9.955953
Comoros,COM,2011,9.539234
Comoros,COM,2012,9.583078
Comoros,COM,2013,9.503052
Comoros,COM,2014,9.726717
Comoros,COM,2015,9.573243
Comoros,COM,2016,9.480153
Comoros,COM,2017,9.233659
Comoros,COM,2018,9.158264
Comoros,COM,2019,9.044286
Comoros,COM,2020,9.14277
Comoros,COM,2021,8.778156
Congo,COG,2000,20.755215
Congo,COG,2001,18.514803
Congo,COG,2002,16.829695
Congo,COG,2003,15.455765
Congo,COG,2004,15.674058
Congo,COG,2005,15.112674
Congo,COG,2006,13.724391
Congo,COG,2007,13.652776
Congo,COG,2008,13.402603
Congo,COG,2009,13.745089
Congo,COG,2010,13.393277
Congo,COG,2011,13.095213
Congo,COG,2012,13.3692665
Congo,COG,2013,12.741252
Congo,COG,2014,12.189204
Congo,COG,2015,11.391844
Congo,COG,2016,11.090884
Congo,COG,2017,10.97978
Congo,COG,2018,11.115056
Congo,COG,2019,11.5869055
Congo,COG,2020,11.000161
Congo,COG,2021,10.845568
Cook Islands,COK,2000,14.246403
Cook Islands,COK,2001,12.614485
Cook Islands,COK,2002,12.171546
Cook Islands,COK,2003,10.913693
Cook Islands,COK,2004,9.339196
Cook Islands,COK,2005,10.777231
Cook Islands,COK,2006,12.309988
Cook Islands,COK,2007,9.104192
Cook Islands,COK,2008,9.923895
Cook Islands,COK,2009,9.692349
Cook Islands,COK,2010,12.012075
Cook Islands,COK,2011,10.557387
Cook Islands,COK,2012,10.03678
Cook Islands,COK,2013,9.744324
Cook Islands,COK,2014,9.806608
Cook Islands,COK,2015,10.276438
Cook Islands,COK,2016,13.709531
Cook Islands,COK,2017,11.7831745
Cook Islands,COK,2018,10.87149
Cook Islands,COK,2019,9.927149
Cook Islands,COK,2020,9.735109
Cook Islands,COK,2021,11.924667
Costa Rica,CRI,2000,6.625638
Costa Rica,CRI,2001,5.412999
Costa Rica,CRI,2002,7.0160947
Costa Rica,CRI,2003,7.931645
Costa Rica,CRI,2004,8.175739
Costa Rica,CRI,2005,6.5997696
Costa Rica,CRI,2006,8.239053
Costa Rica,CRI,2007,5.6649756
Costa Rica,CRI,2008,5.548793
Costa Rica,CRI,2009,5.6209593
Costa Rica,CRI,2010,6.6257677
Costa Rica,CRI,2011,6.5548353
Costa Rica,CRI,2012,6.235441
Costa Rica,CRI,2013,6.331137
Costa Rica,CRI,2014,5.261846
Costa Rica,CRI,2015,6.2591343
Costa Rica,CRI,2016,6.6883254
Costa Rica,CRI,2017,5.428811
Costa Rica,CRI,2018,7.310574
Costa Rica,CRI,2019,6.827794
Costa Rica,CRI,2020,6.174938
Costa Rica,CRI,2021,7.771441
Cote d'Ivoire,CIV,2000,12.570156
Cote d'Ivoire,CIV,2001,12.335368
Cote d'Ivoire,CIV,2002,12.165164
Cote d'Ivoire,CIV,2003,12.189296
Cote d'Ivoire,CIV,2004,11.428199
Cote d'Ivoire,CIV,2005,11.57006
Cote d'Ivoire,CIV,2006,11.74025
Cote d'Ivoire,CIV,2007,12.243841
Cote d'Ivoire,CIV,2008,12.594038
Cote d'Ivoire,CIV,2009,13.320197
Cote d'Ivoire,CIV,2010,14.509441
Cote d'Ivoire,CIV,2011,14.577998
Cote d'Ivoire,CIV,2012,14.318556
Cote d'Ivoire,CIV,2013,13.844683
Cote d'Ivoire,CIV,2014,13.111967
Cote d'Ivoire,CIV,2015,12.446426
Cote d'Ivoire,CIV,2016,12.15186
Cote d'Ivoire,CIV,2017,11.997939
Cote d'Ivoire,CIV,2018,12.036086
Cote d'Ivoire,CIV,2019,12.0029745
Cote d'Ivoire,CIV,2020,11.803313
Cote d'Ivoire,CIV,2021,11.356524
Croatia,HRV,2000,16.480785
Croatia,HRV,2001,15.504821
Croatia,HRV,2002,15.129509
Croatia,HRV,2003,15.285748
Croatia,HRV,2004,14.979235
Croatia,HRV,2005,15.1268835
Croatia,HRV,2006,13.869611
Croatia,HRV,2007,13.152698
Croatia,HRV,2008,13.324763
Croatia,HRV,2009,13.277843
Croatia,HRV,2010,13.077347
Croatia,HRV,2011,11.87493
Croatia,HRV,2012,13.237243
Croatia,HRV,2013,12.410324
Croatia,HRV,2014,12.471948
Croatia,HRV,2015,12.246349
Croatia,HRV,2016,11.620601
Croatia,HRV,2017,11.102949
Croatia,HRV,2018,11.930233
Croatia,HRV,2019,10.932583
Croatia,HRV,2020,10.907402
Croatia,HRV,2021,11.076545
Cuba,CUB,2000,15.615301
Cuba,CUB,2001,13.681544
Cuba,CUB,2002,12.865283
Cuba,CUB,2003,11.963405
Cuba,CUB,2004,11.984607
Cuba,CUB,2005,11.073163
Cuba,CUB,2006,10.616998
Cuba,CUB,2007,9.910992
Cuba,CUB,2008,10.360042
Cuba,CUB,2009,11.029792
Cuba,CUB,2010,11.409017
Cuba,CUB,2011,11.105126
Cuba,CUB,2012,10.735325
Cuba,CUB,2013,10.6548195
Cuba,CUB,2014,10.227337
Cuba,CUB,2015,10.425291
Cuba,CUB,2016,9.798686
Cuba,CUB,2017,10.651794
Cuba,CUB,2018,10.127113
Cuba,CUB,2019,9.62902
Cuba,CUB,2020,9.985
Cuba,CUB,2021,9.340929
Cyprus,CYP,2000,1.833921
Cyprus,CYP,2001,1.8797338
Cyprus,CYP,2002,1.9298068
Cyprus,CYP,2003,1.9357698
Cyprus,CYP,2004,0.83459884
Cyprus,CYP,2005,2.1357284
Cyprus,CYP,2006,3.0382366
Cyprus,CYP,2007,2.6915731
Cyprus,CYP,2008,5.3984656
Cyprus,CYP,2009,3.970093
Cyprus,CYP,2010,4.5293994
Cyprus,CYP,2011,3.7598066
Cyprus,CYP,2012,5.018072
Cyprus,CYP,2013,5.1750674
Cyprus,CYP,2014,4.7745943
Cyprus,CYP,2015,4.1941643
Cyprus,CYP,2016,4.368234
Cyprus,CYP,2017,3.8087735
Cyprus,CYP,2018,4.7855725
Cyprus,CYP,2019,3.7024188
Cyprus,CYP,2020,3.1044383
Cyprus,CYP,2021,2.527769
Czechia,CZE,2000,13.467158
Czechia,CZE,2001,13.228059
Czechia,CZE,2002,12.443303
Czechia,CZE,2003,13.777709
Czechia,CZE,2004,13.233197
Czechia,CZE,2005,12.691892
Czechia,CZE,2006,11.564742
Czechia,CZE,2007,11.342699
Czechia,CZE,2008,11.395283
Czechia,CZE,2009,11.873475
Czechia,CZE,2010,11.984684
Czechia,CZE,2011,12.967952
Czechia,CZE,2012,13.098329
Czechia,CZE,2013,12.771335
Czechia,CZE,2014,11.726423
Czechia,CZE,2015,10.474301
Czechia,CZE,2016,10.421591
Czechia,CZE,2017,11.228433
Czechia,CZE,2018,10.910441
Czechia,CZE,2019,9.5651655
Czechia,CZE,2020,9.897733
Czechia,CZE,2021,10.307608
Democratic Republic of Congo,COD,2000,13.557228
Democratic Republic of Congo,COD,2001,13.626695
Democratic Republic of Congo,COD,2002,13.650694
Democratic Republic of Congo,COD,2003,13.980383
Democratic Republic of Congo,COD,2004,13.936535
Democratic Republic of Congo,COD,2005,13.831874
Democratic Republic of Congo,COD,2006,13.714445
Democratic Republic of Congo,COD,2007,14.010684
Democratic Republic of Congo,COD,2008,14.16526
Democratic Republic of Congo,COD,2009,13.905151
Democratic Republic of Congo,COD,2010,13.955971
Democratic Republic of Congo,COD,2011,13.9167185
Democratic Republic of Congo,COD,2012,13.903094
Democratic Republic of Congo,COD,2013,13.942826
Democratic Republic of Congo,COD,2014,14.003138
Democratic Republic of Congo,COD,2015,14.0027485
Democratic Republic of Congo,COD,2016,14.183637
Democratic Republic of Congo,COD,2017,14.47625
Democratic Republic of Congo,COD,2018,14.55354
Democratic Republic of Congo,COD,2019,14.141159
Democratic Republic of Congo,COD,2020,14.326589
Democratic Republic of Congo,COD,2021,14.888523
Denmark,DNK,2000,12.450277
Denmark,DNK,2001,12.384679
Denmark,DNK,2002,11.392596
Denmark,DNK,2003,10.488592
Denmark,DNK,2004,11.375011
Denmark,DNK,2005,11.066175
Denmark,DNK,2006,11.220662
Denmark,DNK,2007,9.718634
Denmark,DNK,2008,10.010703
Denmark,DNK,2009,9.648761
Denmark,DNK,2010,8.827115
Denmark,DNK,2011,9.575245
Denmark,DNK,2012,9.900058
Denmark,DNK,2013,8.9991255
Denmark,DNK,2014,9.081966
Denmark,DNK,2015,8.193845
Denmark,DNK,2016,8.193026
Denmark,DNK,2017,8.148476
Denmark,DNK,2018,8.018052
Denmark,DNK,2019,8.071917
Denmark,DNK,2020,8.243457
Denmark,DNK,2021,7.623353
Djibouti,DJI,2000,8.7292385
Djibouti,DJI,2001,8.905559
Djibouti,DJI,2002,9.535504
Djibouti,DJI,2003,9.952525
Djibouti,DJI,2004,10.157083
Djibouti,DJI,2005,9.848769
Djibouti,DJI,2006,9.556429
Djibouti,DJI,2007,9.710435
Djibouti,DJI,2008,9.10538
Djibouti,DJI,2009,9.395773
Djibouti,DJI,2010,9.083216
Djibouti,DJI,2011,9.299246
Djibouti,DJI,2012,9.469309
Djibouti,DJI,2013,9.621149
Djibouti,DJI,2014,10.295952
Djibouti,DJI,2015,10.100105
Djibouti,DJI,2016,10.382287
Djibouti,DJI,2017,10.546259
Djibouti,DJI,2018,10.562576
Djibouti,DJI,2019,10.259991
Djibouti,DJI,2020,10.155916
Djibouti,DJI,2021,9.909745
Dominica,DMA,2000,3.9605377
Dominica,DMA,2001,3.914447
Dominica,DMA,2002,4.0474358
Dominica,DMA,2003,4.0517864
Dominica,DMA,2004,3.6330056
Dominica,DMA,2005,4.053216
Dominica,DMA,2006,3.8053465
Dominica,DMA,2007,3.8020034
Dominica,DMA,2008,3.9644778
Dominica,DMA,2009,3.972071
Dominica,DMA,2010,3.981425
Dominica,DMA,2011,3.909077
Dominica,DMA,2012,3.90727
Dominica,DMA,2013,3.9533093
Dominica,DMA,2014,4.105426
Dominica,DMA,2015,3.7189002
Dominica,DMA,2016,4.0196853
Dominica,DMA,2017,3.6268315
Dominica,DMA,2018,3.4671648
Dominica,DMA,2019,4.0125823
Dominica,DMA,2020,3.4719734
Dominica,DMA,2021,3.6333773
Dominican Republic,DOM,2000,5.391957
Dominican Republic,DOM,2001,5.1457086
Dominican Republic,DOM,2002,4.975189
Dominican Republic,DOM,2003,4.9356923
Dominican Republic,DOM,2004,5.102746
Dominican Republic,DOM,2005,5.384025
Dominican Republic,DOM,2006,5.285446
Dominican Republic,DOM,2007,5.1301007
Dominican Republic,DOM,2008,5.088724
Dominican Republic,DOM,2009,5.0591774
Dominican Republic,DOM,2010,4.886179
Dominican Republic,DOM,2011,4.892641
Dominican Republic,DOM,2012,5.5105495
Dominican Republic,DOM,2013,5.8687325
Dominican Republic,DOM,2014,6.650482
Dominican Republic,DOM,2015,6.8524613
Dominican Republic,DOM,2016,6.6723413
Dominican Republic,DOM,2017,7.001453
Dominican Republic,DOM,2018,6.5095873
Dominican Republic,DOM,2019,6.0863304
Dominican Republic,DOM,2020,4.520428
Dominican Republic,DOM,2021,4.4425735
East Timor,TLS,2000,5.5440707
East Timor,TLS,2001,5.103884
East Timor,TLS,2002,4.266062
East Timor,TLS,2003,4.5638514
East Timor,TLS,2004,4.500724
East Timor,TLS,2005,4.553552
East Timor,TLS,2006,4.3667006
East Timor,TLS,2007,4.4967904
East Timor,TLS,2008,4.4960284
East Timor,TLS,2009,5.383496
East Timor,TLS,2010,5.1853867
East Timor,TLS,2011,5.135124
East Timor,TLS,2012,4.7906337
East Timor,TLS,2013,4.731735
East Timor,TLS,2014,4.7660003
East Timor,TLS,2015,4.4641247
East Timor,TLS,2016,4.4840307
East Timor,TLS,2017,4.222991
East Timor,TLS,2018,4.2702494
East Timor,TLS,2019,4.3911743
East Timor,TLS,2020,3.659445
East Timor,TLS,2021,4.065388
Ecuador,ECU,2000,5.848028
Ecuador,ECU,2001,6.066583
Ecuador,ECU,2002,5.7969317
Ecuador,ECU,2003,6.553873
Ecuador,ECU,2004,7.3092074
Ecuador,ECU,2005,8.795287
Ecuador,ECU,2006,8.164453
Ecuador,ECU,2007,8.81132
Ecuador,ECU,2008,8.626506
Ecuador,ECU,2009,8.9613
Ecuador,ECU,2010,8.159706
Ecuador,ECU,2011,8.393912
Ecuador,ECU,2012,8.2528305
Ecuador,ECU,2013,5.97364
Ecuador,ECU,2014,6.7532797
Ecuador,ECU,2015,8.489232
Ecuador,ECU,2016,8.866757
Ecuador,ECU,2017,8.948962
Ecuador,ECU,2018,8.5039
Ecuador,ECU,2019,8.448559
Ecuador,ECU,2020,7.5629835
Ecuador,ECU,2021,7.460862
Egypt,EGY,2000,1.0608655
Egypt,EGY,2001,1.0906601
Egypt,EGY,2002,1.098848
Egypt,EGY,2003,1.0862708
Egypt,EGY,2004,1.0755098
Egypt,EGY,2005,1.0543308
Egypt,EGY,2006,1.0353855
Egypt,EGY,2007,1.0115963
Egypt,EGY,2008,1.0142218
Egypt,EGY,2009,1.0248103
Egypt,EGY,2010,1.0403848
Egypt,EGY,2011,1.0893557
Egypt,EGY,2012,1.1492141
Egypt,EGY,2013,1.1373717
Egypt,EGY,2014,1.0846404
Egypt,EGY,2015,1.0884591
Egypt,EGY,2016,1.0577857
Egypt,EGY,2017,1.0007412
Egypt,EGY,2018,0.994537
Egypt,EGY,2019,1.0077189
Egypt,EGY,2020,0.87482363
Egypt,EGY,2021,0.72179306
El Salvador,SLV,2000,8.801726
El Salvador,SLV,2001,8.560417
El Salvador,SLV,2002,7.731758
El Salvador,SLV,2003,8.084731
El Salvador,SLV,2004,8.987374
El Salvador,SLV,2005,10.191747
El Salvador,SLV,2006,10.384326
El Salvador,SLV,2007,9.777241
El Salvador,SLV,2008,8.997918
El Salvador,SLV,2009,10.349008
El Salvador,SLV,2010,8.81529
El Salvador,SLV,2011,9.439016
El Salvador,SLV,2012,7.4744277
El Salvador,SLV,2013,7.374377
El Salvador,SLV,2014,8.741672
El Salvador,SLV,2015,12.056072
El Salvador,SLV,2016,10.27139
El Salvador,SLV,2017,8.874965
El Salvador,SLV,2018,7.6944013
El Salvador,SLV,2019,8.113801
El Salvador,SLV,2020,7.7823887
El Salvador,SLV,2021,7.9779406
Equatorial Guinea,GNQ,2000,15.162004
Equatorial Guinea,GNQ,2001,13.103849
Equatorial Guinea,GNQ,2002,11.723523
Equatorial Guinea,GNQ,2003,11.11194
Equatorial Guinea,GNQ,2004,10.1248045
Equatorial Guinea,GNQ,2005,9.572509
Equatorial Guinea,GNQ,2006,9.00596
Equatorial Guinea,GNQ,2007,8.624653
Equatorial Guinea,GNQ,2008,8.943999
Equatorial Guinea,GNQ,2009,8.91028
Equatorial Guinea,GNQ,2010,8.945391
Equatorial Guinea,GNQ,2011,9.102297
Equatorial Guinea,GNQ,2012,8.997214
Equatorial Guinea,GNQ,2013,8.3703
Equatorial Guinea,GNQ,2014,8.22739
Equatorial Guinea,GNQ,2015,8.572052
Equatorial Guinea,GNQ,2016,9.135649
Equatorial Guinea,GNQ,2017,9.402574
Equatorial Guinea,GNQ,2018,9.856712
Equatorial Guinea,GNQ,2019,9.936528
Equatorial Guinea,GNQ,2020,9.783704
Equatorial Guinea,GNQ,2021,9.175228
Eritrea,ERI,2000,25.943419
Eritrea,ERI,2001,24.587763
Eritrea,ERI,2002,24.547089
Eritrea,ERI,2003,22.97872
Eritrea,ERI,2004,23.039473
Eritrea,ERI,2005,23.172941
Eritrea,ERI,2006,23.298435
Eritrea,ERI,2007,23.012283
Eritrea,ERI,2008,23.14332
Eritrea,ERI,2009,23.793463
Eritrea,ERI,2010,23.49055
Eritrea,ERI,2011,23.04731
Eritrea,ERI,2012,22.66865
Eritrea,ERI,2013,22.793962
Eritrea,ERI,2014,22.342579
Eritrea,ERI,2015,22.23859
Eritrea,ERI,2016,21.9122
Eritrea,ERI,2017,21.953169
Eritrea,ERI,2018,21.914642
Eritrea,ERI,2019,21.50311
Eritrea,ERI,2020,21.268929
Eritrea,ERI,2021,21.600191
Estonia,EST,2000,25.17264
Estonia,EST,2001,26.068789
Estonia,EST,2002,24.511652
Estonia,EST,2003,22.608753
Estonia,EST,2004,22.006952
Estonia,EST,2005,18.92059
Estonia,EST,2006,16.781256
Estonia,EST,2007,17.707422
Estonia,EST,2008,16.475822
Estonia,EST,2009,17.865288
Estonia,EST,2010,14.890606
Estonia,EST,2011,14.012421
Estonia,EST,2012,15.3335905
Estonia,EST,2013,14.15517
Estonia,EST,2014,15.865722
Estonia,EST,2015,13.198603
Estonia,EST,2016,11.808339
Estonia,EST,2017,14.21675
Estonia,EST,2018,12.079283
Estonia,EST,2019,12.831851
Estonia,EST,2020,14.5148945
Estonia,EST,2021,12.413255
Eswatini,SWZ,2000,18.305313
Eswatini,SWZ,2001,19.937445
Eswatini,SWZ,2002,21.451143
Eswatini,SWZ,2003,22.664785
Eswatini,SWZ,2004,23.2941
Eswatini,SWZ,2005,23.752897
Eswatini,SWZ,2006,24.432009
Eswatini,SWZ,2007,24.956142
Eswatini,SWZ,2008,25.509645
Eswatini,SWZ,2009,24.849926
Eswatini,SWZ,2010,34.5689
Eswatini,SWZ,2011,24.548098
Eswatini,SWZ,2012,25.101856
Eswatini,SWZ,2013,26.078625
Eswatini,SWZ,2014,27.49949
Eswatini,SWZ,2015,29.61998
Eswatini,SWZ,2016,31.562906
Eswatini,SWZ,2017,34.639835
Eswatini,SWZ,2018,35.316784
Eswatini,SWZ,2019,33.1436
Eswatini,SWZ,2020,28.934029
Eswatini,SWZ,2021,31.675749
Ethiopia,ETH,2000,14.65135
Ethiopia,ETH,2001,14.321617
Ethiopia,ETH,2002,14.040604
Ethiopia,ETH,2003,13.704714
Ethiopia,ETH,2004,13.330432
Ethiopia,ETH,2005,12.849108
Ethiopia,ETH,2006,12.36249
Ethiopia,ETH,2007,12.030884
Ethiopia,ETH,2008,11.795015
Ethiopia,ETH,2009,11.45846
Ethiopia,ETH,2010,11.168897
Ethiopia,ETH,2011,10.974397
Ethiopia,ETH,2012,10.640511
Ethiopia,ETH,2013,9.867515
Ethiopia,ETH,2014,9.631457
Ethiopia,ETH,2015,9.957322
Ethiopia,ETH,2016,9.956434
Ethiopia,ETH,2017,9.920479
Ethiopia,ETH,2018,10.081957
Ethiopia,ETH,2019,10.156403
Ethiopia,ETH,2020,10.463324
Ethiopia,ETH,2021,10.618389
Europe,OWID_EUR,2000,20.609032
Europe,OWID_EUR,2001,19.900513
Europe,OWID_EUR,2002,19.585684
Europe,OWID_EUR,2003,18.96701
Europe,OWID_EUR,2004,18.317696
Europe,OWID_EUR,2005,17.664824
Europe,OWID_EUR,2006,16.54183
Europe,OWID_EUR,2007,15.846448
Europe,OWID_EUR,2008,15.814244
Europe,OWID_EUR,2009,15.586304
Europe,OWID_EUR,2010,15.15244
Europe,OWID_EUR,2011,14.852515
Europe,OWID_EUR,2012,14.605503
Europe,OWID_EUR,2013,14.394482
Europe,OWID_EUR,2014,14.152063
Europe,OWID_EUR,2015,13.401996
Europe,OWID_EUR,2016,12.791171
Europe,OWID_EUR,2017,12.193675
Europe,OWID_EUR,2018,12.094221
Europe,OWID_EUR,2019,11.722967
Europe,OWID_EUR,2020,10.963013
Europe,OWID_EUR,2021,11.024613
Fiji,FJI,2000,11.13113
Fiji,FJI,2001,10.734948
Fiji,FJI,2002,10.417534
Fiji,FJI,2003,10.128618
Fiji,FJI,2004,9.666783
Fiji,FJI,2005,9.899429
Fiji,FJI,2006,9.573127
Fiji,FJI,2007,9.690985
Fiji,FJI,2008,9.859747
Fiji,FJI,2009,10.039522
Fiji,FJI,2010,10.055747
Fiji,FJI,2011,10.179009
Fiji,FJI,2012,10.280672
Fiji,FJI,2013,10.310104
Fiji,FJI,2014,10.037453
Fiji,FJI,2015,9.7035055
Fiji,FJI,2016,9.65748
Fiji,FJI,2017,9.895599
Fiji,FJI,2018,9.804199
Fiji,FJI,2019,9.692708
Fiji,FJI,2020,9.658169
Fiji,FJI,2021,8.503598
Finland,FIN,2000,21.464989
Finland,FIN,2001,21.4191
Finland,FIN,2002,19.386003
Finland,FIN,2003,19.064606
Finland,FIN,2004,18.93498
Finland,FIN,2005,16.93489
Finland,FIN,2006,18.31332
Finland,FIN,2007,16.963663
Finland,FIN,2008,18.106087
Finland,FIN,2009,17.816618
Finland,FIN,2010,16.501366
Finland,FIN,2011,15.399691
Finland,FIN,2012,14.75621
Finland,FIN,2013,15.029666
Finland,FIN,2014,13.746263
Finland,FIN,2015,12.201019
Finland,FIN,2016,13.309151
Finland,FIN,2017,14.086838
Finland,FIN,2018,13.681492
Finland,FIN,2019,13.042196
Finland,FIN,2020,12.784468
Finland,FIN,2021,12.578257
France,FRA,2000,15.771807
France,FRA,2001,15.328548
France,FRA,2002,15.518103
France,FRA,2003,15.664486
France,FRA,2004,15.163753
France,FRA,2005,14.63644
France,FRA,2006,14.123119
France,FRA,2007,13.643878
France,FRA,2008,13.755598
France,FRA,2009,13.894496
France,FRA,2010,13.671622
France,FRA,2011,13.455248
France,FRA,2012,12.589696
France,FRA,2013,12.3261795
France,FRA,2014,11.297493
France,FRA,2015,11.21071
France,FRA,2016,10.44868
France,FRA,2017,10.324425
France,FRA,2018,10.649776
France,FRA,2019,10.557647
France,FRA,2020,11.261145
France,FRA,2021,11.493957
Gabon,GAB,2000,13.775576
Gabon,GAB,2001,13.363488
Gabon,GAB,2002,12.58955
Gabon,GAB,2003,12.417799
Gabon,GAB,2004,12.227199
Gabon,GAB,2005,13.365529
Gabon,GAB,2006,13.677973
Gabon,GAB,2007,12.748479
Gabon,GAB,2008,12.892331
Gabon,GAB,2009,13.481831
Gabon,GAB,2010,13.394648
Gabon,GAB,2011,13.4352
Gabon,GAB,2012,12.912596
Gabon,GAB,2013,12.871305
Gabon,GAB,2014,14.28345
Gabon,GAB,2015,14.056773
Gabon,GAB,2016,13.635612
Gabon,GAB,2017,13.348357
Gabon,GAB,2018,13.294094
Gabon,GAB,2019,12.733125
Gabon,GAB,2020,10.76242
Gabon,GAB,2021,10.321281
Gambia,GMB,2000,9.458295
Gambia,GMB,2001,9.681436
Gambia,GMB,2002,9.949082
Gambia,GMB,2003,9.990048
Gambia,GMB,2004,9.908582
Gambia,GMB,2005,9.557123
Gambia,GMB,2006,9.128713
Gambia,GMB,2007,9.011056
Gambia,GMB,2008,9.026951
Gambia,GMB,2009,8.920683
Gambia,GMB,2010,8.556679
Gambia,GMB,2011,8.82368
Gambia,GMB,2012,8.868097
Gambia,GMB,2013,8.832076
Gambia,GMB,2014,8.821491
Gambia,GMB,2015,8.750933
Gambia,GMB,2016,8.648865
Gambia,GMB,2017,8.554434
Gambia,GMB,2018,8.426533
Gambia,GMB,2019,8.481831
Gambia,GMB,2020,8.380199
Gambia,GMB,2021,7.9200435
Georgia,GEO,2000,2.5635514
Georgia,GEO,2001,2.0728364
Georgia,GEO,2002,3.0933537
Georgia,GEO,2003,2.3801985
Georgia,GEO,2004,4.1747055
Georgia,GEO,2005,1.9800149
Georgia,GEO,2006,1.513174
Georgia,GEO,2007,2.1092849
Georgia,GEO,2008,2.976856
Georgia,GEO,2009,4.0670476
Georgia,GEO,2010,2.686238
Georgia,GEO,2011,2.0847518
Georgia,GEO,2012,2.2572606
Georgia,GEO,2013,3.3146105
Georgia,GEO,2014,4.365931
Georgia,GEO,2015,4.4796224
Georgia,GEO,2016,3.9753506
Georgia,GEO,2017,3.499972
Georgia,GEO,2018,5.8643265
Georgia,GEO,2019,6.3852434
Georgia,GEO,2020,5.010006
Georgia,GEO,2021,4.568212
Germany,DEU,2000,11.077733
Germany,DEU,2001,11.043382
Germany,DEU,2002,10.967008
Germany,DEU,2003,10.731709
Germany,DEU,2004,10.338293
Germany,DEU,2005,9.759295
Germany,DEU,2006,9.250447
Germany,DEU,2007,8.94614
Germany,DEU,2008,9.0705185
Germany,DEU,2009,9.188199
Germany,DEU,2010,9.652406
Germany,DEU,2011,9.429529
Germany,DEU,2012,9.155633
Germany,DEU,2013,9.375193
Germany,DEU,2014,9.333595
Germany,DEU,2015,9.078349
Germany,DEU,2016,8.826535
Germany,DEU,2017,8.356236
Germany,DEU,2018,8.448269
Germany,DEU,2019,8.168152
Germany,DEU,2020,8.367519
Germany,DEU,2021,8.149465
Ghana,GHA,2000,5.615015
Ghana,GHA,2001,6.090069
Ghana,GHA,2002,6.5291343
Ghana,GHA,2003,6.9772053
Ghana,GHA,2004,7.364484
Ghana,GHA,2005,7.4991183
Ghana,GHA,2006,7.6016097
Ghana,GHA,2007,7.410474
Ghana,GHA,2008,7.909212
Ghana,GHA,2009,8.440499
Ghana,GHA,2010,8.508871
Ghana,GHA,2011,8.672489
Ghana,GHA,2012,8.635001
Ghana,GHA,2013,8.674565
Ghana,GHA,2014,8.647658
Ghana,GHA,2015,8.629349
Ghana,GHA,2016,8.559639
Ghana,GHA,2017,8.565348
Ghana,GHA,2018,8.249087
Ghana,GHA,2019,8.083291
Ghana,GHA,2020,7.9039407
Ghana,GHA,2021,7.9988365
Greece,GRC,2000,2.9678628
Greece,GRC,2001,2.5554264
Greece,GRC,2002,2.3406143
Greece,GRC,2003,2.8447487
Greece,GRC,2004,2.5766811
Greece,GRC,2005,2.8637943
Greece,GRC,2006,2.81895
Greece,GRC,2007,2.434661
Greece,GRC,2008,2.6252046
Greece,GRC,2009,2.7914097
Greece,GRC,2010,2.658819
Greece,GRC,2011,3.45717
Greece,GRC,2012,3.6861482
Greece,GRC,2013,3.9346337
Greece,GRC,2014,4.0639405
Greece,GRC,2015,3.7582006
Greece,GRC,2016,3.433287
Greece,GRC,2017,3.7721813
Greece,GRC,2018,4.072254
Greece,GRC,2019,3.8343759
Greece,GRC,2020,3.2468855
Greece,GRC,2021,3.3590345
Grenada,GRD,2000,2.3902552
Grenada,GRD,2001,0.35363308
Grenada,GRD,2002,3.8259885
Grenada,GRD,2003,2.9746902
Grenada,GRD,2004,5.6777267
Grenada,GRD,2005,3.9150271
Grenada,GRD,2006,5.785589
Grenada,GRD,2007,2.0740447
Grenada,GRD,2008,2.7395892
Grenada,GRD,2009,0.96055555
Grenada,GRD,2010,1.0834424
Grenada,GRD,2011,1.5580266
Grenada,GRD,2012,1.704485
Grenada,GRD,2013,1.2198989
Grenada,GRD,2014,0.43026665
Grenada,GRD,2015,0.4801627
Grenada,GRD,2016,0.6722536
Grenada,GRD,2017,0.46701738
Grenada,GRD,2018,0.10051426
Grenada,GRD,2019,0.83955055
Grenada,GRD,2020,0.9623397
Grenada,GRD,2021,1.1874216
Guatemala,GTM,2000,12.069057
Guatemala,GTM,2001,12.735269
Guatemala,GTM,2002,12.134953
Guatemala,GTM,2003,12.108272
Guatemala,GTM,2004,12.0836735
Guatemala,GTM,2005,11.1132345
Guatemala,GTM,2006,10.830783
Guatemala,GTM,2007,8.475094
Guatemala,GTM,2008,8.2562
Guatemala,GTM,2009,7.5950685
Guatemala,GTM,2010,6.8650846
Guatemala,GTM,2011,5.6252127
Guatemala,GTM,2012,5.3722677
Guatemala,GTM,2013,5.637567
Guatemala,GTM,2014,5.7627025
Guatemala,GTM,2015,6.051615
Guatemala,GTM,2016,6.1138763
Guatemala,GTM,2017,6.3625236
Guatemala,GTM,2018,6.1517873
Guatemala,GTM,2019,6.3784165
Guatemala,GTM,2020,5.7399645
Guatemala,GTM,2021,5.3303604
Guinea,GIN,2000,6.9225116
Guinea,GIN,2001,7.159427
Guinea,GIN,2002,7.400929
Guinea,GIN,2003,7.5093293
Guinea,GIN,2004,7.6100254
Guinea,GIN,2005,7.4998918
Guinea,GIN,2006,7.8162537
Guinea,GIN,2007,7.999004
Guinea,GIN,2008,8.109073
Guinea,GIN,2009,8.148112
Guinea,GIN,2010,8.568129
Guinea,GIN,2011,8.462042
Guinea,GIN,2012,8.477991
Guinea,GIN,2013,8.458186
Guinea,GIN,2014,8.435526
Guinea,GIN,2015,8.335051
Guinea,GIN,2016,8.20241
Guinea,GIN,2017,8.210038
Guinea,GIN,2018,8.134329
Guinea,GIN,2019,8.161095
Guinea,GIN,2020,8.324779
Guinea,GIN,2021,8.013574
Guinea-Bissau,GNB,2000,14.325506
Guinea-Bissau,GNB,2001,14.116122
Guinea-Bissau,GNB,2002,13.469739
Guinea-Bissau,GNB,2003,12.859934
Guinea-Bissau,GNB,2004,13.059403
Guinea-Bissau,GNB,2005,12.641749
Guinea-Bissau,GNB,2006,12.551689
Guinea-Bissau,GNB,2007,12.47669
Guinea-Bissau,GNB,2008,12.400838
Guinea-Bissau,GNB,2009,12.369016
Guinea-Bissau,GNB,2010,12.239343
Guinea-Bissau,GNB,2011,12.039808
Guinea-Bissau,GNB,2012,11.783988
Guinea-Bissau,GNB,2013,11.780942
Guinea-Bissau,GNB,2014,11.82618
Guinea-Bissau,GNB,2015,11.826961
Guinea-Bissau,GNB,2016,11.718692
Guinea-Bissau,GNB,2017,11.628177
Guinea-Bissau,GNB,2018,11.346414
Guinea-Bissau,GNB,2019,11.684639
Guinea-Bissau,GNB,2020,12.342467
Guinea-Bissau,GNB,2021,11.756718
Guyana,GUY,2000,30.729042
Guyana,GUY,2001,34.482773
Guyana,GUY,2002,33.591747
Guyana,GUY,2003,32.729427
Guyana,GUY,2004,31.121477
Guyana,GUY,2005,30.22462
Guyana,GUY,2006,30.09253
Guyana,GUY,2007,29.982307
Guyana,GUY,2008,29.284805
Guyana,GUY,2009,31.200918
Guyana,GUY,2010,31.206825
Guyana,GUY,2011,31.355799
Guyana,GUY,2012,32.86369
Guyana,GUY,2013,35.55013
Guyana,GUY,2014,35.960392
Guyana,GUY,2015,35.57962
Guyana,GUY,2016,36.329826
Guyana,GUY,2017,34.119556
Guyana,GUY,2018,31.06056
Guyana,GUY,2019,29.307814
Guyana,GUY,2020,31.62129
Guyana,GUY,2021,26.359589
Haiti,HTI,2000,11.23599
Haiti,HTI,2001,10.865966
Haiti,HTI,2002,10.825169
Haiti,HTI,2003,10.734007
Haiti,HTI,2004,10.38619
Haiti,HTI,2005,10.333368
Haiti,HTI,2006,10.069438
Haiti,HTI,2007,10.101063
Haiti,HTI,2008,9.976139
Haiti,HTI,2009,10.06656
Haiti,HTI,2010,9.968249
Haiti,HTI,2011,9.882915
Haiti,HTI,2012,10.114789
Haiti,HTI,2013,10.111439
Haiti,HTI,2014,9.972583
Haiti,HTI,2015,9.958929
Haiti,HTI,2016,9.606793
Haiti,HTI,2017,9.707153
Haiti,HTI,2018,10.072694
Haiti,HTI,2019,10.17389
Haiti,HTI,2020,9.569953
Haiti,HTI,2021,9.333358
Honduras,HND,2000,4.631578
Honduras,HND,2001,4.601871
Honduras,HND,2002,4.602632
Honduras,HND,2003,4.6587486
Honduras,HND,2004,4.559636
Honduras,HND,2005,4.6089187
Honduras,HND,2006,4.527762
Honduras,HND,2007,4.4591913
Honduras,HND,2008,4.2775836
Honduras,HND,2009,4.141694
Honduras,HND,2010,4.065991
Honduras,HND,2011,3.944395
Honduras,HND,2012,6.3500223
Honduras,HND,2013,6.247006
Honduras,HND,2014,6.5107627
Honduras,HND,2015,7.2843485
Honduras,HND,2016,3.9885838
Honduras,HND,2017,4.0583816
Honduras,HND,2018,4.015431
Honduras,HND,2019,4.0060873
Honduras,HND,2020,3.8893797
Honduras,HND,2021,3.8133547
Hungary,HUN,2000,26.627638
Hungary,HUN,2001,23.755133
Hungary,HUN,2002,22.860939
Hungary,HUN,2003,21.879122
Hungary,HUN,2004,21.6585
Hungary,HUN,2005,20.510006
Hungary,HUN,2006,19.281816
Hungary,HUN,2007,18.969784
Hungary,HUN,2008,19.192036
Hungary,HUN,2009,19.618315
Hungary,HUN,2010,19.277971
Hungary,HUN,2011,19.038132
Hungary,HUN,2012,18.484644
Hungary,HUN,2013,16.2215
Hungary,HUN,2014,15.021326
Hungary,HUN,2015,14.527009
Hungary,HUN,2016,13.355842
Hungary,HUN,2017,12.512468
Hungary,HUN,2018,12.52535
Hungary,HUN,2019,11.728478
Hungary,HUN,2020,12.546517
Hungary,HUN,2021,11.427935
Iceland,ISL,2000,12.942526
Iceland,ISL,2001,12.50009
Iceland,ISL,2002,11.697492
Iceland,ISL,2003,12.030468
Iceland,ISL,2004,11.669223
Iceland,ISL,2005,10.715221
Iceland,ISL,2006,11.489123
Iceland,ISL,2007,14.075285
Iceland,ISL,2008,14.255327
Iceland,ISL,2009,13.141756
Iceland,ISL,2010,12.021445
Iceland,ISL,2011,10.633995
Iceland,ISL,2012,12.545168
Iceland,ISL,2013,12.495121
Iceland,ISL,2014,14.1797905
Iceland,ISL,2015,12.87836
Iceland,ISL,2016,11.0166025
Iceland,ISL,2017,10.314106
Iceland,ISL,2018,8.583278
Iceland,ISL,2019,11.210916
Iceland,ISL,2020,12.069435
Iceland,ISL,2021,10.774038
India,IND,2000,17.558012
India,IND,2001,16.6346
India,IND,2002,16.648058
India,IND,2003,16.481169
India,IND,2004,16.72025
India,IND,2005,16.864326
India,IND,2006,16.976154
India,IND,2007,16.943436
India,IND,2008,16.791903
India,IND,2009,16.578379
India,IND,2010,16.68864
India,IND,2011,16.56211
India,IND,2012,16.513918
India,IND,2013,16.30183
India,IND,2014,15.739704
India,IND,2015,15.187274
India,IND,2016,15.094175
India,IND,2017,15.234518
India,IND,2018,14.629727
India,IND,2019,14.221845
India,IND,2020,13.213835
India,IND,2021,12.64058
Indonesia,IDN,2000,2.3957949
Indonesia,IDN,2001,2.3920686
Indonesia,IDN,2002,2.363986
Indonesia,IDN,2003,2.3085215
Indonesia,IDN,2004,2.246006
Indonesia,IDN,2005,2.2031388
Indonesia,IDN,2006,2.1580894
Indonesia,IDN,2007,2.1239982
Indonesia,IDN,2008,2.0823066
Indonesia,IDN,2009,2.031913
Indonesia,IDN,2010,1.9873642
Indonesia,IDN,2011,1.9292802
Indonesia,IDN,2012,1.8949494
Indonesia,IDN,2013,1.8195897
Indonesia,IDN,2014,1.7628522
Indonesia,IDN,2015,1.736362
Indonesia,IDN,2016,1.7203722
Indonesia,IDN,2017,1.7015646
Indonesia,IDN,2018,1.6894639
Indonesia,IDN,2019,1.6898992
Indonesia,IDN,2020,1.4705607
Indonesia,IDN,2021,1.2767019
Iran,IRN,2000,5.870312
Iran,IRN,2001,5.5828004
Iran,IRN,2002,5.301032
Iran,IRN,2003,4.7159786
Iran,IRN,2004,4.685076
Iran,IRN,2005,4.374009
Iran,IRN,2006,4.2424784
Iran,IRN,2007,4.6669254
Iran,IRN,2008,4.578196
Iran,IRN,2009,4.4554424
Iran,IRN,2010,4.3625584
Iran,IRN,2011,4.2863936
Iran,IRN,2012,4.0456862
Iran,IRN,2013,4.213938
Iran,IRN,2014,4.4740763
Iran,IRN,2015,4.3307424
Iran,IRN,2016,4.4490886
Iran,IRN,2017,4.278885
Iran,IRN,2018,4.139686
Iran,IRN,2019,4.1106777
Iran,IRN,2020,3.4234903
Iran,IRN,2021,4.01561
Iraq,IRQ,2000,5.809406
Iraq,IRQ,2001,5.65202
Iraq,IRQ,2002,5.5339303
Iraq,IRQ,2003,5.374687
Iraq,IRQ,2004,5.317926
Iraq,IRQ,2005,5.1789503
Iraq,IRQ,2006,4.982144
Iraq,IRQ,2007,4.892367
Iraq,IRQ,2008,4.850003
Iraq,IRQ,2009,4.817084
Iraq,IRQ,2010,4.747639
Iraq,IRQ,2011,4.731393
Iraq,IRQ,2012,4.6189747
Iraq,IRQ,2013,4.553743
Iraq,IRQ,2014,4.273895
Iraq,IRQ,2015,4.312526
Iraq,IRQ,2016,4.248737
Iraq,IRQ,2017,4.2285852
Iraq,IRQ,2018,4.1940455
Iraq,IRQ,2019,4.151968
Iraq,IRQ,2020,3.8853076
Iraq,IRQ,2021,3.860208
Ireland,IRL,2000,11.822808
Ireland,IRL,2001,12.222707
Ireland,IRL,2002,11.316104
Ireland,IRL,2003,11.164288
Ireland,IRL,2004,10.775002
Ireland,IRL,2005,11.043364
Ireland,IRL,2006,10.339235
Ireland,IRL,2007,10.506681
Ireland,IRL,2008,11.301086
Ireland,IRL,2009,13.22151
Ireland,IRL,2010,11.318751
Ireland,IRL,2011,12.034876
Ireland,IRL,2012,11.610451
Ireland,IRL,2013,10.193843
Ireland,IRL,2014,10.291188
Ireland,IRL,2015,8.759448
Ireland,IRL,2016,9.006963
Ireland,IRL,2017,7.8960624
Ireland,IRL,2018,8.42783
Ireland,IRL,2019,7.4102983
Ireland,IRL,2020,7.6884384
Ireland,IRL,2021,7.6112185
Israel,ISR,2000,6.8534975
Israel,ISR,2001,6.4413996
Israel,ISR,2002,5.727746
Israel,ISR,2003,6.4311724
Israel,ISR,2004,6.074863
Israel,ISR,2005,6.8781695
Israel,ISR,2006,5.63343
Israel,ISR,2007,5.3233304
Israel,ISR,2008,5.16091
Israel,ISR,2009,6.0325556
Israel,ISR,2010,6.7153134
Israel,ISR,2011,5.515243
Israel,ISR,2012,6.036863
Israel,ISR,2013,5.020075
Israel,ISR,2014,4.924397
Israel,ISR,2015,4.431653
Israel,ISR,2016,4.9883485
Israel,ISR,2017,4.905974
Israel,ISR,2018,5.2391424
Israel,ISR,2019,4.933343
Israel,ISR,2020,4.93046
Israel,ISR,2021,4.3690143
Italy,ITA,2000,5.6556487
Italy,ITA,2001,5.506583
Italy,ITA,2002,5.5581875
Italy,ITA,2003,5.360654
Italy,ITA,2004,5.1937203
Italy,ITA,2005,4.8574524
Italy,ITA,2006,4.7550907
Italy,ITA,2007,4.786309
Italy,ITA,2008,4.97019
Italy,ITA,2009,4.977014
Italy,ITA,2010,4.9124055
Italy,ITA,2011,5.2256327
Italy,ITA,2012,5.4029555
Italy,ITA,2013,5.325743
Italy,ITA,2014,5.0809407
Italy,ITA,2015,4.8799033
Italy,ITA,2016,4.378155
Italy,ITA,2017,4.816424
Italy,ITA,2018,4.6624312
Italy,ITA,2019,4.5636024
Italy,ITA,2020,4.239198
Italy,ITA,2021,4.588458
Jamaica,JAM,2000,1.2537758
Jamaica,JAM,2001,1.2554786
Jamaica,JAM,2002,1.179122
Jamaica,JAM,2003,1.0735588
Jamaica,JAM,2004,0.96181995
Jamaica,JAM,2005,1.6825264
Jamaica,JAM,2006,0.8735922
Jamaica,JAM,2007,2.7948918
Jamaica,JAM,2008,2.7337897
Jamaica,JAM,2009,1.8061935
Jamaica,JAM,2010,1.1331453
Jamaica,JAM,2011,1.6073036
Jamaica,JAM,2012,1.1429472
Jamaica,JAM,2013,1.1368409
Jamaica,JAM,2014,1.1411581
Jamaica,JAM,2015,1.6750157
Jamaica,JAM,2016,1.63831
Jamaica,JAM,2017,1.6871578
Jamaica,JAM,2018,1.6341786
Jamaica,JAM,2019,1.661896
Jamaica,JAM,2020,1.5193491
Jamaica,JAM,2021,1.6465532
Japan,JPN,2000,18.094204
Japan,JPN,2001,17.489243
Japan,JPN,2002,17.942781
Japan,JPN,2003,19.620903
Japan,JPN,2004,18.529776
Japan,JPN,2005,18.954308
Japan,JPN,2006,18.626642
Japan,JPN,2007,19.381989
Japan,JPN,2008,19.295866
Japan,JPN,2009,19.762533
Japan,JPN,2010,19.103209
Japan,JPN,2011,18.73604
Japan,JPN,2012,17.343122
Japan,JPN,2013,17.017057
Japan,JPN,2014,16.10476
Japan,JPN,2015,15.210778
Japan,JPN,2016,14.063101
Japan,JPN,2017,13.773075
Japan,JPN,2018,13.579849
Japan,JPN,2019,13.316754
Japan,JPN,2020,14.228528
Japan,JPN,2021,14.59221
Jordan,JOR,2000,2.4269414
Jordan,JOR,2001,2.3149168
Jordan,JOR,2002,2.2360904
Jordan,JOR,2003,2.11013
Jordan,JOR,2004,2.0777078
Jordan,JOR,2005,1.8839426
Jordan,JOR,2006,1.6097564
Jordan,JOR,2007,1.3337045
Jordan,JOR,2008,1.2581688
Jordan,JOR,2009,1.1411222
Jordan,JOR,2010,1.0636106
Jordan,JOR,2011,0.96289915
Jordan,JOR,2012,0.9403407
Jordan,JOR,2013,0.9199277
Jordan,JOR,2014,0.92897856
Jordan,JOR,2015,0.9059838
Jordan,JOR,2016,0.91407573
Jordan,JOR,2017,0.87362945
Jordan,JOR,2018,0.8381387
Jordan,JOR,2019,0.8398948
Jordan,JOR,2020,0.7454013
Jordan,JOR,2021,0.67033786
Kazakhstan,KAZ,2000,33.78046
Kazakhstan,KAZ,2001,33.8177
Kazakhstan,KAZ,2002,32.85055
Kazakhstan,KAZ,2003,34.306423
Kazakhstan,KAZ,2004,36.254105
Kazakhstan,KAZ,2005,35.054436
Kazakhstan,KAZ,2006,33.82343
Kazakhstan,KAZ,2007,33.86662
Kazakhstan,KAZ,2008,31.420603
Kazakhstan,KAZ,2009,28.240515
Kazakhstan,KAZ,2010,27.67207
Kazakhstan,KAZ,2011,26.286041
Kazakhstan,KAZ,2012,25.17188
Kazakhstan,KAZ,2013,24.5461
Kazakhstan,KAZ,2014,22.402504
Kazakhstan,KAZ,2015,21.69587
Kazakhstan,KAZ,2016,20.084475
Kazakhstan,KAZ,2017,19.02132
Kazakhstan,KAZ,2018,18.621056
Kazakhstan,KAZ,2019,18.733702
Kazakhstan,KAZ,2020,16.82069
Kazakhstan,KAZ,2021,14.576472
Kenya,KEN,2000,9.995515
Kenya,KEN,2001,9.866973
Kenya,KEN,2002,10.319477
Kenya,KEN,2003,10.279621
Kenya,KEN,2004,10.289827
Kenya,KEN,2005,10.426745
Kenya,KEN,2006,10.521628
Kenya,KEN,2007,10.903509
Kenya,KEN,2008,11.035162
Kenya,KEN,2009,11.161552
Kenya,KEN,2010,11.469155
Kenya,KEN,2011,11.138362
Kenya,KEN,2012,9.662841
Kenya,KEN,2013,9.602944
Kenya,KEN,2014,9.169311
Kenya,KEN,2015,9.622287
Kenya,KEN,2016,9.29973
Kenya,KEN,2017,10.225897
Kenya,KEN,2018,11.410505
Kenya,KEN,2019,11.032006
Kenya,KEN,2020,10.379548
Kenya,KEN,2021,8.898409
Kiribati,KIR,2000,21.382719
Kiribati,KIR,2001,21.134027
Kiribati,KIR,2002,20.844524
Kiribati,KIR,2003,20.06986
Kiribati,KIR,2004,19.96255
Kiribati,KIR,2005,20.79793
Kiribati,KIR,2006,19.980652
Kiribati,KIR,2007,21.329744
Kiribati,KIR,2008,21.967909
Kiribati,KIR,2009,21.710854
Kiribati,KIR,2010,21.646889
Kiribati,KIR,2011,22.1481
Kiribati,KIR,2012,21.58382
Kiribati,KIR,2013,21.96316
Kiribati,KIR,2014,21.343546
Kiribati,KIR,2015,21.093525
Kiribati,KIR,2016,21.436825
Kiribati,KIR,2017,20.356247
Kiribati,KIR,2018,19.821259
Kiribati,KIR,2019,20.395382
Kiribati,KIR,2020,19.358408
Kiribati,KIR,2021,18.46933
Kuwait,KWT,2000,3.2029681
Kuwait,KWT,2001,3.7930775
Kuwait,KWT,2002,4.4633636
Kuwait,KWT,2003,3.919165
Kuwait,KWT,2004,3.6580122
Kuwait,KWT,2005,3.2586617
Kuwait,KWT,2006,2.603894
Kuwait,KWT,2007,1.3804945
Kuwait,KWT,2008,1.3976533
Kuwait,KWT,2009,1.2783618
Kuwait,KWT,2010,1.1825768
Kuwait,KWT,2011,1.0059474
Kuwait,KWT,2012,1.1873153
Kuwait,KWT,2013,1.2504969
Kuwait,KWT,2014,1.3154465
Kuwait,KWT,2015,1.7926115
Kuwait,KWT,2016,1.7314854
Kuwait,KWT,2017,1.754206
Kuwait,KWT,2018,1.676822
Kuwait,KWT,2019,1.7635632
Kuwait,KWT,2020,1.977209
Kuwait,KWT,2021,1.8292153
Kyrgyzstan,KGZ,2000,15.998722
Kyrgyzstan,KGZ,2001,15.181106
Kyrgyzstan,KGZ,2002,15.402475
Kyrgyzstan,KGZ,2003,14.707221
Kyrgyzstan,KGZ,2004,14.100773
Kyrgyzstan,KGZ,2005,13.91254
Kyrgyzstan,KGZ,2006,13.40557
Kyrgyzstan,KGZ,2007,13.041694
Kyrgyzstan,KGZ,2008,12.534224
Kyrgyzstan,KGZ,2009,12.212233
Kyrgyzstan,KGZ,2010,12.079018
Kyrgyzstan,KGZ,2011,12.031083
Kyrgyzstan,KGZ,2012,11.689332
Kyrgyzstan,KGZ,2013,10.7829075
Kyrgyzstan,KGZ,2014,10.398858
Kyrgyzstan,KGZ,2015,10.241157
Kyrgyzstan,KGZ,2016,9.195309
Kyrgyzstan,KGZ,2017,9.349597
Kyrgyzstan,KGZ,2018,9.117782
Kyrgyzstan,KGZ,2019,8.899413
Kyrgyzstan,KGZ,2020,7.106906
Kyrgyzstan,KGZ,2021,6.989274
Laos,LAO,2000,7.493165
Laos,LAO,2001,7.436924
Laos,LAO,2002,7.1501403
Laos,LAO,2003,6.8048067
Laos,LAO,2004,6.66259
Laos,LAO,2005,6.780102
Laos,LAO,2006,6.527898
Laos,LAO,2007,6.1345973
Laos,LAO,2008,6.226787
Laos,LAO,2009,5.9608707
Laos,LAO,2010,5.805644
Laos,LAO,2011,5.629436
Laos,LAO,2012,5.484497
Laos,LAO,2013,5.3690386
Laos,LAO,2014,5.3516192
Laos,LAO,2015,5.2297707
Laos,LAO,2016,5.1476912
Laos,LAO,2017,5.0771885
Laos,LAO,2018,5.0565896
Laos,LAO,2019,5.021907
Laos,LAO,2020,4.5141683
Laos,LAO,2021,5.0089364
Latvia,LVA,2000,29.839968
Latvia,LVA,2001,27.758322
Latvia,LVA,2002,27.272375
Latvia,LVA,2003,24.812922
Latvia,LVA,2004,22.22904
Latvia,LVA,2005,22.143549
Latvia,LVA,2006,18.920563
Latvia,LVA,2007,16.818127
Latvia,LVA,2008,21.414642
Latvia,LVA,2009,21.506891
Latvia,LVA,2010,18.789528
Latvia,LVA,2011,18.402853
Latvia,LVA,2012,19.50272
Latvia,LVA,2013,16.973732
Latvia,LVA,2014,17.49804
Latvia,LVA,2015,17.357529
Latvia,LVA,2016,17.193205
Latvia,LVA,2017,16.937737
Latvia,LVA,2018,14.313705
Latvia,LVA,2019,14.2941065
Latvia,LVA,2020,14.316755
Latvia,LVA,2021,11.916888
Lebanon,LBN,2000,1.0204687
Lebanon,LBN,2001,0.98164696
Lebanon,LBN,2002,0.9543746
Lebanon,LBN,2003,0.9385879
Lebanon,LBN,2004,0.9198204
Lebanon,LBN,2005,0.91442275
Lebanon,LBN,2006,0.9004377
Lebanon,LBN,2007,0.88640845
Lebanon,LBN,2008,0.8767604
Lebanon,LBN,2009,0.8636651
Lebanon,LBN,2010,0.8516951
Lebanon,LBN,2011,0.8542091
Lebanon,LBN,2012,0.85597736
Lebanon,LBN,2013,0.85700166
Lebanon,LBN,2014,0.83610713
Lebanon,LBN,2015,0.816244
Lebanon,LBN,2016,0.7682193
Lebanon,LBN,2017,0.75511664
Lebanon,LBN,2018,0.712237
Lebanon,LBN,2019,0.71218336
Lebanon,LBN,2020,0.8028516
Lebanon,LBN,2021,0.68298984
Lesotho,LSO,2000,17.613115
Lesotho,LSO,2001,16.136118
Lesotho,LSO,2002,17.396414
Lesotho,LSO,2003,19.650736
Lesotho,LSO,2004,20.829317
Lesotho,LSO,2005,22.40847
Lesotho,LSO,2006,24.12982
Lesotho,LSO,2007,27.910437
Lesotho,LSO,2008,21.255264
Lesotho,LSO,2009,20.708311
Lesotho,LSO,2010,35.422348
Lesotho,LSO,2011,37.36476
Lesotho,LSO,2012,29.331884
Lesotho,LSO,2013,32.996784
Lesotho,LSO,2014,39.119896
Lesotho,LSO,2015,40.576878
Lesotho,LSO,2016,39.685448
Lesotho,LSO,2017,38.479282
Lesotho,LSO,2018,40.011585
Lesotho,LSO,2019,40.66854
Lesotho,LSO,2020,45.55591
Lesotho,LSO,2021,40.681835
Liberia,LBR,2000,9.069451
Liberia,LBR,2001,8.894047
Liberia,LBR,2002,9.324209
Liberia,LBR,2003,8.705402
Liberia,LBR,2004,9.311187
Liberia,LBR,2005,8.817857
Liberia,LBR,2006,9.020969
Liberia,LBR,2007,8.9832
Liberia,LBR,2008,9.084977
Liberia,LBR,2009,9.538351
Liberia,LBR,2010,9.959405
Liberia,LBR,2011,10.401652
Liberia,LBR,2012,10.154959
Liberia,LBR,2013,9.837331
Liberia,LBR,2014,9.513471
Liberia,LBR,2015,9.56499
Liberia,LBR,2016,9.572025
Liberia,LBR,2017,9.70596
Liberia,LBR,2018,9.554404
Liberia,LBR,2019,9.569779
Liberia,LBR,2020,9.709736
Liberia,LBR,2021,9.587533
Libya,LBY,2000,4.670596
Libya,LBY,2001,5.2600574
Libya,LBY,2002,4.91047
Libya,LBY,2003,5.0049224
Libya,LBY,2004,4.634979
Libya,LBY,2005,4.5157294
Libya,LBY,2006,3.9712908
Libya,LBY,2007,4.3823266
Libya,LBY,2008,4.765921
Libya,LBY,2009,5.1235714
Libya,LBY,2010,5.1585517
Libya,LBY,2011,6.2237787
Libya,LBY,2012,4.25748
Libya,LBY,2013,3.7629142
Libya,LBY,2014,5.466051
Libya,LBY,2015,5.6618223
Libya,LBY,2016,5.426473
Libya,LBY,2017,6.042815
Libya,LBY,2018,6.2239194
Libya,LBY,2019,5.713535
Libya,LBY,2020,4.823418
Libya,LBY,2021,4.803865
Lithuania,LTU,2000,47.20944
Lithuania,LTU,2001,43.382565
Lithuania,LTU,2002,43.44564
Lithuania,LTU,2003,40.996445
Lithuania,LTU,2004,38.96394
Lithuania,LTU,2005,37.664047
Lithuania,LTU,2006,30.076921
Lithuania,LTU,2007,29.917917
Lithuania,LTU,2008,32.82068
Lithuania,LTU,2009,33.05283
Lithuania,LTU,2010,31.857334
Lithuania,LTU,2011,32.848183
Lithuania,LTU,2012,30.02924
Lithuania,LTU,2013,35.210922
Lithuania,LTU,2014,29.92961
Lithuania,LTU,2015,29.0773
Lithuania,LTU,2016,26.585997
Lithuania,LTU,2017,24.256702
Lithuania,LTU,2018,21.951666
Lithuania,LTU,2019,21.254244
Lithuania,LTU,2020,19.063799
Lithuania,LTU,2021,16.62415
Luxembourg,LUX,2000,12.285534
Luxembourg,LUX,2001,12.500289
Luxembourg,LUX,2002,12.247016
Luxembourg,LUX,2003,12.692365
Luxembourg,LUX,2004,9.313854
Luxembourg,LUX,2005,10.339414
Luxembourg,LUX,2006,11.57005
Luxembourg,LUX,2007,10.639986
Luxembourg,LUX,2008,10.415674
Luxembourg,LUX,2009,8.63197
Luxembourg,LUX,2010,9.307195
Luxembourg,LUX,2011,9.40955
Luxembourg,LUX,2012,8.911118
Luxembourg,LUX,2013,8.828457
Luxembourg,LUX,2014,9.969658
Luxembourg,LUX,2015,9.744658
Luxembourg,LUX,2016,7.5512776
Luxembourg,LUX,2017,7.6223125
Luxembourg,LUX,2018,7.587995
Luxembourg,LUX,2019,8.637104
Luxembourg,LUX,2020,7.6704693
Luxembourg,LUX,2021,6.2201805
Madagascar,MDG,2000,11.07925
Madagascar,MDG,2001,11.017955
Madagascar,MDG,2002,11.243128
Madagascar,MDG,2003,11.360781
Madagascar,MDG,2004,11.43508
Madagascar,MDG,2005,11.371713
Madagascar,MDG,2006,11.266158
Madagascar,MDG,2007,10.978287
Madagascar,MDG,2008,10.819047
Madagascar,MDG,2009,10.672733
Madagascar,MDG,2010,10.653117
Madagascar,MDG,2011,10.602545
Madagascar,MDG,2012,10.305699
Madagascar,MDG,2013,10.239565
Madagascar,MDG,2014,10.322687
Madagascar,MDG,2015,10.053886
Madagascar,MDG,2016,10.076648
Madagascar,MDG,2017,9.981903
Madagascar,MDG,2018,9.959414
Madagascar,MDG,2019,9.964801
Madagascar,MDG,2020,10.536802
Madagascar,MDG,2021,10.07415
Malawi,MWI,2000,14.501541
Malawi,MWI,2001,13.822116
Malawi,MWI,2002,13.516205
Malawi,MWI,2003,13.840245
Malawi,MWI,2004,13.44378
Malawi,MWI,2005,13.1333475
Malawi,MWI,2006,13.79404
Malawi,MWI,2007,13.403937
Malawi,MWI,2008,12.419885
Malawi,MWI,2009,12.35401
Malawi,MWI,2010,12.071196
Malawi,MWI,2011,12.083686
Malawi,MWI,2012,12.086592
Malawi,MWI,2013,11.968701
Malawi,MWI,2014,12.000034
Malawi,MWI,2015,12.296339
Malawi,MWI,2016,12.561372
Malawi,MWI,2017,12.985508
Malawi,MWI,2018,13.133322
Malawi,MWI,2019,13.605129
Malawi,MWI,2020,13.621148
Malawi,MWI,2021,13.9352865
Malaysia,MYS,2000,5.70133
Malaysia,MYS,2001,5.449314
Malaysia,MYS,2002,5.337649
Malaysia,MYS,2003,5.4948378
Malaysia,MYS,2004,5.4368377
Malaysia,MYS,2005,5.266506
Malaysia,MYS,2006,5.0798106
Malaysia,MYS,2007,4.964753
Malaysia,MYS,2008,5.081592
Malaysia,MYS,2009,5.1370482
Malaysia,MYS,2010,5.0450606
Malaysia,MYS,2011,4.927008
Malaysia,MYS,2012,4.6711617
Malaysia,MYS,2013,4.562457
Malaysia,MYS,2014,4.688206
Malaysia,MYS,2015,5.124722
Malaysia,MYS,2016,5.1764765
Malaysia,MYS,2017,5.288717
Malaysia,MYS,2018,5.3908677
Malaysia,MYS,2019,5.413119
Malaysia,MYS,2020,4.3066826
Malaysia,MYS,2021,5.5298605
Maldives,MDV,2000,3.9305763
Maldives,MDV,2001,3.785988
Maldives,MDV,2002,3.6373608
Maldives,MDV,2003,3.5969102
Maldives,MDV,2004,3.0846019
Maldives,MDV,2005,3.0784454
Maldives,MDV,2006,3.1487753
Maldives,MDV,2007,3.0647771
Maldives,MDV,2008,3.0882359
Maldives,MDV,2009,3.013315
Maldives,MDV,2010,2.9162607
Maldives,MDV,2011,2.886807
Maldives,MDV,2012,2.859744
Maldives,MDV,2013,2.6979985
Maldives,MDV,2014,2.7517347
Maldives,MDV,2015,2.6452749
Maldives,MDV,2016,2.684772
Maldives,MDV,2017,2.5171895
Maldives,MDV,2018,2.230627
Maldives,MDV,2019,3.182359
Maldives,MDV,2020,2.6576924
Maldives,MDV,2021,2.258198
Mali,MLI,2000,7.467413
Mali,MLI,2001,7.548586
Mali,MLI,2002,7.562393
Mali,MLI,2003,7.4812717
Mali,MLI,2004,7.472603
Mali,MLI,2005,7.4885755
Mali,MLI,2006,7.5452204
Mali,MLI,2007,7.764148
Mali,MLI,2008,7.9153795
Mali,MLI,2009,8.057208
Mali,MLI,2010,7.998713
Mali,MLI,2011,7.9814086
Mali,MLI,2012,8.187702
Mali,MLI,2013,8.235436
Mali,MLI,2014,8.178198
Mali,MLI,2015,8.257626
Mali,MLI,2016,8.160822
Mali,MLI,2017,8.094557
Mali,MLI,2018,7.9785624
Mali,MLI,2019,7.800127
Mali,MLI,2020,8.090201
Mali,MLI,2021,8.062238
Malta,MLT,2000,6.007594
Malta,MLT,2001,6.5158625
Malta,MLT,2002,4.860565
Malta,MLT,2003,4.5384693
Malta,MLT,2004,4.679226
Malta,MLT,2005,4.386072
Malta,MLT,2006,5.384806
Malta,MLT,2007,4.505689
Malta,MLT,2008,5.464084
Malta,MLT,2009,6.268148
Malta,MLT,2010,6.674242
Malta,MLT,2011,6.076485
Malta,MLT,2012,5.161822
Malta,MLT,2013,6.326674
Malta,MLT,2014,6.493553
Malta,MLT,2015,6.6005263
Malta,MLT,2016,5.4929333
Malta,MLT,2017,4.666363
Malta,MLT,2018,4.251575
Malta,MLT,2019,5.4429283
Malta,MLT,2020,4.6239414
Malta,MLT,2021,5.57859
Marshall Islands,MHL,2000,27.41648
Marshall Islands,MHL,2001,26.92258
Marshall Islands,MHL,2002,26.793293
Marshall Islands,MHL,2003,26.663273
Marshall Islands,MHL,2004,26.816647
Marshall Islands,MHL,2005,27.26983
Marshall Islands,MHL,2006,27.071663
Marshall Islands,MHL,2007,26.455753
Marshall Islands,MHL,2008,26.463781
Marshall Islands,MHL,2009,26.6739
Marshall Islands,MHL,2010,25.006556
Marshall Islands,MHL,2011,25.978403
Marshall Islands,MHL,2012,25.120054
Marshall Islands,MHL,2013,24.556225
Marshall Islands,MHL,2014,23.308086
Marshall Islands,MHL,2015,23.113863
Marshall Islands,MHL,2016,22.362839
Marshall Islands,MHL,2017,22.136562
Marshall Islands,MHL,2018,19.456816
Marshall Islands,MHL,2019,21.620924
Marshall Islands,MHL,2020,19.601152
Marshall Islands,MHL,2021,19.029245
Mauritania,MRT,2000,5.1287875
Mauritania,MRT,2001,5.1276155
Mauritania,MRT,2002,5.0603056
Mauritania,MRT,2003,4.944453
Mauritania,MRT,2004,4.998936
Mauritania,MRT,2005,4.8190556
Mauritania,MRT,2006,4.8496685
Mauritania,MRT,2007,4.7371335
Mauritania,MRT,2008,4.653927
Mauritania,MRT,2009,4.727123
Mauritania,MRT,2010,4.7259073
Mauritania,MRT,2011,4.651214
Mauritania,MRT,2012,4.8480563
Mauritania,MRT,2013,4.831837
Mauritania,MRT,2014,4.8443494
Mauritania,MRT,2015,4.790782
Mauritania,MRT,2016,4.87316
Mauritania,MRT,2017,4.905374
Mauritania,MRT,2018,4.9079285
Mauritania,MRT,2019,4.9207945
Mauritania,MRT,2020,4.9369817
Mauritania,MRT,2021,4.8414083
Mauritius,MUS,2000,11.639535
Mauritius,MUS,2001,9.831947
Mauritius,MUS,2002,11.103303
Mauritius,MUS,2003,7.7355247
Mauritius,MUS,2004,7.9256034
Mauritius,MUS,2005,8.716181
Mauritius,MUS,2006,9.30091
Mauritius,MUS,2007,9.933183
Mauritius,MUS,2008,6.608627
Mauritius,MUS,2009,8.633221
Mauritius,MUS,2010,7.29914
Mauritius,MUS,2011,8.8038
Mauritius,MUS,2012,9.223197
Mauritius,MUS,2013,7.742276
Mauritius,MUS,2014,9.667302
Mauritius,MUS,2015,7.540356
Mauritius,MUS,2016,7.485312
Mauritius,MUS,2017,8.903336
Mauritius,MUS,2018,8.022338
Mauritius,MUS,2019,8.5852785
Mauritius,MUS,2020,10.285194
Mauritius,MUS,2021,9.370352
Mexico,MEX,2000,4.0358553
Mexico,MEX,2001,4.3112526
Mexico,MEX,2002,4.308477
Mexico,MEX,2003,4.4264607
Mexico,MEX,2004,4.40891
Mexico,MEX,2005,4.510807
Mexico,MEX,2006,4.303323
Mexico,MEX,2007,4.364749
Mexico,MEX,2008,4.6143384
Mexico,MEX,2009,4.8610477
Mexico,MEX,2010,4.6318407
Mexico,MEX,2011,5.3502455
Mexico,MEX,2012,4.9590178
Mexico,MEX,2013,5.315222
Mexico,MEX,2014,5.760159
Mexico,MEX,2015,5.683877
Mexico,MEX,2016,5.56965
Mexico,MEX,2017,5.71609
Mexico,MEX,2018,5.830823
Mexico,MEX,2019,6.1441116
Mexico,MEX,2020,6.311685
Mexico,MEX,2021,6.8776655
Micronesia (country),FSM,2000,24.722965
Micronesia (country),FSM,2001,24.216118
Micronesia (country),FSM,2002,23.573168
Micronesia (country),FSM,2003,23.294054
Micronesia (country),FSM,2004,24.292805
Micronesia (country),FSM,2005,24.785969
Micronesia (country),FSM,2006,24.484861
Micronesia (country),FSM,2007,24.052586
Micronesia (country),FSM,2008,23.946815
Micronesia (country),FSM,2009,23.785425
Micronesia (country),FSM,2010,23.82758
Micronesia (country),FSM,2011,24.326458
Micronesia (country),FSM,2012,24.409771
Micronesia (country),FSM,2013,24.073532
Micronesia (country),FSM,2014,22.118536
Micronesia (country),FSM,2015,22.47824
Micronesia (country),FSM,2016,22.40349
Micronesia (country),FSM,2017,22.461176
Micronesia (country),FSM,2018,22.500664
Micronesia (country),FSM,2019,22.53307
Micronesia (country),FSM,2020,21.164711
Micronesia (country),FSM,2021,21.92523
Moldova,MDA,2000,18.741581
Moldova,MDA,2001,20.52714
Moldova,MDA,2002,18.983896
Moldova,MDA,2003,19.653296
Moldova,MDA,2004,18.965992
Moldova,MDA,2005,19.66836
Moldova,MDA,2006,19.811935
Moldova,MDA,2007,17.232319
Moldova,MDA,2008,18.79425
Moldova,MDA,2009,18.87385
Moldova,MDA,2010,19.183956
Moldova,MDA,2011,13.815314
Moldova,MDA,2012,14.628423
Moldova,MDA,2013,13.73426
Moldova,MDA,2014,13.78964
Moldova,MDA,2015,12.924629
Moldova,MDA,2016,12.803064
Moldova,MDA,2017,11.646488
Moldova,MDA,2018,11.166593
Moldova,MDA,2019,10.874924
Moldova,MDA,2020,9.759397
Moldova,MDA,2021,12.402252
Monaco,MCO,2000,15.014481
Monaco,MCO,2001,15.014461
Monaco,MCO,2002,14.965523
Monaco,MCO,2003,14.858235
Monaco,MCO,2004,14.885026
Monaco,MCO,2005,14.788467
Monaco,MCO,2006,14.730797
Monaco,MCO,2007,13.618287
Monaco,MCO,2008,14.349989
Monaco,MCO,2009,15.247571
Monaco,MCO,2010,13.624875
Monaco,MCO,2011,11.770227
Monaco,MCO,2012,15.142233
Monaco,MCO,2013,14.994147
Monaco,MCO,2014,14.115995
Monaco,MCO,2015,13.907167
Monaco,MCO,2016,13.672862
Monaco,MCO,2017,13.371769
Monaco,MCO,2018,13.111668
Monaco,MCO,2019,12.901933
Monaco,MCO,2020,12.289923
Monaco,MCO,2021,12.268594
Mongolia,MNG,2000,18.769987
Mongolia,MNG,2001,18.532082
Mongolia,MNG,2002,18.039875
Mongolia,MNG,2003,19.028517
Mongolia,MNG,2004,19.254019
Mongolia,MNG,2005,19.567896
Mongolia,MNG,2006,19.208523
Mongolia,MNG,2007,18.969702
Mongolia,MNG,2008,19.149632
Mongolia,MNG,2009,19.44993
Mongolia,MNG,2010,20.245796
Mongolia,MNG,2011,22.22386
Mongolia,MNG,2012,21.366898
Mongolia,MNG,2013,19.94425
Mongolia,MNG,2014,19.016277
Mongolia,MNG,2015,19.489317
Mongolia,MNG,2016,19.49697
Mongolia,MNG,2017,19.081514
Mongolia,MNG,2018,18.338612
Mongolia,MNG,2019,18.598305
Mongolia,MNG,2020,20.06422
Mongolia,MNG,2021,19.855324
Montenegro,MNE,2000,14.934966
Montenegro,MNE,2001,14.231584
Montenegro,MNE,2002,14.541275
Montenegro,MNE,2003,14.093009
Montenegro,MNE,2004,14.156852
Montenegro,MNE,2005,13.916973
Montenegro,MNE,2006,13.768567
Montenegro,MNE,2007,12.642569
Montenegro,MNE,2008,12.272614
Montenegro,MNE,2009,12.142032
Montenegro,MNE,2010,11.638651
Montenegro,MNE,2011,11.969038
Montenegro,MNE,2012,11.523023
Montenegro,MNE,2013,10.846811
Montenegro,MNE,2014,10.793212
Montenegro,MNE,2015,10.671236
Montenegro,MNE,2016,10.368354
Montenegro,MNE,2017,10.938369
Montenegro,MNE,2018,11.270477
Montenegro,MNE,2019,11.8080845
Montenegro,MNE,2020,12.64425
Montenegro,MNE,2021,9.397433
Morocco,MAR,2000,4.872624
Morocco,MAR,2001,4.682181
Morocco,MAR,2002,4.5901103
Morocco,MAR,2003,4.719337
Morocco,MAR,2004,4.5868955
Morocco,MAR,2005,4.584911
Morocco,MAR,2006,4.4414577
Morocco,MAR,2007,4.1508875
Morocco,MAR,2008,4.1361985
Morocco,MAR,2009,4.1982393
Morocco,MAR,2010,4.127027
Morocco,MAR,2011,4.089387
Morocco,MAR,2012,4.0036874
Morocco,MAR,2013,3.9128928
Morocco,MAR,2014,3.791596
Morocco,MAR,2015,3.673866
Morocco,MAR,2016,3.5625448
Morocco,MAR,2017,3.412367
Morocco,MAR,2018,3.3334312
Morocco,MAR,2019,3.292043
Morocco,MAR,2020,2.979545
Morocco,MAR,2021,2.969539
Mozambique,MOZ,2000,12.186046
Mozambique,MOZ,2001,11.859745
Mozambique,MOZ,2002,12.101365
Mozambique,MOZ,2003,12.104055
Mozambique,MOZ,2004,12.252046
Mozambique,MOZ,2005,12.584831
Mozambique,MOZ,2006,13.501486
Mozambique,MOZ,2007,14.903224
Mozambique,MOZ,2008,15.738089
Mozambique,MOZ,2009,16.63476
Mozambique,MOZ,2010,17.514992
Mozambique,MOZ,2011,17.931082
Mozambique,MOZ,2012,18.051464
Mozambique,MOZ,2013,19.186543
Mozambique,MOZ,2014,20.853554
Mozambique,MOZ,2015,21.281075
Mozambique,MOZ,2016,23.051123
Mozambique,MOZ,2017,24.061153
Mozambique,MOZ,2018,23.828299
Mozambique,MOZ,2019,22.186028
Mozambique,MOZ,2020,21.188091
Mozambique,MOZ,2021,20.149773
Myanmar,MMR,2000,4.338653
Myanmar,MMR,2001,4.253885
Myanmar,MMR,2002,4.249229
Myanmar,MMR,2003,4.1829906
Myanmar,MMR,2004,4.186162
Myanmar,MMR,2005,4.1165066
Myanmar,MMR,2006,4.056441
Myanmar,MMR,2007,3.9240468
Myanmar,MMR,2008,3.7842758
Myanmar,MMR,2009,3.6021771
Myanmar,MMR,2010,3.4921846
Myanmar,MMR,2011,3.4125223
Myanmar,MMR,2012,3.3650603
Myanmar,MMR,2013,3.2915096
Myanmar,MMR,2014,3.2732556
Myanmar,MMR,2015,3.2421548
Myanmar,MMR,2016,3.2060108
Myanmar,MMR,2017,3.1323876
Myanmar,MMR,2018,3.1307914
Myanmar,MMR,2019,3.126756
Myanmar,MMR,2020,2.951489
Myanmar,MMR,2021,2.9200377
Namibia,NAM,2000,14.015645
Namibia,NAM,2001,13.98029
Namibia,NAM,2002,14.600774
Namibia,NAM,2003,14.742983
Namibia,NAM,2004,14.447108
Namibia,NAM,2005,14.164085
Namibia,NAM,2006,13.464038
Namibia,NAM,2007,12.785907
Namibia,NAM,2008,12.276163
Namibia,NAM,2009,11.402236
Namibia,NAM,2010,11.096194
Namibia,NAM,2011,11.715937
Namibia,NAM,2012,11.372262
Namibia,NAM,2013,11.351907
Namibia,NAM,2014,12.014173
Namibia,NAM,2015,11.752079
Namibia,NAM,2016,10.328845
Namibia,NAM,2017,10.940743
Namibia,NAM,2018,10.393511
Namibia,NAM,2019,10.302335
Namibia,NAM,2020,10.389334
Namibia,NAM,2021,10.18855
Nauru,NRU,2000,36.811596
Nauru,NRU,2001,36.408527
Nauru,NRU,2002,36.095047
Nauru,NRU,2003,31.023588
Nauru,NRU,2004,37.22093
Nauru,NRU,2005,36.159573
Nauru,NRU,2006,35.508923
Nauru,NRU,2007,36.357586
Nauru,NRU,2008,35.68718
Nauru,NRU,2009,34.5644
Nauru,NRU,2010,33.856785
Nauru,NRU,2011,34.27682
Nauru,NRU,2012,33.332237
Nauru,NRU,2013,32.40507
Nauru,NRU,2014,31.671162
Nauru,NRU,2015,27.752129
Nauru,NRU,2016,27.064657
Nauru,NRU,2017,26.858273
Nauru,NRU,2018,25.179995
Nauru,NRU,2019,28.133327
Nauru,NRU,2020,30.109896
Nauru,NRU,2021,30.23163
Nepal,NPL,2000,12.542371
Nepal,NPL,2001,12.164713
Nepal,NPL,2002,11.886264
Nepal,NPL,2003,11.756214
Nepal,NPL,2004,11.635204
Nepal,NPL,2005,11.646633
Nepal,NPL,2006,11.6981
Nepal,NPL,2007,11.452663
Nepal,NPL,2008,11.136097
Nepal,NPL,2009,11.4224
Nepal,NPL,2010,11.716603
Nepal,NPL,2011,11.983264
Nepal,NPL,2012,11.889492
Nepal,NPL,2013,12.137611
Nepal,NPL,2014,12.06166
Nepal,NPL,2015,11.977933
Nepal,NPL,2016,11.744054
Nepal,NPL,2017,11.953868
Nepal,NPL,2018,12.025675
Nepal,NPL,2019,11.825572
Nepal,NPL,2020,10.96121
Nepal,NPL,2021,11.264754
Netherlands,NLD,2000,8.011703
Netherlands,NLD,2001,7.938742
Netherlands,NLD,2002,8.320442
Netherlands,NLD,2003,7.9389944
Netherlands,NLD,2004,8.010477
Netherlands,NLD,2005,8.193869
Netherlands,NLD,2006,8.045677
Netherlands,NLD,2007,7.04601
Netherlands,NLD,2008,7.391995
Netherlands,NLD,2009,7.6741104
Netherlands,NLD,2010,8.032358
Netherlands,NLD,2011,8.355483
Netherlands,NLD,2012,8.831128
Netherlands,NLD,2013,9.407042
Netherlands,NLD,2014,9.266156
Netherlands,NLD,2015,9.271138
Netherlands,NLD,2016,9.221909
Netherlands,NLD,2017,9.431021
Netherlands,NLD,2018,8.976165
Netherlands,NLD,2019,8.770949
Netherlands,NLD,2020,8.733214
Netherlands,NLD,2021,8.997856
New Zealand,NZL,2000,12.422448
New Zealand,NZL,2001,13.480941
New Zealand,NZL,2002,12.09206
New Zealand,NZL,2003,12.999796
New Zealand,NZL,2004,12.255555
New Zealand,NZL,2005,12.58817
New Zealand,NZL,2006,12.712399
New Zealand,NZL,2007,11.642027
New Zealand,NZL,2008,11.881308
New Zealand,NZL,2009,10.930469
New Zealand,NZL,2010,11.985581
New Zealand,NZL,2011,11.097185
New Zealand,NZL,2012,12.381748
New Zealand,NZL,2013,11.507261
New Zealand,NZL,2014,11.011079
New Zealand,NZL,2015,11.286051
New Zealand,NZL,2016,11.660133
New Zealand,NZL,2017,11.919134
New Zealand,NZL,2018,10.796819
New Zealand,NZL,2019,10.969435
New Zealand,NZL,2020,10.570037
New Zealand,NZL,2021,11.157772
Nicaragua,NIC,2000,8.37001
Nicaragua,NIC,2001,7.75844
Nicaragua,NIC,2002,7.2459135
Nicaragua,NIC,2003,8.012905
Nicaragua,NIC,2004,7.3722095
Nicaragua,NIC,2005,6.9077754
Nicaragua,NIC,2006,6.0334945
Nicaragua,NIC,2007,6.364073
Nicaragua,NIC,2008,6.3602867
Nicaragua,NIC,2009,6.286782
Nicaragua,NIC,2010,5.962578
Nicaragua,NIC,2011,6.5920124
Nicaragua,NIC,2012,5.465362
Nicaragua,NIC,2013,6.3156652
Nicaragua,NIC,2014,5.564175
Nicaragua,NIC,2015,4.9723787
Nicaragua,NIC,2016,5.090948
Nicaragua,NIC,2017,5.3157983
Nicaragua,NIC,2018,5.681415
Nicaragua,NIC,2019,4.8328543
Nicaragua,NIC,2020,3.7705767
Nicaragua,NIC,2021,4.330069
Niger,NER,2000,7.709965
Niger,NER,2001,7.9335437
Niger,NER,2002,7.839335
Niger,NER,2003,8.02165
Niger,NER,2004,7.8518324
Niger,NER,2005,8.15056
Niger,NER,2006,8.089545
Niger,NER,2007,8.293713
Niger,NER,2008,8.026104
Niger,NER,2009,8.253349
Niger,NER,2010,8.407395
Niger,NER,2011,8.66757
Niger,NER,2012,8.900441
Niger,NER,2013,9.021989
Niger,NER,2014,9.075961
Niger,NER,2015,9.029068
Niger,NER,2016,8.979674
Niger,NER,2017,8.961278
Niger,NER,2018,8.944231
Niger,NER,2019,8.97575
Niger,NER,2020,8.859491
Niger,NER,2021,8.835803
Nigeria,NGA,2000,9.578877
Nigeria,NGA,2001,9.741175
Nigeria,NGA,2002,9.539851
Nigeria,NGA,2003,9.479119
Nigeria,NGA,2004,9.5634575
Nigeria,NGA,2005,9.331108
Nigeria,NGA,2006,9.405897
Nigeria,NGA,2007,9.369627
Nigeria,NGA,2008,9.214486
Nigeria,NGA,2009,9.290107
Nigeria,NGA,2010,9.04008
Nigeria,NGA,2011,8.762757
Nigeria,NGA,2012,8.552973
Nigeria,NGA,2013,8.319829
Nigeria,NGA,2014,8.167389
Nigeria,NGA,2015,7.9164343
Nigeria,NGA,2016,7.8242455
Nigeria,NGA,2017,7.683456
Nigeria,NGA,2018,7.729407
Nigeria,NGA,2019,7.7135653
Nigeria,NGA,2020,8.105304
Nigeria,NGA,2021,8.560362
Niue,NIU,2000,18.662811
Niue,NIU,2001,18.3302
Niue,NIU,2002,17.77197
Niue,NIU,2003,17.74611
Niue,NIU,2004,15.402446
Niue,NIU,2005,15.061323
Niue,NIU,2006,15.012802
Niue,NIU,2007,16.332914
Niue,NIU,2008,16.152254
Niue,NIU,2009,15.032109
Niue,NIU,2010,14.640357
Niue,NIU,2011,14.909101
Niue,NIU,2012,15.3579035
Niue,NIU,2013,16.152195
Niue,NIU,2014,15.284185
Niue,NIU,2015,14.2652445
Niue,NIU,2016,14.291273
Niue,NIU,2017,13.735129
Niue,NIU,2018,13.960672
Niue,NIU,2019,12.016809
Niue,NIU,2020,17.290192
Niue,NIU,2021,15.758062
North America,OWID_NAM,2000,9.030349
North America,OWID_NAM,2001,9.232402
North America,OWID_NAM,2002,9.327753
North America,OWID_NAM,2003,9.288904
North America,OWID_NAM,2004,9.327383
North America,OWID_NAM,2005,9.234922
North America,OWID_NAM,2006,9.170069
North America,OWID_NAM,2007,9.262149
North America,OWID_NAM,2008,9.479535
North America,OWID_NAM,2009,9.628468
North America,OWID_NAM,2010,9.721484
North America,OWID_NAM,2011,9.911671
North America,OWID_NAM,2012,9.938514
North America,OWID_NAM,2013,10.013561
North America,OWID_NAM,2014,10.341608
North America,OWID_NAM,2015,10.569807
North America,OWID_NAM,2016,10.4357605
North America,OWID_NAM,2017,10.786483
North America,OWID_NAM,2018,10.897381
North America,OWID_NAM,2019,10.755122
North America,OWID_NAM,2020,10.588371
North America,OWID_NAM,2021,10.934858
North Korea,PRK,2000,8.831495
North Korea,PRK,2001,8.6541395
North Korea,PRK,2002,8.621006
North Korea,PRK,2003,8.347894
North Korea,PRK,2004,8.143113
North Korea,PRK,2005,7.9823413
North Korea,PRK,2006,7.960709
North Korea,PRK,2007,8.159205
North Korea,PRK,2008,8.563795
North Korea,PRK,2009,8.628488
North Korea,PRK,2010,8.890976
North Korea,PRK,2011,8.944765
North Korea,PRK,2012,8.787498
North Korea,PRK,2013,8.8301525
North Korea,PRK,2014,8.840002
North Korea,PRK,2015,9.093501
North Korea,PRK,2016,9.037115
North Korea,PRK,2017,8.586345
North Korea,PRK,2018,8.180398
North Korea,PRK,2019,8.301355
North Korea,PRK,2020,7.54672
North Korea,PRK,2021,7.5646067
North Macedonia,MKD,2000,7.1690097
North Macedonia,MKD,2001,9.54327
North Macedonia,MKD,2002,7.370478
North Macedonia,MKD,2003,6.742902
North Macedonia,MKD,2004,7.79877
North Macedonia,MKD,2005,6.330158
North Macedonia,MKD,2006,7.1214104
North Macedonia,MKD,2007,6.6270437
North Macedonia,MKD,2008,6.5583715
North Macedonia,MKD,2009,6.740682
North Macedonia,MKD,2010,4.8628497
North Macedonia,MKD,2011,4.9773293
North Macedonia,MKD,2012,7.0046444
North Macedonia,MKD,2013,6.871565
North Macedonia,MKD,2014,5.3255754
North Macedonia,MKD,2015,4.3070245
North Macedonia,MKD,2016,4.6708503
North Macedonia,MKD,2017,3.8933659
North Macedonia,MKD,2018,4.6205316
North Macedonia,MKD,2019,4.276288
North Macedonia,MKD,2020,3.9503644
North Macedonia,MKD,2021,5.350129
Norway,NOR,2000,11.879084
Norway,NOR,2001,11.62874
Norway,NOR,2002,10.315665
Norway,NOR,2003,10.644347
Norway,NOR,2004,10.984291
Norway,NOR,2005,11.082923
Norway,NOR,2006,10.768166
Norway,NOR,2007,9.544913
Norway,NOR,2008,9.888104
Norway,NOR,2009,10.91868
Norway,NOR,2010,10.3186455
Norway,NOR,2011,11.5846815
Norway,NOR,2012,9.467259
Norway,NOR,2013,9.913956
Norway,NOR,2014,9.626822
Norway,NOR,2015,10.063845
Norway,NOR,2016,10.713488
Norway,NOR,2017,10.4259
Norway,NOR,2018,11.659574
Norway,NOR,2019,11.123135
Norway,NOR,2020,10.875652
Norway,NOR,2021,11.409341
Oceania,OWID_OCE,2000,10.674303
Oceania,OWID_OCE,2001,10.8722
Oceania,OWID_OCE,2002,10.127345
Oceania,OWID_OCE,2003,9.556548
Oceania,OWID_OCE,2004,9.124025
Oceania,OWID_OCE,2005,9.692542
Oceania,OWID_OCE,2006,9.379092
Oceania,OWID_OCE,2007,9.452524
Oceania,OWID_OCE,2008,9.826049
Oceania,OWID_OCE,2009,9.360579
Oceania,OWID_OCE,2010,9.748481
Oceania,OWID_OCE,2011,9.28001
Oceania,OWID_OCE,2012,9.729112
Oceania,OWID_OCE,2013,9.472957
Oceania,OWID_OCE,2014,10.123975
Oceania,OWID_OCE,2015,10.43296
Oceania,OWID_OCE,2016,9.809536
Oceania,OWID_OCE,2017,10.599023
Oceania,OWID_OCE,2018,10.175741
Oceania,OWID_OCE,2019,10.550448
Oceania,OWID_OCE,2020,9.8218355
Oceania,OWID_OCE,2021,9.83406
Oman,OMN,2000,2.5503
Oman,OMN,2001,2.5103984
Oman,OMN,2002,2.289517
Oman,OMN,2003,2.2815044
Oman,OMN,2004,2.1330545
Oman,OMN,2005,2.0855138
Oman,OMN,2006,1.9805273
Oman,OMN,2007,1.7267808
Oman,OMN,2008,1.6121569
Oman,OMN,2009,1.0823528
Oman,OMN,2010,1.8196094
Oman,OMN,2011,1.8610088
Oman,OMN,2012,1.7428824
Oman,OMN,2013,1.6570708
Oman,OMN,2014,1.7709553
Oman,OMN,2015,1.5486511
Oman,OMN,2016,1.6865695
Oman,OMN,2017,1.7517817
Oman,OMN,2018,1.8348496
Oman,OMN,2019,1.8195322
Oman,OMN,2020,1.2005895
Oman,OMN,2021,0.93577707
Pakistan,PAK,2000,8.88063
Pakistan,PAK,2001,8.858501
Pakistan,PAK,2002,8.932075
Pakistan,PAK,2003,8.734462
Pakistan,PAK,2004,8.759383
Pakistan,PAK,2005,8.647666
Pakistan,PAK,2006,8.493159
Pakistan,PAK,2007,8.197312
Pakistan,PAK,2008,8.043059
Pakistan,PAK,2009,7.8375597
Pakistan,PAK,2010,7.431905
Pakistan,PAK,2011,7.2872777
Pakistan,PAK,2012,7.356334
Pakistan,PAK,2013,6.828472
Pakistan,PAK,2014,7.190489
Pakistan,PAK,2015,7.2290645
Pakistan,PAK,2016,7.1677027
Pakistan,PAK,2017,7.1149716
Pakistan,PAK,2018,6.928196
Pakistan,PAK,2019,6.7774544
Pakistan,PAK,2020,6.1595607
Pakistan,PAK,2021,6.2842135
Palau,PLW,2000,17.309566
Palau,PLW,2001,18.154846
Palau,PLW,2002,17.976343
Palau,PLW,2003,15.149075
Palau,PLW,2004,20.062042
Palau,PLW,2005,18.748625
Palau,PLW,2006,19.639164
Palau,PLW,2007,18.508083
Palau,PLW,2008,18.48718
Palau,PLW,2009,19.08623
Palau,PLW,2010,18.549173
Palau,PLW,2011,15.233161
Palau,PLW,2012,15.370201
Palau,PLW,2013,15.671824
Palau,PLW,2014,15.3472395
Palau,PLW,2015,15.216228
Palau,PLW,2016,15.004169
Palau,PLW,2017,15.133854
Palau,PLW,2018,15.476281
Palau,PLW,2019,15.727437
Palau,PLW,2020,15.482391
Palau,PLW,2021,14.492434
Panama,PAN,2000,5.293683
Panama,PAN,2001,5.6263504
Panama,PAN,2002,5.617129
Panama,PAN,2003,6.2544947
Panama,PAN,2004,5.9322524
Panama,PAN,2005,5.2888646
Panama,PAN,2006,5.888376
Panama,PAN,2007,5.2217655
Panama,PAN,2008,5.503737
Panama,PAN,2009,5.111897
Panama,PAN,2010,4.1722927
Panama,PAN,2011,4.1025295
Panama,PAN,2012,3.7309246
Panama,PAN,2013,3.5489583
Panama,PAN,2014,4.1153564
Panama,PAN,2015,2.8693612
Panama,PAN,2016,3.2088878
Panama,PAN,2017,3.1041677
Panama,PAN,2018,2.8860338
Panama,PAN,2019,2.5696683
Panama,PAN,2020,2.4433358
Panama,PAN,2021,3.2643785
Papua New Guinea,PNG,2000,2.1888337
Papua New Guinea,PNG,2001,2.1438737
Papua New Guinea,PNG,2002,2.1805282
Papua New Guinea,PNG,2003,2.1028063
Papua New Guinea,PNG,2004,2.0902572
Papua New Guinea,PNG,2005,2.1026871
Papua New Guinea,PNG,2006,2.1077104
Papua New Guinea,PNG,2007,2.0767891
Papua New Guinea,PNG,2008,2.0427272
Papua New Guinea,PNG,2009,2.0232897
Papua New Guinea,PNG,2010,2.0995102
Papua New Guinea,PNG,2011,2.129347
Papua New Guinea,PNG,2012,2.0988538
Papua New Guinea,PNG,2013,2.1252966
Papua New Guinea,PNG,2014,2.3132715
Papua New Guinea,PNG,2015,2.3463628
Papua New Guinea,PNG,2016,2.3495507
Papua New Guinea,PNG,2017,2.2600398
Papua New Guinea,PNG,2018,2.313449
Papua New Guinea,PNG,2019,2.4025943
Papua New Guinea,PNG,2020,2.0369604
Papua New Guinea,PNG,2021,2.1212025
Paraguay,PRY,2000,3.9242954
Paraguay,PRY,2001,3.7892368
Paraguay,PRY,2002,4.047394
Paraguay,PRY,2003,4.0288954
Paraguay,PRY,2004,5.004914
Paraguay,PRY,2005,4.907152
Paraguay,PRY,2006,4.961074
Paraguay,PRY,2007,4.6870685
Paraguay,PRY,2008,4.2681503
Paraguay,PRY,2009,5.3654037
Paraguay,PRY,2010,4.4543853
Paraguay,PRY,2011,5.3850193
Paraguay,PRY,2012,5.429001
Paraguay,PRY,2013,5.7219615
Paraguay,PRY,2014,6.8064704
Paraguay,PRY,2015,6.5839124
Paraguay,PRY,2016,6.101815
Paraguay,PRY,2017,6.340747
Paraguay,PRY,2018,7.488168
Paraguay,PRY,2019,8.115375
Paraguay,PRY,2020,6.521315
Paraguay,PRY,2021,6.5738754
Peru,PER,2000,1.1066015
Peru,PER,2001,1.2871931
Peru,PER,2002,1.4842474
Peru,PER,2003,1.382579
Peru,PER,2004,1.1632328
Peru,PER,2005,0.79222333
Peru,PER,2006,1.0466833
Peru,PER,2007,1.5910231
Peru,PER,2008,1.5286489
Peru,PER,2009,0.60830903
Peru,PER,2010,1.1230445
Peru,PER,2011,2.1459281
Peru,PER,2012,2.582099
Peru,PER,2013,1.2946811
Peru,PER,2014,1.5367466
Peru,PER,2015,0.9615635
Peru,PER,2016,1.4120182
Peru,PER,2017,1.3901905
Peru,PER,2018,1.777267
Peru,PER,2019,2.1603594
Peru,PER,2020,1.4947755
Peru,PER,2021,1.5290875
Philippines,PHL,2000,2.633467
Philippines,PHL,2001,2.2233768
Philippines,PHL,2002,2.5094042
Philippines,PHL,2003,2.7841673
Philippines,PHL,2004,2.7185926
Philippines,PHL,2005,2.9438636
Philippines,PHL,2006,3.0330033
Philippines,PHL,2007,2.7185502
Philippines,PHL,2008,2.962778
Philippines,PHL,2009,3.4994898
Philippines,PHL,2010,3.6283805
Philippines,PHL,2011,4.235078
Philippines,PHL,2012,3.696426
Philippines,PHL,2013,3.5908089
Philippines,PHL,2014,3.4033163
Philippines,PHL,2015,4.1072392
Philippines,PHL,2016,3.8959022
Philippines,PHL,2017,4.295798
Philippines,PHL,2018,4.5114026
Philippines,PHL,2019,3.281231
Philippines,PHL,2020,3.7404566
Philippines,PHL,2021,4.2702603
Poland,POL,2000,15.507481
Poland,POL,2001,15.622334
Poland,POL,2002,15.551265
Poland,POL,2003,15.211295
Poland,POL,2004,15.569433
Poland,POL,2005,15.545199
Poland,POL,2006,14.827119
Poland,POL,2007,13.581587
Poland,POL,2008,14.765238
Poland,POL,2009,16.47262
Poland,POL,2010,15.8274975
Poland,POL,2011,15.292873
Poland,POL,2012,15.5818615
Poland,POL,2013,15.3119135
Poland,POL,2014,14.693521
Poland,POL,2015,13.305338
Poland,POL,2016,11.510221
Poland,POL,2017,11.129621
Poland,POL,2018,11.260192
Poland,POL,2019,11.563897
Poland,POL,2020,11.70847
Poland,POL,2021,11.537983
Portugal,PRT,2000,5.446715
Portugal,PRT,2001,6.5438676
Portugal,PRT,2002,9.302838
Portugal,PRT,2003,8.717206
Portugal,PRT,2004,7.520953
Portugal,PRT,2005,7.9341645
Portugal,PRT,2006,7.9062934
Portugal,PRT,2007,8.392483
Portugal,PRT,2008,8.64409
Portugal,PRT,2009,8.680973
Portugal,PRT,2010,8.848286
Portugal,PRT,2011,8.00954
Portugal,PRT,2012,8.547989
Portugal,PRT,2013,8.027176
Portugal,PRT,2014,9.282789
Portugal,PRT,2015,8.36638
Portugal,PRT,2016,7.428639
Portugal,PRT,2017,7.99318
Portugal,PRT,2018,7.5501637
Portugal,PRT,2019,7.699792
Portugal,PRT,2020,7.549456
Portugal,PRT,2021,7.10098
Qatar,QAT,2000,13.225566
Qatar,QAT,2001,13.600266
Qatar,QAT,2002,13.207727
Qatar,QAT,2003,11.724784
Qatar,QAT,2004,10.837125
Qatar,QAT,2005,10.439479
Qatar,QAT,2006,9.594435
Qatar,QAT,2007,9.387577
Qatar,QAT,2008,8.719703
Qatar,QAT,2009,8.553423
Qatar,QAT,2010,8.006837
Qatar,QAT,2011,7.3533583
Qatar,QAT,2012,6.8666162
Qatar,QAT,2013,6.434205
Qatar,QAT,2014,6.236237
Qatar,QAT,2015,6.0143876
Qatar,QAT,2016,6.1069713
Qatar,QAT,2017,5.9767632
Qatar,QAT,2018,5.82855
Qatar,QAT,2019,5.652794
Qatar,QAT,2020,4.369644
Qatar,QAT,2021,3.9293103
Romania,ROU,2000,11.2406025
Romania,ROU,2001,10.694402
Romania,ROU,2002,12.250989
Romania,ROU,2003,11.521435
Romania,ROU,2004,10.730074
Romania,ROU,2005,10.176796
Romania,ROU,2006,10.618238
Romania,ROU,2007,9.429301
Romania,ROU,2008,9.52319
Romania,ROU,2009,10.037068
Romania,ROU,2010,10.702266
Romania,ROU,2011,9.882432
Romania,ROU,2012,10.397778
Romania,ROU,2013,9.895806
Romania,ROU,2014,9.012977
Romania,ROU,2015,9.096021
Romania,ROU,2016,7.9468284
Romania,ROU,2017,7.891658
Romania,ROU,2018,7.7748246
Romania,ROU,2019,7.1475654
Romania,ROU,2020,7.3916306
Romania,ROU,2021,7.2279577
Russia,RUS,2000,47.600716
Russia,RUS,2001,46.043617
Russia,RUS,2002,44.614372
Russia,RUS,2003,42.97314
Russia,RUS,2004,41.160637
Russia,RUS,2005,39.02395
Russia,RUS,2006,35.675938
Russia,RUS,2007,34.08732
Russia,RUS,2008,32.96385
Russia,RUS,2009,31.691797
Russia,RUS,2010,30.748796
Russia,RUS,2011,29.698444
Russia,RUS,2012,28.850197
Russia,RUS,2013,28.22342
Russia,RUS,2014,27.946524
Russia,RUS,2015,26.672033
Russia,RUS,2016,25.829628
Russia,RUS,2017,23.209776
Russia,RUS,2018,21.897957
Russia,RUS,2019,20.634504
Russia,RUS,2020,17.569357
Russia,RUS,2021,17.82192
Rwanda,RWA,2000,29.844776
Rwanda,RWA,2001,27.770298
Rwanda,RWA,2002,25.95243
Rwanda,RWA,2003,23.285912
Rwanda,RWA,2004,20.665924
Rwanda,RWA,2005,19.050318
Rwanda,RWA,2006,18.149654
Rwanda,RWA,2007,17.652569
Rwanda,RWA,2008,17.153824
Rwanda,RWA,2009,16.49969
Rwanda,RWA,2010,16.234964
Rwanda,RWA,2011,15.998252
Rwanda,RWA,2012,15.451063
Rwanda,RWA,2013,14.6251335
Rwanda,RWA,2014,14.147876
Rwanda,RWA,2015,13.719696
Rwanda,RWA,2016,13.412543
Rwanda,RWA,2017,13.325622
Rwanda,RWA,2018,13.044092
Rwanda,RWA,2019,12.91662
Rwanda,RWA,2020,12.324955
Rwanda,RWA,2021,13.088232
Saint Kitts and Nevis,KNA,2000,3.4614067
Saint Kitts and Nevis,KNA,2001,3.1939554
Saint Kitts and Nevis,KNA,2002,2.9602304
Saint Kitts and Nevis,KNA,2003,2.7173338
Saint Kitts and Nevis,KNA,2004,2.713164
Saint Kitts and Nevis,KNA,2005,2.5411994
Saint Kitts and Nevis,KNA,2006,2.3795571
Saint Kitts and Nevis,KNA,2007,2.4155588
Saint Kitts and Nevis,KNA,2008,2.4652207
Saint Kitts and Nevis,KNA,2009,2.4611604
Saint Kitts and Nevis,KNA,2010,2.5748687
Saint Kitts and Nevis,KNA,2011,2.643414
Saint Kitts and Nevis,KNA,2012,2.6814122
Saint Kitts and Nevis,KNA,2013,2.6364908
Saint Kitts and Nevis,KNA,2014,2.4828727
Saint Kitts and Nevis,KNA,2015,2.3713155
Saint Kitts and Nevis,KNA,2016,2.2152948
Saint Kitts and Nevis,KNA,2017,2.2215965
Saint Kitts and Nevis,KNA,2018,2.2494302
Saint Kitts and Nevis,KNA,2019,2.2244697
Saint Kitts and Nevis,KNA,2020,2.1644998
Saint Kitts and Nevis,KNA,2021,1.8897654
Saint Lucia,LCA,2000,8.7564
Saint Lucia,LCA,2001,8.495258
Saint Lucia,LCA,2002,7.847547
Saint Lucia,LCA,2003,8.085867
Saint Lucia,LCA,2004,7.5200315
Saint Lucia,LCA,2005,7.419243
Saint Lucia,LCA,2006,7.496016
Saint Lucia,LCA,2007,6.9527392
Saint Lucia,LCA,2008,6.8104434
Saint Lucia,LCA,2009,6.797191
Saint Lucia,LCA,2010,7.5285497
Saint Lucia,LCA,2011,6.804067
Saint Lucia,LCA,2012,7.9727163
Saint Lucia,LCA,2013,7.168647
Saint Lucia,LCA,2014,7.13646
Saint Lucia,LCA,2015,7.30772
Saint Lucia,LCA,2016,6.9913545
Saint Lucia,LCA,2017,6.635149
Saint Lucia,LCA,2018,6.4079013
Saint Lucia,LCA,2019,6.637103
Saint Lucia,LCA,2020,6.6759734
Saint Lucia,LCA,2021,4.7970486
Saint Vincent and the Grenadines,VCT,2000,6.535328
Saint Vincent and the Grenadines,VCT,2001,5.747675
Saint Vincent and the Grenadines,VCT,2002,6.7631865
Saint Vincent and the Grenadines,VCT,2003,6.0866446
Saint Vincent and the Grenadines,VCT,2004,5.6750293
Saint Vincent and the Grenadines,VCT,2005,9.722528
Saint Vincent and the Grenadines,VCT,2006,6.087632
Saint Vincent and the Grenadines,VCT,2007,8.0708475
Saint Vincent and the Grenadines,VCT,2008,4.2276096
Saint Vincent and the Grenadines,VCT,2009,2.6298277
Saint Vincent and the Grenadines,VCT,2010,3.0082605
Saint Vincent and the Grenadines,VCT,2011,5.522027
Saint Vincent and the Grenadines,VCT,2012,5.430982
Saint Vincent and the Grenadines,VCT,2013,3.7824326
Saint Vincent and the Grenadines,VCT,2014,1.2353923
Saint Vincent and the Grenadines,VCT,2015,2.632637
Saint Vincent and the Grenadines,VCT,2016,0.53374493
Saint Vincent and the Grenadines,VCT,2017,0.0
Saint Vincent and the Grenadines,VCT,2018,0.0
Saint Vincent and the Grenadines,VCT,2019,0.23300746
Saint Vincent and the Grenadines,VCT,2020,0.2220189
Saint Vincent and the Grenadines,VCT,2021,0.2822239
Samoa,WSM,2000,14.070044
Samoa,WSM,2001,13.918747
Samoa,WSM,2002,13.707415
Samoa,WSM,2003,13.258259
Samoa,WSM,2004,12.582216
Samoa,WSM,2005,12.8176365
Samoa,WSM,2006,12.789805
Samoa,WSM,2007,12.713106
Samoa,WSM,2008,12.812323
Samoa,WSM,2009,11.024667
Samoa,WSM,2010,13.200517
Samoa,WSM,2011,13.601551
Samoa,WSM,2012,13.756107
Samoa,WSM,2013,13.097467
Samoa,WSM,2014,14.725973
Samoa,WSM,2015,15.126129
Samoa,WSM,2016,15.522017
Samoa,WSM,2017,15.478745
Samoa,WSM,2018,15.481726
Samoa,WSM,2019,15.557867
Samoa,WSM,2020,14.705805
Samoa,WSM,2021,15.097634
San Marino,SMR,2000,9.866439
San Marino,SMR,2001,8.152718
San Marino,SMR,2002,9.476027
San Marino,SMR,2003,8.445674
San Marino,SMR,2004,10.002329
San Marino,SMR,2005,7.6991205
San Marino,SMR,2006,8.737366
San Marino,SMR,2007,8.640987
San Marino,SMR,2008,10.444288
San Marino,SMR,2009,8.609538
San Marino,SMR,2010,11.129139
San Marino,SMR,2011,10.007122
San Marino,SMR,2012,9.679509
San Marino,SMR,2013,9.661928
San Marino,SMR,2014,9.617112
San Marino,SMR,2015,7.9706984
San Marino,SMR,2016,10.418644
San Marino,SMR,2017,8.056908
San Marino,SMR,2018,7.9507236
San Marino,SMR,2019,9.484912
San Marino,SMR,2020,9.301599
San Marino,SMR,2021,4.4824886
Sao Tome and Principe,STP,2000,1.4074517
Sao Tome and Principe,STP,2001,1.3975323
Sao Tome and Principe,STP,2002,1.4183161
Sao Tome and Principe,STP,2003,1.3985963
Sao Tome and Principe,STP,2004,1.3899161
Sao Tome and Principe,STP,2005,1.3351704
Sao Tome and Principe,STP,2006,1.364183
Sao Tome and Principe,STP,2007,1.3488516
Sao Tome and Principe,STP,2008,1.3201499
Sao Tome and Principe,STP,2009,1.3285402
Sao Tome and Principe,STP,2010,1.2939773
Sao Tome and Principe,STP,2011,1.2380117
Sao Tome and Principe,STP,2012,1.285973
Sao Tome and Principe,STP,2013,1.2642127
Sao Tome and Principe,STP,2014,1.2882866
Sao Tome and Principe,STP,2015,1.271497
Sao Tome and Principe,STP,2016,1.2811521
Sao Tome and Principe,STP,2017,1.2881486
Sao Tome and Principe,STP,2018,1.289285
Sao Tome and Principe,STP,2019,1.3003951
Sao Tome and Principe,STP,2020,1.2357378
Sao Tome and Principe,STP,2021,1.24983
Saudi Arabia,SAU,2000,4.3789515
Saudi Arabia,SAU,2001,4.474307
Saudi Arabia,SAU,2002,4.507959
Saudi Arabia,SAU,2003,4.334553
Saudi Arabia,SAU,2004,4.0697193
Saudi Arabia,SAU,2005,3.788047
Saudi Arabia,SAU,2006,3.476999
Saudi Arabia,SAU,2007,3.0850697
Saudi Arabia,SAU,2008,2.7159119
Saudi Arabia,SAU,2009,2.3951383
Saudi Arabia,SAU,2010,2.0842736
Saudi Arabia,SAU,2011,1.764446
Saudi Arabia,SAU,2012,1.555572
Saudi Arabia,SAU,2013,1.517175
Saudi Arabia,SAU,2014,1.5848395
Saudi Arabia,SAU,2015,1.5636382
Saudi Arabia,SAU,2016,1.5995779
Saudi Arabia,SAU,2017,1.7464986
Saudi Arabia,SAU,2018,1.8228513
Saudi Arabia,SAU,2019,1.8046416
Saudi Arabia,SAU,2020,1.7025936
Saudi Arabia,SAU,2021,1.6370491
Senegal,SEN,2000,12.308555
Senegal,SEN,2001,11.569546
Senegal,SEN,2002,11.174648
Senegal,SEN,2003,11.226313
Senegal,SEN,2004,11.029444
Senegal,SEN,2005,10.855016
Senegal,SEN,2006,10.567994
Senegal,SEN,2007,10.452896
Senegal,SEN,2008,10.869238
Senegal,SEN,2009,10.829686
Senegal,SEN,2010,10.49825
Senegal,SEN,2011,10.515849
Senegal,SEN,2012,10.744544
Senegal,SEN,2013,10.788242
Senegal,SEN,2014,10.939892
Senegal,SEN,2015,10.646886
Senegal,SEN,2016,10.586502
Senegal,SEN,2017,10.448715
Senegal,SEN,2018,10.272198
Senegal,SEN,2019,10.240876
Senegal,SEN,2020,10.166532
Senegal,SEN,2021,9.832162
Serbia,SRB,2000,18.796604
Serbia,SRB,2001,17.62677
Serbia,SRB,2002,18.122177
Serbia,SRB,2003,16.891632
Serbia,SRB,2004,16.552727
Serbia,SRB,2005,15.864628
Serbia,SRB,2006,15.329956
Serbia,SRB,2007,14.825669
Serbia,SRB,2008,14.146395
Serbia,SRB,2009,15.092928
Serbia,SRB,2010,12.708037
Serbia,SRB,2011,13.512285
Serbia,SRB,2012,13.650289
Serbia,SRB,2013,13.418308
Serbia,SRB,2014,12.436814
Serbia,SRB,2015,11.962077
Serbia,SRB,2016,10.974974
Serbia,SRB,2017,11.250569
Serbia,SRB,2018,10.477563
Serbia,SRB,2019,10.728772
Serbia,SRB,2020,10.377256
Serbia,SRB,2021,10.035039
Seychelles,SYC,2000,8.454223
Seychelles,SYC,2001,8.509418
Seychelles,SYC,2002,7.7582088
Seychelles,SYC,2003,7.8672395
Seychelles,SYC,2004,8.115381
Seychelles,SYC,2005,7.252818
Seychelles,SYC,2006,7.0468907
Seychelles,SYC,2007,6.496083
Seychelles,SYC,2008,6.668105
Seychelles,SYC,2009,6.29145
Seychelles,SYC,2010,6.433658
Seychelles,SYC,2011,6.474201
Seychelles,SYC,2012,6.3100457
Seychelles,SYC,2013,6.3095746
Seychelles,SYC,2014,6.390491
Seychelles,SYC,2015,6.2329416
Seychelles,SYC,2016,6.333904
Seychelles,SYC,2017,6.2211676
Seychelles,SYC,2018,6.2001452
Seychelles,SYC,2019,6.1458035
Seychelles,SYC,2020,5.126627
Seychelles,SYC,2021,3.2398932
Sierra Leone,SLE,2000,8.188925
Sierra Leone,SLE,2001,8.524779
Sierra Leone,SLE,2002,8.96814
Sierra Leone,SLE,2003,9.152525
Sierra Leone,SLE,2004,9.408412
Sierra Leone,SLE,2005,9.6059885
Sierra Leone,SLE,2006,9.575476
Sierra Leone,SLE,2007,10.02447
Sierra Leone,SLE,2008,10.219131
Sierra Leone,SLE,2009,10.311907
Sierra Leone,SLE,2010,10.471662
Sierra Leone,SLE,2011,10.238611
Sierra Leone,SLE,2012,10.235846
Sierra Leone,SLE,2013,9.899646
Sierra Leone,SLE,2014,9.631319
Sierra Leone,SLE,2015,9.621408
Sierra Leone,SLE,2016,10.067437
Sierra Leone,SLE,2017,10.269649
Sierra Leone,SLE,2018,10.37435
Sierra Leone,SLE,2019,10.279234
Sierra Leone,SLE,2020,9.392115
Sierra Leone,SLE,2021,10.10818
Singapore,SGP,2000,11.661608
Singapore,SGP,2001,10.770635
Singapore,SGP,2002,11.58597
Singapore,SGP,2003,11.535567
Singapore,SGP,2004,11.005953
Singapore,SGP,2005,10.321512
Singapore,SGP,2006,10.539315
Singapore,SGP,2007,9.641587
Singapore,SGP,2008,9.242985
Singapore,SGP,2009,9.3372135
Singapore,SGP,2010,8.766745
Singapore,SGP,2011,8.471005
Singapore,SGP,2012,9.740412
Singapore,SGP,2013,8.799884
Singapore,SGP,2014,8.876581
Singapore,SGP,2015,7.888475
Singapore,SGP,2016,7.857256
Singapore,SGP,2017,7.6289096
Singapore,SGP,2018,7.947445
Singapore,SGP,2019,7.582839
Singapore,SGP,2020,8.147171
Singapore,SGP,2021,7.5507407
Slovakia,SVK,2000,12.696816
Slovakia,SVK,2001,12.39138
Slovakia,SVK,2002,12.811856
Slovakia,SVK,2003,13.121395
Slovakia,SVK,2004,11.986739
Slovakia,SVK,2005,11.706208
Slovakia,SVK,2006,12.436287
Slovakia,SVK,2007,11.926641
Slovakia,SVK,2008,10.645192
Slovakia,SVK,2009,10.664283
Slovakia,SVK,2010,11.265115
Slovakia,SVK,2011,9.987709
Slovakia,SVK,2012,10.321218
Slovakia,SVK,2013,10.01474
Slovakia,SVK,2014,10.119114
Slovakia,SVK,2015,8.892177
Slovakia,SVK,2016,7.425525
Slovakia,SVK,2017,7.151869
Slovakia,SVK,2018,7.995659
Slovakia,SVK,2019,7.1164083
Slovakia,SVK,2020,7.0335684
Slovakia,SVK,2021,7.60301
Slovenia,SVN,2000,25.594294
Slovenia,SVN,2001,24.338182
Slovenia,SVN,2002,22.697742
Slovenia,SVN,2003,23.129042
Slovenia,SVN,2004,22.259127
Slovenia,SVN,2005,20.992142
Slovenia,SVN,2006,21.389437
Slovenia,SVN,2007,17.258995
Slovenia,SVN,2008,15.575716
Slovenia,SVN,2009,16.52875
Slovenia,SVN,2010,15.542575
Slovenia,SVN,2011,15.708822
Slovenia,SVN,2012,15.952198
Slovenia,SVN,2013,16.365068
Slovenia,SVN,2014,14.499713
Slovenia,SVN,2015,14.991407
Slovenia,SVN,2016,14.329233
Slovenia,SVN,2017,14.142324
Slovenia,SVN,2018,12.770775
Slovenia,SVN,2019,13.834593
Slovenia,SVN,2020,12.050185
Slovenia,SVN,2021,13.241739
Solomon Islands,SLB,2000,20.933842
Solomon Islands,SLB,2001,20.218403
Solomon Islands,SLB,2002,20.737846
Solomon Islands,SLB,2003,21.715816
Solomon Islands,SLB,2004,19.59843
Solomon Islands,SLB,2005,20.48999
Solomon Islands,SLB,2006,20.595718
Solomon Islands,SLB,2007,23.278255
Solomon Islands,SLB,2008,24.628906
Solomon Islands,SLB,2009,24.66864
Solomon Islands,SLB,2010,24.349651
Solomon Islands,SLB,2011,23.993908
Solomon Islands,SLB,2012,23.588345
Solomon Islands,SLB,2013,23.050114
Solomon Islands,SLB,2014,22.6655
Solomon Islands,SLB,2015,22.24446
Solomon Islands,SLB,2016,21.804125
Solomon Islands,SLB,2017,21.48574
Solomon Islands,SLB,2018,21.228485
Solomon Islands,SLB,2019,20.930542
Solomon Islands,SLB,2020,20.151112
Solomon Islands,SLB,2021,20.29633
Somalia,SOM,2000,16.462605
Somalia,SOM,2001,16.578434
Somalia,SOM,2002,16.550245
Somalia,SOM,2003,16.489847
Somalia,SOM,2004,16.617369
Somalia,SOM,2005,16.523573
Somalia,SOM,2006,16.346596
Somalia,SOM,2007,16.15762
Somalia,SOM,2008,16.368809
Somalia,SOM,2009,16.414253
Somalia,SOM,2010,15.533205
Somalia,SOM,2011,14.319003
Somalia,SOM,2012,15.609124
Somalia,SOM,2013,16.307981
Somalia,SOM,2014,16.149063
Somalia,SOM,2015,16.022707
Somalia,SOM,2016,15.884971
Somalia,SOM,2017,15.881613
Somalia,SOM,2018,15.829181
Somalia,SOM,2019,15.71607
Somalia,SOM,2020,16.136478
Somalia,SOM,2021,15.293374
South Africa,ZAF,2000,15.56253
South Africa,ZAF,2001,15.511885
South Africa,ZAF,2002,16.896694
South Africa,ZAF,2003,17.812527
South Africa,ZAF,2004,17.841114
South Africa,ZAF,2005,17.27477
South Africa,ZAF,2006,17.613287
South Africa,ZAF,2007,17.421814
South Africa,ZAF,2008,18.07196
South Africa,ZAF,2009,17.376816
South Africa,ZAF,2010,20.546257
South Africa,ZAF,2011,18.701904
South Africa,ZAF,2012,19.370527
South Africa,ZAF,2013,19.344545
South Africa,ZAF,2014,20.27071
South Africa,ZAF,2015,20.615084
South Africa,ZAF,2016,19.397564
South Africa,ZAF,2017,17.872341
South Africa,ZAF,2018,18.369331
South Africa,ZAF,2019,18.838646
South Africa,ZAF,2020,19.733845
South Africa,ZAF,2021,20.339663
South America,OWID_SAM,2000,5.94257
South America,OWID_SAM,2001,6.2743464
South America,OWID_SAM,2002,6.142411
South America,OWID_SAM,2003,6.0003753
South America,OWID_SAM,2004,5.867284
South America,OWID_SAM,2005,5.8789487
South America,OWID_SAM,2006,5.820033
South America,OWID_SAM,2007,5.9469767
South America,OWID_SAM,2008,6.08109
South America,OWID_SAM,2009,5.9729276
South America,OWID_SAM,2010,5.8004174
South America,OWID_SAM,2011,5.9927573
South America,OWID_SAM,2012,6.0939946
South America,OWID_SAM,2013,5.8327947
South America,OWID_SAM,2014,5.9745703
South America,OWID_SAM,2015,6.1054296
South America,OWID_SAM,2016,6.500526
South America,OWID_SAM,2017,6.6881413
South America,OWID_SAM,2018,6.59432
South America,OWID_SAM,2019,6.6036754
South America,OWID_SAM,2020,6.3069296
South America,OWID_SAM,2021,6.645201
South Korea,KOR,2000,14.497991
South Korea,KOR,2001,15.4214325
South Korea,KOR,2002,18.519316
South Korea,KOR,2003,23.14398
South Korea,KOR,2004,23.919458
South Korea,KOR,2005,24.77321
South Korea,KOR,2006,21.476526
South Korea,KOR,2007,23.957129
South Korea,KOR,2008,24.934183
South Korea,KOR,2009,29.443167
South Korea,KOR,2010,28.601473
South Korea,KOR,2011,28.554037
South Korea,KOR,2012,24.51243
South Korea,KOR,2013,24.21108
South Korea,KOR,2014,22.626781
South Korea,KOR,2015,21.268486
South Korea,KOR,2016,20.360012
South Korea,KOR,2017,19.139961
South Korea,KOR,2018,20.987661
South Korea,KOR,2019,21.018919
South Korea,KOR,2020,20.352154
South Korea,KOR,2021,20.546684
South Sudan,SSD,2000,10.821581
South Sudan,SSD,2001,10.225684
South Sudan,SSD,2002,9.8847885
South Sudan,SSD,2003,9.920304
South Sudan,SSD,2004,9.948673
South Sudan,SSD,2005,9.797057
South Sudan,SSD,2006,9.799172
South Sudan,SSD,2007,9.705711
South Sudan,SSD,2008,9.569638
South Sudan,SSD,2009,9.670408
South Sudan,SSD,2010,9.386844
South Sudan,SSD,2011,9.160895
South Sudan,SSD,2012,9.141479
South Sudan,SSD,2013,9.353482
South Sudan,SSD,2014,9.630489
South Sudan,SSD,2015,10.431681
South Sudan,SSD,2016,10.887675
South Sudan,SSD,2017,11.552424
South Sudan,SSD,2018,12.546592
South Sudan,SSD,2019,12.8451395
South Sudan,SSD,2020,13.331499
South Sudan,SSD,2021,13.034159
Spain,ESP,2000,6.522314
Spain,ESP,2001,6.0425315
Spain,ESP,2002,6.2765546
Spain,ESP,2003,6.3688045
Spain,ESP,2004,6.3837814
Spain,ESP,2005,5.9542265
Spain,ESP,2006,5.587611
Spain,ESP,2007,5.4099894
Spain,ESP,2008,5.801326
Spain,ESP,2009,5.66653
Spain,ESP,2010,5.0909576
Spain,ESP,2011,5.115058
Spain,ESP,2012,5.6450777
Spain,ESP,2013,6.1678367
Spain,ESP,2014,6.219254
Spain,ESP,2015,5.6649857
Spain,ESP,2016,5.567612
Spain,ESP,2017,5.7203794
Spain,ESP,2018,5.4896
Spain,ESP,2019,5.756246
Spain,ESP,2020,5.9683757
Spain,ESP,2021,6.143785
Sri Lanka,LKA,2000,40.22259
Sri Lanka,LKA,2001,34.513176
Sri Lanka,LKA,2002,30.470715
Sri Lanka,LKA,2003,28.560999
Sri Lanka,LKA,2004,25.510296
Sri Lanka,LKA,2005,25.599367
Sri Lanka,LKA,2006,24.233093
Sri Lanka,LKA,2007,22.106403
Sri Lanka,LKA,2008,21.272783
Sri Lanka,LKA,2009,19.032206
Sri Lanka,LKA,2010,17.333366
Sri Lanka,LKA,2011,18.085506
Sri Lanka,LKA,2012,16.91805
Sri Lanka,LKA,2013,15.628483
Sri Lanka,LKA,2014,14.449686
Sri Lanka,LKA,2015,14.021071
Sri Lanka,LKA,2016,14.182114
Sri Lanka,LKA,2017,14.104784
Sri Lanka,LKA,2018,14.215458
Sri Lanka,LKA,2019,14.591749
Sri Lanka,LKA,2020,11.279489
Sri Lanka,LKA,2021,13.284881
Sudan,SDN,2000,4.8357773
Sudan,SDN,2001,4.7747135
Sudan,SDN,2002,4.68616
Sudan,SDN,2003,4.5802064
Sudan,SDN,2004,4.504968
Sudan,SDN,2005,4.443988
Sudan,SDN,2006,4.3823133
Sudan,SDN,2007,4.3760724
Sudan,SDN,2008,4.3989396
Sudan,SDN,2009,4.6523094
Sudan,SDN,2010,4.3317337
Sudan,SDN,2011,4.583456
Sudan,SDN,2012,4.3809576
Sudan,SDN,2013,4.589872
Sudan,SDN,2014,4.4194927
Sudan,SDN,2015,4.3291373
Sudan,SDN,2016,4.23071
Sudan,SDN,2017,4.2069826
Sudan,SDN,2018,4.2134986
Sudan,SDN,2019,4.008385
Sudan,SDN,2020,3.6309576
Sudan,SDN,2021,3.7665453
Suriname,SUR,2000,24.797281
Suriname,SUR,2001,26.113546
Suriname,SUR,2002,26.18591
Suriname,SUR,2003,26.131037
Suriname,SUR,2004,25.074234
Suriname,SUR,2005,25.027601
Suriname,SUR,2006,25.044361
Suriname,SUR,2007,25.112686
Suriname,SUR,2008,25.361732
Suriname,SUR,2009,24.550175
Suriname,SUR,2010,26.019798
Suriname,SUR,2011,25.442455
Suriname,SUR,2012,25.990105
Suriname,SUR,2013,25.695858
Suriname,SUR,2014,25.749119
Suriname,SUR,2015,27.178986
Suriname,SUR,2016,27.336096
Suriname,SUR,2017,26.579973
Suriname,SUR,2018,27.051527
Suriname,SUR,2019,26.698742
Suriname,SUR,2020,28.692158
Suriname,SUR,2021,22.217293
Sweden,SWE,2000,11.978866
Sweden,SWE,2001,12.753545
Sweden,SWE,2002,12.750017
Sweden,SWE,2003,11.833299
Sweden,SWE,2004,11.989541
Sweden,SWE,2005,12.747346
Sweden,SWE,2006,12.313937
Sweden,SWE,2007,12.020689
Sweden,SWE,2008,12.366465
Sweden,SWE,2009,13.02074
Sweden,SWE,2010,11.849598
Sweden,SWE,2011,11.811386
Sweden,SWE,2012,12.187242
Sweden,SWE,2013,13.030455
Sweden,SWE,2014,12.380824
Sweden,SWE,2015,12.465504
Sweden,SWE,2016,11.55857
Sweden,SWE,2017,11.968756
Sweden,SWE,2018,12.491014
Sweden,SWE,2019,12.525349
Sweden,SWE,2020,11.408827
Sweden,SWE,2021,11.79787
Switzerland,CHE,2000,15.965837
Switzerland,CHE,2001,15.095237
Switzerland,CHE,2002,16.076847
Switzerland,CHE,2003,13.860049
Switzerland,CHE,2004,13.702416
Switzerland,CHE,2005,13.911523
Switzerland,CHE,2006,13.835847
Switzerland,CHE,2007,13.901984
Switzerland,CHE,2008,13.359044
Switzerland,CHE,2009,12.038303
Switzerland,CHE,2010,10.584547
Switzerland,CHE,2011,10.600649
Switzerland,CHE,2012,10.569198
Switzerland,CHE,2013,10.772676
Switzerland,CHE,2014,10.090806
Switzerland,CHE,2015,10.620992
Switzerland,CHE,2016,9.913528
Switzerland,CHE,2017,10.205728
Switzerland,CHE,2018,9.95402
Switzerland,CHE,2019,9.808062
Switzerland,CHE,2020,9.81094
Switzerland,CHE,2021,9.85224
Syria,SYR,2000,1.3059199
Syria,SYR,2001,1.2241942
Syria,SYR,2002,1.1747118
Syria,SYR,2003,1.0404522
Syria,SYR,2004,0.98492455
Syria,SYR,2005,0.9092106
Syria,SYR,2006,0.8302242
Syria,SYR,2007,0.7469288
Syria,SYR,2008,0.7157234
Syria,SYR,2009,0.6833589
Syria,SYR,2010,0.68148315
Syria,SYR,2011,0.68549794
Syria,SYR,2012,0.7061863
Syria,SYR,2013,0.7424457
Syria,SYR,2014,0.72569454
Syria,SYR,2015,0.7355183
Syria,SYR,2016,0.70711243
Syria,SYR,2017,0.7138872
Syria,SYR,2018,0.7245879
Syria,SYR,2019,0.7081003
Syria,SYR,2020,0.6517141
Syria,SYR,2021,0.65826976
Tajikistan,TJK,2000,5.0819755
Tajikistan,TJK,2001,4.730798
Tajikistan,TJK,2002,4.5230813
Tajikistan,TJK,2003,4.2756276
Tajikistan,TJK,2004,4.2267237
Tajikistan,TJK,2005,4.2325006
Tajikistan,TJK,2006,4.1658034
Tajikistan,TJK,2007,4.1479964
Tajikistan,TJK,2008,4.0630364
Tajikistan,TJK,2009,4.005889
Tajikistan,TJK,2010,3.9022012
Tajikistan,TJK,2011,3.8491654
Tajikistan,TJK,2012,3.8066373
Tajikistan,TJK,2013,3.7001615
Tajikistan,TJK,2014,3.660071
Tajikistan,TJK,2015,3.5803142
Tajikistan,TJK,2016,3.5000339
Tajikistan,TJK,2017,3.345972
Tajikistan,TJK,2018,3.2788007
Tajikistan,TJK,2019,3.1941106
Tajikistan,TJK,2020,2.8007684
Tajikistan,TJK,2021,3.0299838
Tanzania,TZA,2000,9.824517
Tanzania,TZA,2001,9.581681
Tanzania,TZA,2002,9.267163
Tanzania,TZA,2003,9.100451
Tanzania,TZA,2004,8.776119
Tanzania,TZA,2005,8.780203
Tanzania,TZA,2006,8.7446
Tanzania,TZA,2007,8.639947
Tanzania,TZA,2008,8.566001
Tanzania,TZA,2009,8.504339
Tanzania,TZA,2010,8.438191
Tanzania,TZA,2011,8.213898
Tanzania,TZA,2012,7.9359155
Tanzania,TZA,2013,7.836813
Tanzania,TZA,2014,7.691147
Tanzania,TZA,2015,7.713917
Tanzania,TZA,2016,7.7031746
Tanzania,TZA,2017,7.3335814
Tanzania,TZA,2018,7.7781262
Tanzania,TZA,2019,8.188424
Tanzania,TZA,2020,8.226039
Tanzania,TZA,2021,9.481181
Thailand,THA,2000,10.908734
Thailand,THA,2001,10.890469
Thailand,THA,2002,11.125433
Thailand,THA,2003,10.788014
Thailand,THA,2004,10.199813
Thailand,THA,2005,8.741932
Thailand,THA,2006,8.708934
Thailand,THA,2007,8.718367
Thailand,THA,2008,8.475328
Thailand,THA,2009,8.170602
Thailand,THA,2010,8.151334
Thailand,THA,2011,8.325861
Thailand,THA,2012,8.443581
Thailand,THA,2013,8.57989
Thailand,THA,2014,9.361828
Thailand,THA,2015,9.895438
Thailand,THA,2016,10.60476
Thailand,THA,2017,10.859578
Thailand,THA,2018,11.362351
Thailand,THA,2019,12.069653
Thailand,THA,2020,13.984091
Thailand,THA,2021,15.08431
Togo,TGO,2000,15.265334
Togo,TGO,2001,15.344485
Togo,TGO,2002,15.375572
Togo,TGO,2003,15.55988
Togo,TGO,2004,15.345265
Togo,TGO,2005,15.494451
Togo,TGO,2006,15.589606
Togo,TGO,2007,15.573479
Togo,TGO,2008,16.169582
Togo,TGO,2009,16.518305
Togo,TGO,2010,16.69404
Togo,TGO,2011,16.762304
Togo,TGO,2012,16.728333
Togo,TGO,2013,16.73464
Togo,TGO,2014,16.712912
Togo,TGO,2015,16.606346
Togo,TGO,2016,16.753119
Togo,TGO,2017,16.43332
Togo,TGO,2018,16.301897
Togo,TGO,2019,16.251726
Togo,TGO,2020,16.029745
Togo,TGO,2021,15.89414
Tonga,TON,2000,6.01167
Tonga,TON,2001,5.9181967
Tonga,TON,2002,5.756435
Tonga,TON,2003,5.761202
Tonga,TON,2004,5.7155833
Tonga,TON,2005,5.5874295
Tonga,TON,2006,5.5068192
Tonga,TON,2007,5.6236362
Tonga,TON,2008,5.229789
Tonga,TON,2009,5.4677567
Tonga,TON,2010,5.8854027
Tonga,TON,2011,5.771839
Tonga,TON,2012,5.6826196
Tonga,TON,2013,5.6892796
Tonga,TON,2014,5.7735505
Tonga,TON,2015,5.7642198
Tonga,TON,2016,5.093715
Tonga,TON,2017,5.458387
Tonga,TON,2018,5.428268
Tonga,TON,2019,5.3555408
Tonga,TON,2020,5.4056354
Tonga,TON,2021,5.617839
Trinidad and Tobago,TTO,2000,16.17233
Trinidad and Tobago,TTO,2001,15.453066
Trinidad and Tobago,TTO,2002,14.524426
Trinidad and Tobago,TTO,2003,12.838042
Trinidad and Tobago,TTO,2004,13.038639
Trinidad and Tobago,TTO,2005,11.428974
Trinidad and Tobago,TTO,2006,10.849549
Trinidad and Tobago,TTO,2007,10.87304
Trinidad and Tobago,TTO,2008,12.375307
Trinidad and Tobago,TTO,2009,11.15963
Trinidad and Tobago,TTO,2010,11.166371
Trinidad and Tobago,TTO,2011,10.574114
Trinidad and Tobago,TTO,2012,9.4964
Trinidad and Tobago,TTO,2013,10.825485
Trinidad and Tobago,TTO,2014,10.860147
Trinidad and Tobago,TTO,2015,10.924355
Trinidad and Tobago,TTO,2016,11.990488
Trinidad and Tobago,TTO,2017,12.344022
Trinidad and Tobago,TTO,2018,12.403422
Trinidad and Tobago,TTO,2019,12.43779
Trinidad and Tobago,TTO,2020,12.635587
Trinidad and Tobago,TTO,2021,11.92845
Tunisia,TUN,2000,3.2495954
Tunisia,TUN,2001,3.2430537
Tunisia,TUN,2002,3.2274127
Tunisia,TUN,2003,3.149729
Tunisia,TUN,2004,3.1925416
Tunisia,TUN,2005,3.1421556
Tunisia,TUN,2006,3.0740073
Tunisia,TUN,2007,2.9964738
Tunisia,TUN,2008,2.901468
Tunisia,TUN,2009,2.9622524
Tunisia,TUN,2010,3.0564682
Tunisia,TUN,2011,2.7406197
Tunisia,TUN,2012,2.6327171
Tunisia,TUN,2013,2.6348872
Tunisia,TUN,2014,2.5824058
Tunisia,TUN,2015,2.6283858
Tunisia,TUN,2016,2.5682387
Tunisia,TUN,2017,2.6759558
Tunisia,TUN,2018,2.7096643
Tunisia,TUN,2019,2.6184502
Tunisia,TUN,2020,1.8832915
Tunisia,TUN,2021,1.8793278
Turkey,TUR,2000,2.9042048
Turkey,TUR,2001,2.6746283
Turkey,TUR,2002,2.5707808
Turkey,TUR,2003,2.701408
Turkey,TUR,2004,2.7607503
Turkey,TUR,2005,2.8137784
Turkey,TUR,2006,2.8786116
Turkey,TUR,2007,2.8420172
Turkey,TUR,2008,2.8712676
Turkey,TUR,2009,3.0366154
Turkey,TUR,2010,3.0476859
Turkey,TUR,2011,3.0497332
Turkey,TUR,2012,3.122362
Turkey,TUR,2013,3.01734
Turkey,TUR,2014,3.1330276
Turkey,TUR,2015,3.0702724
Turkey,TUR,2016,3.1997044
Turkey,TUR,2017,3.1875129
Turkey,TUR,2018,3.178859
Turkey,TUR,2019,3.312337
Turkey,TUR,2020,2.7724068
Turkey,TUR,2021,2.4839587
Turkmenistan,TKM,2000,11.958367
Turkmenistan,TKM,2001,11.840991
Turkmenistan,TKM,2002,12.04021
Turkmenistan,TKM,2003,11.536209
Turkmenistan,TKM,2004,11.89999
Turkmenistan,TKM,2005,12.402216
Turkmenistan,TKM,2006,12.202205
Turkmenistan,TKM,2007,10.996559
Turkmenistan,TKM,2008,9.857289
Turkmenistan,TKM,2009,8.2344
Turkmenistan,TKM,2010,7.697365
Turkmenistan,TKM,2011,7.548193
Turkmenistan,TKM,2012,7.3827996
Turkmenistan,TKM,2013,7.378197
Turkmenistan,TKM,2014,7.5335317
Turkmenistan,TKM,2015,7.6381264
Turkmenistan,TKM,2016,7.3961716
Turkmenistan,TKM,2017,7.22567
Turkmenistan,TKM,2018,7.1119003
Turkmenistan,TKM,2019,7.0401397
Turkmenistan,TKM,2020,6.791114
Turkmenistan,TKM,2021,7.039357
Tuvalu,TUV,2000,21.902739
Tuvalu,TUV,2001,22.72117
Tuvalu,TUV,2002,22.022856
Tuvalu,TUV,2003,19.789986
Tuvalu,TUV,2004,19.920536
Tuvalu,TUV,2005,20.056742
Tuvalu,TUV,2006,19.651474
Tuvalu,TUV,2007,19.335907
Tuvalu,TUV,2008,19.537962
Tuvalu,TUV,2009,19.249264
Tuvalu,TUV,2010,19.539816
Tuvalu,TUV,2011,19.673416
Tuvalu,TUV,2012,19.197187
Tuvalu,TUV,2013,19.265251
Tuvalu,TUV,2014,19.19945
Tuvalu,TUV,2015,18.938398
Tuvalu,TUV,2016,18.613235
Tuvalu,TUV,2017,18.30837
Tuvalu,TUV,2018,18.355198
Tuvalu,TUV,2019,18.422699
Tuvalu,TUV,2020,33.576946
Tuvalu,TUV,2021,17.473352
Uganda,UGA,2000,13.02454
Uganda,UGA,2001,13.611225
Uganda,UGA,2002,13.479763
Uganda,UGA,2003,13.294387
Uganda,UGA,2004,12.966872
Uganda,UGA,2005,12.364182
Uganda,UGA,2006,11.759629
Uganda,UGA,2007,11.018751
Uganda,UGA,2008,10.7774315
Uganda,UGA,2009,10.387212
Uganda,UGA,2010,10.249148
Uganda,UGA,2011,10.372161
Uganda,UGA,2012,9.930636
Uganda,UGA,2013,9.656186
Uganda,UGA,2014,9.163413
Uganda,UGA,2015,8.709852
Uganda,UGA,2016,8.595233
Uganda,UGA,2017,8.360342
Uganda,UGA,2018,8.763175
Uganda,UGA,2019,9.38147
Uganda,UGA,2020,9.149042
Uganda,UGA,2021,10.22797
Ukraine,UKR,2000,30.37946
Ukraine,UKR,2001,27.811049
Ukraine,UKR,2002,26.979147
Ukraine,UKR,2003,25.746363
Ukraine,UKR,2004,24.455288
Ukraine,UKR,2005,25.134396
Ukraine,UKR,2006,23.331001
Ukraine,UKR,2007,23.683313
Ukraine,UKR,2008,23.075438
Ukraine,UKR,2009,21.086163
Ukraine,UKR,2010,20.044563
Ukraine,UKR,2011,19.31983
Ukraine,UKR,2012,19.617807
Ukraine,UKR,2013,19.459301
Ukraine,UKR,2014,20.874672
Ukraine,UKR,2015,18.124504
Ukraine,UKR,2016,17.23354
Ukraine,UKR,2017,17.576294
Ukraine,UKR,2018,19.00163
Ukraine,UKR,2019,18.76001
Ukraine,UKR,2020,17.53076
Ukraine,UKR,2021,16.663374
United Arab Emirates,ARE,2000,2.4459608
United Arab Emirates,ARE,2001,2.3803582
United Arab Emirates,ARE,2002,2.2741444
United Arab Emirates,ARE,2003,2.159093
United Arab Emirates,ARE,2004,2.185535
United Arab Emirates,ARE,2005,2.1985455
United Arab Emirates,ARE,2006,2.1235888
United Arab Emirates,ARE,2007,1.8298402
United Arab Emirates,ARE,2008,1.894253
United Arab Emirates,ARE,2009,2.0204406
United Arab Emirates,ARE,2010,2.1525142
United Arab Emirates,ARE,2011,2.2212644
United Arab Emirates,ARE,2012,2.2556007
United Arab Emirates,ARE,2013,2.182099
United Arab Emirates,ARE,2014,2.0779865
United Arab Emirates,ARE,2015,2.0750241
United Arab Emirates,ARE,2016,2.0098822
United Arab Emirates,ARE,2017,2.0837324
United Arab Emirates,ARE,2018,2.0997462
United Arab Emirates,ARE,2019,2.051837
United Arab Emirates,ARE,2020,2.0716019
United Arab Emirates,ARE,2021,1.6960113
United Kingdom,GBR,2000,7.7045097
United Kingdom,GBR,2001,7.4405375
United Kingdom,GBR,2002,7.45802
United Kingdom,GBR,2003,7.136531
United Kingdom,GBR,2004,7.3023567
United Kingdom,GBR,2005,7.01293
United Kingdom,GBR,2006,6.941767
United Kingdom,GBR,2007,6.679863
United Kingdom,GBR,2008,7.203209
United Kingdom,GBR,2009,7.122416
United Kingdom,GBR,2010,6.967379
United Kingdom,GBR,2011,7.5306683
United Kingdom,GBR,2012,7.4633694
United Kingdom,GBR,2013,7.7584033
United Kingdom,GBR,2014,7.5751634
United Kingdom,GBR,2015,7.688509
United Kingdom,GBR,2016,7.457238
United Kingdom,GBR,2017,7.209594
United Kingdom,GBR,2018,8.333758
United Kingdom,GBR,2019,8.644987
United Kingdom,GBR,2020,8.097431
United Kingdom,GBR,2021,8.70339
United States,USA,2000,9.9809065
United States,USA,2001,10.319547
United States,USA,2002,10.552624
United States,USA,2003,10.437923
United States,USA,2004,10.617018
United States,USA,2005,10.471532
United States,USA,2006,10.586894
United States,USA,2007,10.873125
United States,USA,2008,11.149315
United States,USA,2009,11.283926
United States,USA,2010,11.59923
United States,USA,2011,11.820439
United States,USA,2012,11.984915
United States,USA,2013,11.968681
United States,USA,2014,12.303443
United States,USA,2015,12.61917
United States,USA,2016,12.839669
United States,USA,2017,13.394619
United States,USA,2018,13.508058
United States,USA,2019,13.186432
United States,USA,2020,13.218744
United States,USA,2021,13.879059
Uruguay,URY,2000,14.759823
Uruguay,URY,2001,13.421533
Uruguay,URY,2002,18.253792
Uruguay,URY,2003,14.378086
Uruguay,URY,2004,14.062113
Uruguay,URY,2005,13.467918
Uruguay,URY,2006,13.998571
Uruguay,URY,2007,16.011917
Uruguay,URY,2008,13.702029
Uruguay,URY,2009,13.5752
Uruguay,URY,2010,14.457492
Uruguay,URY,2011,15.208025
Uruguay,URY,2012,16.345469
Uruguay,URY,2013,14.362546
Uruguay,URY,2014,16.112232
Uruguay,URY,2015,16.918114
Uruguay,URY,2016,19.012367
Uruguay,URY,2017,18.889868
Uruguay,URY,2018,20.931293
Uruguay,URY,2019,21.250769
Uruguay,URY,2020,20.770073
Uruguay,URY,2021,22.210175
Uzbekistan,UZB,2000,17.670675
Uzbekistan,UZB,2001,17.039804
Uzbekistan,UZB,2002,16.766735
Uzbekistan,UZB,2003,15.655943
Uzbekistan,UZB,2004,14.799307
Uzbekistan,UZB,2005,15.209538
Uzbekistan,UZB,2006,13.889506
Uzbekistan,UZB,2007,13.1942005
Uzbekistan,UZB,2008,12.648493
Uzbekistan,UZB,2009,12.006612
Uzbekistan,UZB,2010,11.627308
Uzbekistan,UZB,2011,11.400793
Uzbekistan,UZB,2012,11.70086
Uzbekistan,UZB,2013,11.596472
Uzbekistan,UZB,2014,11.848186
Uzbekistan,UZB,2015,12.452696
Uzbekistan,UZB,2016,12.569487
Uzbekistan,UZB,2017,12.005913
Uzbekistan,UZB,2018,11.091223
Uzbekistan,UZB,2019,10.574451
Uzbekistan,UZB,2020,9.140276
Uzbekistan,UZB,2021,8.91342
Vanuatu,VUT,2000,21.284887
Vanuatu,VUT,2001,21.048567
Vanuatu,VUT,2002,20.743692
Vanuatu,VUT,2003,20.543667
Vanuatu,VUT,2004,20.210104
Vanuatu,VUT,2005,19.917942
Vanuatu,VUT,2006,20.340738
Vanuatu,VUT,2007,20.03541
Vanuatu,VUT,2008,19.69462
Vanuatu,VUT,2009,19.86565
Vanuatu,VUT,2010,19.443647
Vanuatu,VUT,2011,19.595552
Vanuatu,VUT,2012,19.652431
Vanuatu,VUT,2013,19.370607
Vanuatu,VUT,2014,18.901379
Vanuatu,VUT,2015,18.907198
Vanuatu,VUT,2016,18.792044
Vanuatu,VUT,2017,18.86727
Vanuatu,VUT,2018,18.891695
Vanuatu,VUT,2019,18.996378
Vanuatu,VUT,2020,18.27585
Vanuatu,VUT,2021,18.780037
Venezuela,VEN,2000,7.374473
Venezuela,VEN,2001,7.5340033
Venezuela,VEN,2002,7.109131
Venezuela,VEN,2003,7.377954
Venezuela,VEN,2004,6.8004637
Venezuela,VEN,2005,6.3741345
Venezuela,VEN,2006,6.270385
Venezuela,VEN,2007,6.1435614
Venezuela,VEN,2008,6.222965
Venezuela,VEN,2009,6.1837673
Venezuela,VEN,2010,6.263198
Venezuela,VEN,2011,6.443192
Venezuela,VEN,2012,6.3542166
Venezuela,VEN,2013,6.0256147
Venezuela,VEN,2014,5.796008
Venezuela,VEN,2015,6.2252226
Venezuela,VEN,2016,10.481788
Venezuela,VEN,2017,8.140386
Venezuela,VEN,2018,7.5947895
Venezuela,VEN,2019,7.370604
Venezuela,VEN,2020,7.4971905
Venezuela,VEN,2021,8.821515
Vietnam,VNM,2000,7.21806
Vietnam,VNM,2001,7.220595
Vietnam,VNM,2002,7.226273
Vietnam,VNM,2003,7.1858077
Vietnam,VNM,2004,7.2474484
Vietnam,VNM,2005,7.288731
Vietnam,VNM,2006,7.300063
Vietnam,VNM,2007,7.4161925
Vietnam,VNM,2008,7.544915
Vietnam,VNM,2009,7.6378202
Vietnam,VNM,2010,7.7608857
Vietnam,VNM,2011,7.748663
Vietnam,VNM,2012,7.7745724
Vietnam,VNM,2013,7.7849536
Vietnam,VNM,2014,7.858194
Vietnam,VNM,2015,7.9344234
Vietnam,VNM,2016,7.832501
Vietnam,VNM,2017,7.6666117
Vietnam,VNM,2018,7.6212244
Vietnam,VNM,2019,7.6184196
Vietnam,VNM,2020,6.885008
Vietnam,VNM,2021,7.2323165
World,OWID_WRL,2000,13.626343
World,OWID_WRL,2001,13.183542
World,OWID_WRL,2002,13.036289
World,OWID_WRL,2003,12.891957
World,OWID_WRL,2004,12.689718
World,OWID_WRL,2005,12.353321
World,OWID_WRL,2006,11.81718
World,OWID_WRL,2007,11.497938
World,OWID_WRL,2008,11.297209
World,OWID_WRL,2009,11.101283
World,OWID_WRL,2010,10.894027
World,OWID_WRL,2011,10.6465
World,OWID_WRL,2012,10.384171
World,OWID_WRL,2013,10.162778
World,OWID_WRL,2014,9.958967
World,OWID_WRL,2015,9.722083
World,OWID_WRL,2016,9.559817
World,OWID_WRL,2017,9.497429
World,OWID_WRL,2018,9.389958
World,OWID_WRL,2019,9.218698
World,OWID_WRL,2020,8.797667
World,OWID_WRL,2021,8.819593
Yemen,YEM,2000,7.422038
Yemen,YEM,2001,7.2751284
Yemen,YEM,2002,7.0851107
Yemen,YEM,2003,6.7707424
Yemen,YEM,2004,6.4712467
Yemen,YEM,2005,6.4023128
Yemen,YEM,2006,6.06685
Yemen,YEM,2007,6.33183
Yemen,YEM,2008,6.241684
Yemen,YEM,2009,6.023427
Yemen,YEM,2010,5.794762
Yemen,YEM,2011,5.5573096
Yemen,YEM,2012,5.415994
Yemen,YEM,2013,5.3236647
Yemen,YEM,2014,5.2849336
Yemen,YEM,2015,5.124882
Yemen,YEM,2016,5.251394
Yemen,YEM,2017,5.132993
Yemen,YEM,2018,5.0023313
Yemen,YEM,2019,4.79554
Yemen,YEM,2020,4.4780016
Yemen,YEM,2021,4.7128134
Zambia,ZMB,2000,13.110368
Zambia,ZMB,2001,12.906497
Zambia,ZMB,2002,12.932304
Zambia,ZMB,2003,12.06194
Zambia,ZMB,2004,12.309802
Zambia,ZMB,2005,12.008969
Zambia,ZMB,2006,12.235967
Zambia,ZMB,2007,11.952831
Zambia,ZMB,2008,11.775604
Zambia,ZMB,2009,11.465967
Zambia,ZMB,2010,11.637589
Zambia,ZMB,2011,11.529242
Zambia,ZMB,2012,11.294392
Zambia,ZMB,2013,10.907879
Zambia,ZMB,2014,10.66896
Zambia,ZMB,2015,10.652452
Zambia,ZMB,2016,10.367569
Zambia,ZMB,2017,10.37211
Zambia,ZMB,2018,10.233345
Zambia,ZMB,2019,10.626126
Zambia,ZMB,2020,11.511997
Zambia,ZMB,2021,12.812294
Zimbabwe,ZWE,2000,17.78956
Zimbabwe,ZWE,2001,18.824253
Zimbabwe,ZWE,2002,19.858788
Zimbabwe,ZWE,2003,20.48987
Zimbabwe,ZWE,2004,20.65118
Zimbabwe,ZWE,2005,20.233013
Zimbabwe,ZWE,2006,19.91352
Zimbabwe,ZWE,2007,19.408457
Zimbabwe,ZWE,2008,19.98595
Zimbabwe,ZWE,2009,18.757444
Zimbabwe,ZWE,2010,20.728355
Zimbabwe,ZWE,2011,21.68553
Zimbabwe,ZWE,2012,21.7135
Zimbabwe,ZWE,2013,22.096712
Zimbabwe,ZWE,2014,22.171911
Zimbabwe,ZWE,2015,22.920153
Zimbabwe,ZWE,2016,23.850416
Zimbabwe,ZWE,2017,23.684412
Zimbabwe,ZWE,2018,24.847534
Zimbabwe,ZWE,2019,23.951984
Zimbabwe,ZWE,2020,23.8313
Zimbabwe,ZWE,2021,25.762676
